 -5.08277E-03, -5.22473E-03, -5.36946E-03, -5.51679E-03, -5.66650E-03, -5.81836E-03, -5.97207E-03, -6.12729E-03, -6.28365E-03, -6.44070E-03, -6.59793E-03, -6.75481E-03, -6.91068E-03, -7.06488E-03, -7.21663E-03, -7.36510E-03, -7.50938E-03, -7.64849E-03, -7.78138E-03, -7.90694E-03, -8.02397E-03, -8.13125E-03, -8.22748E-03, -8.31133E-03, -8.38145E-03, -8.43647E-03, -8.47504E-03, -8.49583E-03, -8.49754E-03, -8.47897E-03, -8.43898E-03, -8.37657E-03, -8.29088E-03, -8.18121E-03, -8.04706E-03, -7.88814E-03, -7.70440E-03, -7.49603E-03, -7.26352E-03, -7.00761E-03, -6.72934E-03, -6.43005E-03, -6.11134E-03, -5.77512E-03, -5.42355E-03, -5.05902E-03, -4.68416E-03, -4.30177E-03, -3.91476E-03, -3.52618E-03, -3.13907E-03, -2.75647E-03, -2.38134E-03, -2.01650E-03, -1.66456E-03, -1.32790E-03, -1.00860E-03, -7.08399E-04, -4.28695E-04, -1.70518E-04,  6.54740E-05,  2.78978E-04,  4.70032E-04,  6.38980E-04,  7.86442E-04,  9.13270E-04,  1.02051E-03,  1.10935E-03,  1.18109E-03,  1.23710E-03,  1.27878E-03,  1.30752E-03,  1.32472E-03,  1.33170E-03,  1.32973E-03,  1.32001E-03,  1.30366E-03,  1.28170E-03,  1.25508E-03,  1.22465E-03,  1.19117E-03,  1.15532E-03,  1.11770E-03,  1.07883E-03,  1.03919E-03,  9.99157E-04,
 -5.17098E-03, -5.31924E-03, -5.47063E-03, -5.62499E-03, -5.78212E-03, -5.94176E-03, -6.10365E-03, -6.26744E-03, -6.43274E-03, -6.59911E-03, -6.76603E-03, -6.93292E-03, -7.09913E-03, -7.26395E-03, -7.42656E-03, -7.58607E-03, -7.74153E-03, -7.89188E-03, -8.03599E-03, -8.17264E-03, -8.30055E-03, -8.41835E-03, -8.52463E-03, -8.61793E-03, -8.69673E-03, -8.75952E-03, -8.80476E-03, -8.83096E-03, -8.83666E-03, -8.82046E-03, -8.78108E-03, -8.71734E-03, -8.62824E-03, -8.51294E-03, -8.37083E-03, -8.20153E-03, -8.00492E-03, -7.78117E-03, -7.53075E-03, -7.25445E-03, -6.95339E-03, -6.62900E-03, -6.28307E-03, -5.91770E-03, -5.53529E-03, -5.13854E-03, -4.73038E-03, -4.31398E-03, -3.89268E-03, -3.46989E-03, -3.04913E-03, -2.63385E-03, -2.22744E-03, -1.83312E-03, -1.45386E-03, -1.09236E-03, -7.50968E-04, -4.31620E-04, -1.35842E-04,  1.35280E-04,  3.81099E-04,  6.01390E-04,  7.96324E-04,  9.66432E-04,  1.11255E-03,  1.23580E-03,  1.33747E-03,  1.41905E-03,  1.48210E-03,  1.52826E-03,  1.55918E-03,  1.57650E-03,  1.58181E-03,  1.57664E-03,  1.56241E-03,  1.54047E-03,  1.51205E-03,  1.47828E-03,  1.44018E-03,  1.39866E-03,  1.35453E-03,  1.30849E-03,  1.26118E-03,  1.21312E-03,  1.16479E-03,  1.11656E-03,
 -5.25782E-03, -5.41253E-03, -5.57075E-03, -5.73232E-03, -5.89708E-03, -6.06477E-03, -6.23512E-03, -6.40779E-03, -6.58240E-03, -6.75849E-03, -6.93554E-03, -7.11294E-03, -7.29004E-03, -7.46607E-03, -7.64017E-03, -7.81143E-03, -7.97880E-03, -8.14116E-03, -8.29730E-03, -8.44590E-03, -8.58555E-03, -8.71477E-03, -8.83201E-03, -8.93564E-03, -9.02399E-03, -9.09536E-03, -9.14804E-03, -9.18033E-03, -9.19059E-03, -9.17722E-03, -9.13874E-03, -9.07380E-03, -8.98121E-03, -8.86000E-03, -8.70940E-03, -8.52894E-03, -8.31840E-03, -8.07793E-03, -7.80797E-03, -7.50934E-03, -7.18325E-03, -6.83125E-03, -6.45530E-03, -6.05771E-03, -5.64116E-03, -5.20867E-03, -4.76356E-03, -4.30939E-03, -3.84995E-03, -3.38916E-03, -2.93102E-03, -2.47950E-03, -2.03848E-03, -1.61166E-03, -1.20244E-03, -8.13910E-04, -4.48699E-04, -1.08984E-04,  2.03570E-04,  4.87827E-04,  7.43169E-04,  9.69485E-04,  1.16713E-03,  1.33686E-03,  1.47981E-03,  1.59740E-03,  1.69126E-03,  1.76321E-03,  1.81515E-03,  1.84902E-03,  1.86677E-03,  1.87032E-03,  1.86148E-03,  1.84199E-03,  1.81347E-03,  1.77741E-03,  1.73516E-03,  1.68796E-03,  1.63690E-03,  1.58293E-03,  1.52692E-03,  1.46960E-03,  1.41160E-03,  1.35347E-03,  1.29565E-03,  1.23852E-03,
 -5.34295E-03, -5.50421E-03, -5.66940E-03, -5.83837E-03, -6.01094E-03, -6.18691E-03, -6.36599E-03, -6.54786E-03, -6.73212E-03, -6.91833E-03, -7.10595E-03, -7.29436E-03, -7.48288E-03, -7.67071E-03, -7.85696E-03, -8.04065E-03, -8.22069E-03, -8.39587E-03, -8.56488E-03, -8.72630E-03, -8.87862E-03, -9.02020E-03, -9.14933E-03, -9.26423E-03, -9.36304E-03, -9.44387E-03, -9.50480E-03, -9.54392E-03, -9.55935E-03, -9.54929E-03, -9.51203E-03, -9.44602E-03, -9.34987E-03, -9.22242E-03, -9.06275E-03, -8.87025E-03, -8.64463E-03, -8.38594E-03, -8.09463E-03, -7.77154E-03, -7.41794E-03, -7.03552E-03, -6.62641E-03, -6.19318E-03, -5.73879E-03, -5.26662E-03, -4.78040E-03, -4.28418E-03, -3.78226E-03, -3.27914E-03, -2.77938E-03, -2.28756E-03, -1.80817E-03, -1.34544E-03, -9.03321E-04, -4.85316E-04, -9.44321E-05,  2.66899E-04,  5.96858E-04,  8.94264E-04,  1.15856E-03,  1.38980E-03,  1.58856E-03,  1.75592E-03,  1.89338E-03,  2.00273E-03,  2.08603E-03,  2.14549E-03,  2.18340E-03,  2.20208E-03,  2.20383E-03,  2.19086E-03,  2.16526E-03,  2.12900E-03,  2.08389E-03,  2.03158E-03,  1.97355E-03,  1.91112E-03,  1.84546E-03,  1.77759E-03,  1.70839E-03,  1.63860E-03,  1.56887E-03,  1.49972E-03,  1.43159E-03,  1.36485E-03,
 -5.42596E-03, -5.59388E-03, -5.76615E-03, -5.94266E-03, -6.12324E-03, -6.30770E-03, -6.49575E-03, -6.68710E-03, -6.88135E-03, -7.07805E-03, -7.27666E-03, -7.47656E-03, -7.67703E-03, -7.87725E-03, -8.07630E-03, -8.27313E-03, -8.46659E-03, -8.65540E-03, -8.83815E-03, -9.01331E-03, -9.17923E-03, -9.33414E-03, -9.47616E-03, -9.60331E-03, -9.71355E-03, -9.80476E-03, -9.87480E-03, -9.92151E-03, -9.94277E-03, -9.93652E-03, -9.90082E-03, -9.83386E-03, -9.73404E-03, -9.59997E-03, -9.43058E-03, -9.22507E-03, -8.98305E-03, -8.70450E-03, -8.38982E-03, -8.03988E-03, -7.65602E-03, -7.24005E-03, -6.79429E-03, -6.32157E-03, -5.82517E-03, -5.30887E-03, -4.77687E-03, -4.23375E-03, -3.68441E-03, -3.13399E-03, -2.58776E-03, -2.05102E-03, -1.52894E-03, -1.02645E-03, -5.48096E-04, -9.79293E-05,  3.20623E-04,  7.04826E-04,  1.05270E-03,  1.36302E-03,  1.63535E-03,  1.86994E-03,  2.06770E-03,  2.23013E-03,  2.35914E-03,  2.45705E-03,  2.52639E-03,  2.56988E-03,  2.59028E-03,  2.59035E-03,  2.57277E-03,  2.54010E-03,  2.49475E-03,  2.43891E-03,  2.37461E-03,  2.30366E-03,  2.22767E-03,  2.14805E-03,  2.06604E-03,  1.98268E-03,  1.89887E-03,  1.81536E-03,  1.73279E-03,  1.65166E-03,  1.57237E-03,  1.49526E-03,
 -5.50644E-03, -5.68109E-03, -5.86054E-03, -6.04471E-03, -6.23345E-03, -6.42657E-03, -6.62383E-03, -6.82492E-03, -7.02946E-03, -7.23700E-03, -7.44701E-03, -7.65885E-03, -7.87179E-03, -8.08497E-03, -8.29745E-03, -8.50812E-03, -8.71576E-03, -8.91902E-03, -9.11639E-03, -9.30621E-03, -9.48671E-03, -9.65595E-03, -9.81187E-03, -9.95231E-03, -1.00750E-02, -1.01775E-02, -1.02576E-02, -1.03127E-02, -1.03404E-02, -1.03385E-02, -1.03047E-02, -1.02369E-02, -1.01332E-02, -9.99210E-03, -9.81221E-03, -9.59260E-03, -9.33271E-03, -9.03244E-03, -8.69214E-03, -8.31269E-03, -7.89547E-03, -7.44245E-03, -6.95614E-03, -6.43962E-03, -5.89653E-03, -5.33107E-03, -4.74797E-03, -4.15242E-03, -3.55000E-03, -2.94661E-03, -2.34835E-03, -1.76135E-03, -1.19164E-03, -6.44967E-04, -1.26630E-04,  3.58685E-04,  8.07039E-04,  1.21535E-03,  1.58144E-03,  1.90411E-03,  2.18306E-03,  2.41884E-03,  2.61281E-03,  2.76696E-03,  2.88381E-03,  2.96627E-03,  3.01750E-03,  3.04081E-03,  3.03952E-03,  3.01691E-03,  2.97610E-03,  2.92005E-03,  2.85149E-03,  2.77289E-03,  2.68648E-03,  2.59424E-03,  2.49790E-03,  2.39895E-03,  2.29866E-03,  2.19811E-03,  2.09820E-03,  1.99966E-03,  1.90310E-03,  1.80897E-03,  1.71766E-03,  1.62943E-03,
 -5.58395E-03, -5.76536E-03, -5.95206E-03, -6.14398E-03, -6.34100E-03, -6.54294E-03, -6.74958E-03, -6.96064E-03, -7.17575E-03, -7.39446E-03, -7.61623E-03, -7.84044E-03, -8.06633E-03, -8.29303E-03, -8.51955E-03, -8.74475E-03, -8.96733E-03, -9.18585E-03, -9.39871E-03, -9.60413E-03, -9.80019E-03, -9.98477E-03, -1.01556E-02, -1.03104E-02, -1.04465E-02, -1.05614E-02, -1.06524E-02, -1.07167E-02, -1.07516E-02, -1.07545E-02, -1.07228E-02, -1.06542E-02, -1.05465E-02, -1.03978E-02, -1.02065E-02, -9.97148E-03, -9.69205E-03, -9.36795E-03, -8.99949E-03, -8.58752E-03, -8.13351E-03, -7.63952E-03, -7.10826E-03, -6.54310E-03, -5.94803E-03, -5.32774E-03, -4.68750E-03, -4.03320E-03, -3.37120E-03, -2.70831E-03, -2.05157E-03, -1.40814E-03, -7.85091E-04, -1.89162E-04,  3.73433E-04,  8.97219E-04,  1.37764E-03,  1.81121E-03,  2.19557E-03,  2.52953E-03,  2.81302E-03,  3.04705E-03,  3.23352E-03,  3.37511E-03,  3.47508E-03,  3.53710E-03,  3.56510E-03,  3.56312E-03,  3.53514E-03,  3.48502E-03,  3.41643E-03,  3.33273E-03,  3.23701E-03,  3.13204E-03,  3.02026E-03,  2.90379E-03,  2.78446E-03,  2.66384E-03,  2.54322E-03,  2.42367E-03,  2.30608E-03,  2.19114E-03,  2.07940E-03,  1.97126E-03,  1.86703E-03,  1.76692E-03,
 -5.65801E-03, -5.84620E-03, -6.04018E-03, -6.23990E-03, -6.44528E-03, -6.65615E-03, -6.87233E-03, -7.09354E-03, -7.31944E-03, -7.54960E-03, -7.78347E-03, -8.02044E-03, -8.25974E-03, -8.50048E-03, -8.74162E-03, -8.98200E-03, -9.22024E-03, -9.45482E-03, -9.68403E-03, -9.90598E-03, -1.01186E-02, -1.03195E-02, -1.05064E-02, -1.06765E-02, -1.08271E-02, -1.09553E-02, -1.10581E-02, -1.11324E-02, -1.11751E-02, -1.11833E-02, -1.11541E-02, -1.10846E-02, -1.09724E-02, -1.08154E-02, -1.06116E-02, -1.03597E-02, -1.00587E-02, -9.70838E-03, -9.30886E-03, -8.86100E-03, -8.36629E-03, -7.82693E-03, -7.24580E-03, -6.62654E-03, -5.97354E-03, -5.29196E-03, -4.58770E-03, -3.86740E-03, -3.13834E-03, -2.40834E-03, -1.68562E-03, -9.78571E-04, -2.95518E-04,  3.55557E-04,  9.67302E-04,  1.53327E-03,  2.04817E-03,  2.50800E-03,  2.91022E-03,  3.25373E-03,  3.53882E-03,  3.76708E-03,  3.94117E-03,  4.06467E-03,  4.14177E-03,  4.17713E-03,  4.17562E-03,  4.14213E-03,  4.08145E-03,  3.99813E-03,  3.89641E-03,  3.78013E-03,  3.65276E-03,  3.51735E-03,  3.37653E-03,  3.23259E-03,  3.08741E-03,  2.94260E-03,  2.79945E-03,  2.65901E-03,  2.52209E-03,  2.38932E-03,  2.26118E-03,  2.13799E-03,  2.01997E-03,  1.90723E-03,
 -5.72813E-03, -5.92307E-03, -6.12432E-03, -6.33186E-03, -6.54563E-03, -6.76551E-03, -6.99132E-03, -7.22283E-03, -7.45971E-03, -7.70154E-03, -7.94780E-03, -8.19787E-03, -8.45097E-03, -8.70621E-03, -8.96253E-03, -9.21869E-03, -9.47327E-03, -9.72468E-03, -9.97107E-03, -1.02104E-02, -1.04405E-02, -1.06588E-02, -1.08627E-02, -1.10492E-02, -1.12153E-02, -1.13578E-02, -1.14733E-02, -1.15583E-02, -1.16095E-02, -1.16233E-02, -1.15965E-02, -1.15260E-02, -1.14088E-02, -1.12425E-02, -1.10248E-02, -1.07541E-02, -1.04294E-02, -1.00499E-02, -9.61603E-03, -9.12840E-03, -8.58859E-03, -7.99887E-03, -7.36231E-03, -6.68282E-03, -5.96514E-03, -5.21495E-03, -4.43879E-03, -3.64415E-03, -2.83932E-03, -2.03334E-03, -1.23582E-03, -4.56660E-04,  2.94245E-04,  1.00737E-03,  1.67392E-03,  2.28624E-03,  2.83810E-03,  3.32493E-03,  3.74399E-03,  4.09436E-03,  4.37687E-03,  4.59391E-03,  4.74918E-03,  4.84741E-03,  4.89405E-03,  4.89496E-03,  4.85617E-03,  4.78363E-03,  4.68306E-03,  4.55979E-03,  4.41871E-03,  4.26417E-03,  4.10002E-03,  3.92959E-03,  3.75569E-03,  3.58071E-03,  3.40658E-03,  3.23489E-03,  3.06689E-03,  2.90354E-03,  2.74559E-03,  2.59355E-03,  2.44779E-03,  2.30851E-03,  2.17582E-03,  2.04973E-03,
 -5.79380E-03, -5.99542E-03, -6.20389E-03, -6.41921E-03, -6.64136E-03, -6.87026E-03, -7.10576E-03, -7.34765E-03, -7.59563E-03, -7.84930E-03, -8.10817E-03, -8.37161E-03, -8.63887E-03, -8.90902E-03, -9.18098E-03, -9.45348E-03, -9.72504E-03, -9.99397E-03, -1.02583E-02, -1.05160E-02, -1.07644E-02, -1.10010E-02, -1.12229E-02, -1.14268E-02, -1.16094E-02, -1.17670E-02, -1.18960E-02, -1.19924E-02, -1.20525E-02, -1.20721E-02, -1.20478E-02, -1.19757E-02, -1.18527E-02, -1.16757E-02, -1.14423E-02, -1.11506E-02, -1.07992E-02, -1.03874E-02, -9.91516E-03, -9.38329E-03, -8.79332E-03, -8.14760E-03, -7.44933E-03, -6.70265E-03, -5.91265E-03, -5.08548E-03, -4.22838E-03, -3.34970E-03, -2.45892E-03, -1.56650E-03, -6.83697E-04,  1.77706E-04,  1.00584E-03,  1.78920E-03,  2.51717E-03,  3.18054E-03,  3.77191E-03,  4.28603E-03,  4.71999E-03,  5.07318E-03,  5.34721E-03,  5.54563E-03,  5.67354E-03,  5.73720E-03,  5.74367E-03,  5.70035E-03,  5.61469E-03,  5.49391E-03,  5.34481E-03,  5.17362E-03,  4.98592E-03,  4.78659E-03,  4.57986E-03,  4.36929E-03,  4.15785E-03,  3.94795E-03,  3.74153E-03,  3.54010E-03,  3.34481E-03,  3.15651E-03,  2.97578E-03,  2.80302E-03,  2.63841E-03,  2.48204E-03,  2.33385E-03,  2.19373E-03,
 -5.85448E-03, -6.06267E-03, -6.27825E-03, -6.50127E-03, -6.73174E-03, -6.96962E-03, -7.21479E-03, -7.46708E-03, -7.72621E-03, -7.99183E-03, -8.26346E-03, -8.54048E-03, -8.82215E-03, -9.10754E-03, -9.39555E-03, -9.68486E-03, -9.97394E-03, -1.02610E-02, -1.05440E-02, -1.08207E-02, -1.10884E-02, -1.13442E-02, -1.15850E-02, -1.18071E-02, -1.20070E-02, -1.21806E-02, -1.23238E-02, -1.24321E-02, -1.25012E-02, -1.25267E-02, -1.25043E-02, -1.24299E-02, -1.22997E-02, -1.21104E-02, -1.18590E-02, -1.15433E-02, -1.11618E-02, -1.07134E-02, -1.01983E-02, -9.61691E-03, -8.97094E-03, -8.26274E-03, -7.49562E-03, -6.67387E-03, -5.80285E-03, -4.88914E-03, -3.94063E-03, -2.96662E-03, -1.97785E-03, -9.86467E-04, -5.75872E-06,  9.50159E-04,  1.86688E-03,  2.73036E-03,  3.52760E-03,  4.24736E-03,  4.88077E-03,  5.42176E-03,  5.86727E-03,  6.21729E-03,  6.47458E-03,  6.64429E-03,  6.73345E-03,  6.75041E-03,  6.70426E-03,  6.60438E-03,  6.45996E-03,  6.27975E-03,  6.07177E-03,  5.84324E-03,  5.60048E-03,  5.34889E-03,  5.09302E-03,  4.83663E-03,  4.58274E-03,  4.33375E-03,  4.09148E-03,  3.85732E-03,  3.63223E-03,  3.41688E-03,  3.21164E-03,  3.01671E-03,  2.83208E-03,  2.65764E-03,  2.49317E-03,  2.33838E-03,
 -5.90961E-03, -6.12420E-03, -6.34674E-03, -6.57733E-03, -6.81599E-03, -7.06274E-03, -7.31750E-03, -7.58014E-03, -7.85041E-03, -8.12799E-03, -8.41244E-03, -8.70316E-03, -8.99941E-03, -9.30027E-03, -9.60462E-03, -9.91111E-03, -1.02182E-02, -1.05239E-02, -1.08262E-02, -1.11225E-02, -1.14102E-02, -1.16859E-02, -1.19464E-02, -1.21876E-02, -1.24055E-02, -1.25957E-02, -1.27534E-02, -1.28739E-02, -1.29520E-02, -1.29829E-02, -1.29616E-02, -1.28836E-02, -1.27443E-02, -1.25401E-02, -1.22676E-02, -1.19242E-02, -1.15081E-02, -1.10183E-02, -1.04545E-02, -9.81744E-03, -9.10863E-03, -8.33049E-03, -7.48633E-03, -6.58051E-03, -5.61854E-03, -4.60730E-03, -3.55521E-03, -2.47253E-03, -1.37140E-03, -2.65902E-04,  8.28177E-04,  1.89375E-03,  2.91312E-03,  3.86886E-03,  4.74483E-03,  5.52711E-03,  6.20492E-03,  6.77120E-03,  7.22291E-03,  7.56096E-03,  7.78984E-03,  7.91702E-03,  7.95219E-03,  7.90648E-03,  7.79169E-03,  7.61965E-03,  7.40170E-03,  7.14837E-03,  6.86910E-03,  6.57213E-03,  6.26452E-03,  5.95215E-03,  5.63981E-03,  5.33133E-03,  5.02969E-03,  4.73714E-03,  4.45530E-03,  4.18530E-03,  3.92786E-03,  3.68335E-03,  3.45189E-03,  3.23340E-03,  3.02763E-03,  2.83423E-03,  2.65277E-03,  2.48275E-03,
 -5.95863E-03, -6.17941E-03, -6.40870E-03, -6.64664E-03, -6.89331E-03, -7.14876E-03, -7.41295E-03, -7.68579E-03, -7.96710E-03, -8.25657E-03, -8.55380E-03, -8.85822E-03, -9.16911E-03, -9.48556E-03, -9.80644E-03, -1.01304E-02, -1.04557E-02, -1.07805E-02, -1.11025E-02, -1.14191E-02, -1.17272E-02, -1.20235E-02, -1.23042E-02, -1.25650E-02, -1.28015E-02, -1.30086E-02, -1.31811E-02, -1.33135E-02, -1.34003E-02, -1.34356E-02, -1.34140E-02, -1.33302E-02, -1.31792E-02, -1.29566E-02, -1.26588E-02, -1.22827E-02, -1.18264E-02, -1.12887E-02, -1.06694E-02, -9.96903E-03, -9.18928E-03, -8.33245E-03, -7.40182E-03, -6.40163E-03, -5.33730E-03, -4.21579E-03, -3.04589E-03, -1.83866E-03, -6.07736E-04,  6.30540E-04,  1.85728E-03,  3.05156E-03,  4.19132E-03,  5.25460E-03,  6.22094E-03,  7.07285E-03,  7.79704E-03,  8.38529E-03,  8.83477E-03,  9.14794E-03,  9.33191E-03,  9.39751E-03,  9.35813E-03,  9.22867E-03,  9.02445E-03,  8.76043E-03,  8.45056E-03,  8.10740E-03,  7.74194E-03,  7.36348E-03,  6.97974E-03,  6.59694E-03,  6.21996E-03,  5.85254E-03,  5.49745E-03,  5.15663E-03,  4.83136E-03,  4.52238E-03,  4.23003E-03,  3.95431E-03,  3.69499E-03,  3.45164E-03,  3.22371E-03,  3.01057E-03,  2.81151E-03,  2.62581E-03,
 -6.00096E-03, -6.22766E-03, -6.46343E-03, -6.70846E-03, -6.96287E-03, -7.22676E-03, -7.50014E-03, -7.78296E-03, -8.07509E-03, -8.37628E-03, -8.68614E-03, -9.00415E-03, -9.32962E-03, -9.66164E-03, -9.99908E-03, -1.03405E-02, -1.06843E-02, -1.10284E-02, -1.13704E-02, -1.17075E-02, -1.20365E-02, -1.23538E-02, -1.26551E-02, -1.29359E-02, -1.31910E-02, -1.34151E-02, -1.36021E-02, -1.37459E-02, -1.38401E-02, -1.38783E-02, -1.38541E-02, -1.37615E-02, -1.35948E-02, -1.33491E-02, -1.30201E-02, -1.26048E-02, -1.21009E-02, -1.15072E-02, -1.08235E-02, -1.00506E-02, -9.19009E-03, -8.24425E-03, -7.21615E-03, -6.10967E-03, -4.92983E-03, -3.68324E-03, -2.37867E-03, -1.02775E-03,  3.54405E-04,  1.74884E-03,  3.13280E-03,  4.48032E-03,  5.76341E-03,  6.95385E-03,  8.02525E-03,  8.95519E-03,  9.72701E-03,  1.03311E-02,  1.07654E-02,  1.10348E-02,  1.11504E-02,  1.11279E-02,  1.09861E-02,  1.07448E-02,  1.04241E-02,  1.00429E-02,  9.61810E-03,  9.16470E-03,  8.69523E-03,  8.21998E-03,  7.74714E-03,  7.28305E-03,  6.83243E-03,  6.39868E-03,  5.98411E-03,  5.59014E-03,  5.21751E-03,  4.86643E-03,  4.53669E-03,  4.22783E-03,  3.93913E-03,  3.66976E-03,  3.41878E-03,  3.18523E-03,  2.96810E-03,  2.76638E-03,
 -6.03602E-03, -6.26831E-03, -6.51023E-03, -6.76201E-03, -7.02382E-03, -7.29581E-03, -7.57804E-03, -7.87052E-03, -8.17316E-03, -8.48576E-03, -8.80798E-03, -9.13935E-03, -9.47918E-03, -9.82659E-03, -1.01805E-02, -1.05394E-02, -1.09016E-02, -1.12650E-02, -1.16270E-02, -1.19848E-02, -1.23348E-02, -1.26731E-02, -1.29951E-02, -1.32958E-02, -1.35694E-02, -1.38100E-02, -1.40107E-02, -1.41646E-02, -1.42645E-02, -1.43029E-02, -1.42726E-02, -1.41667E-02, -1.39789E-02, -1.37034E-02, -1.33357E-02, -1.28723E-02, -1.23110E-02, -1.16507E-02, -1.08914E-02, -1.00343E-02, -9.08093E-03, -8.03364E-03, -6.89508E-03, -5.66845E-03, -4.35783E-03, -2.96880E-03, -1.50947E-03,  8.47896E-06,  1.56864E-03,  3.14909E-03,  4.72218E-03,  6.25519E-03,  7.71198E-03,  9.05551E-03,  1.02510E-02,  1.12690E-02,  1.20884E-02,  1.26980E-02,  1.30971E-02,  1.32950E-02,  1.33087E-02,  1.31613E-02,  1.28789E-02,  1.24884E-02,  1.20158E-02,  1.14850E-02,  1.09167E-02,  1.03281E-02,  9.73336E-03,  9.14347E-03,  8.56677E-03,  8.00929E-03,  7.47524E-03,  6.96729E-03,  6.48697E-03,  6.03490E-03,  5.61103E-03,  5.21482E-03,  4.84538E-03,  4.50159E-03,  4.18219E-03,  3.88582E-03,  3.61110E-03,  3.35666E-03,  3.12113E-03,  2.90321E-03,
 -6.06323E-03, -6.30072E-03, -6.54839E-03, -6.80650E-03, -7.07529E-03, -7.35496E-03, -7.64561E-03, -7.94732E-03, -8.26004E-03, -8.58363E-03, -8.91780E-03, -9.26211E-03, -9.61593E-03, -9.97839E-03, -1.03484E-02, -1.07244E-02, -1.11048E-02, -1.14873E-02, -1.18692E-02, -1.22475E-02, -1.26183E-02, -1.29774E-02, -1.33198E-02, -1.36399E-02, -1.39314E-02, -1.41873E-02, -1.44002E-02, -1.45621E-02, -1.46647E-02, -1.46995E-02, -1.46583E-02, -1.45329E-02, -1.43163E-02, -1.40020E-02, -1.35850E-02, -1.30617E-02, -1.24300E-02, -1.16892E-02, -1.08398E-02, -9.88339E-03, -8.82209E-03, -7.65811E-03, -6.39358E-03, -5.03051E-03, -3.57124E-03, -2.01935E-03, -3.81126E-04,  1.33264E-03,  3.10471E-03,  4.90991E-03,  6.71438E-03,  8.47624E-03,NA,NA,NA,NA,NA,NA,  1.59393E-02,  1.60248E-02,  1.58886E-02,  1.55645E-02,  1.50891E-02,  1.44992E-02,  1.38285E-02,  1.31069E-02,  1.23591E-02,  1.16050E-02,  1.08598E-02,  1.01346E-02,  9.43737E-03,  8.77321E-03,  8.14521E-03,  7.55484E-03,  7.00240E-03,  6.48733E-03,  6.00850E-03,  5.56437E-03,  5.15315E-03,  4.77293E-03,  4.42176E-03,  4.09766E-03,  3.79873E-03,  3.52312E-03,  3.26907E-03,  3.03493E-03,
 -6.08202E-03, -6.32425E-03, -6.57720E-03, -6.84116E-03, -7.11643E-03, -7.40325E-03, -7.70179E-03, -8.01217E-03, -8.33442E-03, -8.66843E-03, -9.01399E-03, -9.37068E-03, -9.73793E-03, -1.01149E-02, -1.05005E-02, -1.08932E-02, -1.12912E-02, -1.16923E-02, -1.20936E-02, -1.24918E-02, -1.28829E-02, -1.32621E-02, -1.36242E-02, -1.39627E-02, -1.42706E-02, -1.45402E-02, -1.47629E-02, -1.49296E-02, -1.50307E-02, -1.50564E-02, -1.49972E-02, -1.48439E-02, -1.45881E-02, -1.42227E-02, -1.37424E-02, -1.31433E-02, -1.24238E-02, -1.15839E-02, -1.06251E-02, -9.55007E-03, -8.36151E-03, -7.06184E-03, -5.65246E-03, -4.13357E-03, -2.50467E-03, -7.65755E-04,  1.08047E-03,  3.02577E-03,  5.05315E-03,NA,NA,NA,NA,NA,NA,NA,NA,NA,NA,NA,NA,NA,  1.76811E-02,  1.68243E-02,  1.58950E-02,  1.49299E-02,  1.39583E-02,  1.30019E-02,  1.20764E-02,  1.11923E-02,  1.03559E-02,  9.57072E-03,  8.83774E-03,  8.15658E-03,  7.52574E-03,  6.94302E-03,  6.40582E-03,  5.91132E-03,  5.45661E-03,  5.03881E-03,  4.65513E-03,  4.30288E-03,  3.97954E-03,  3.68274E-03,  3.41027E-03,  3.16010E-03,
 -6.09183E-03, -6.33830E-03, -6.59597E-03, -6.86522E-03, -7.14637E-03, -7.43972E-03, -7.74551E-03, -8.06390E-03, -8.39499E-03, -8.73872E-03, -9.09493E-03, -9.46328E-03, -9.84320E-03, -1.02339E-02, -1.06343E-02, -1.10429E-02, -1.14578E-02, -1.18766E-02, -1.22965E-02, -1.27137E-02, -1.31241E-02, -1.35224E-02, -1.39027E-02, -1.42579E-02, -1.45803E-02, -1.48608E-02, -1.50897E-02, -1.52566E-02, -1.53503E-02, -1.53596E-02, -1.52731E-02, -1.50802E-02, -1.47714E-02, -1.43386E-02, -1.37760E-02, -1.30799E-02, -1.22493E-02, -1.12855E-02, -1.01917E-02, -8.97225E-03, -7.63123E-03,NA,NA,NA,NA,NA,NA,NA,NA,NA,NA,NA,NA,NA,NA,NA,NA,NA,NA,NA,NA,NA,NA,  1.95182E-02,  1.82513E-02,  1.69760E-02,  1.57256E-02,  1.45230E-02,  1.33827E-02,  1.23130E-02,  1.13172E-02,  1.03957E-02,  9.54650E-03,  8.76631E-03,  8.05113E-03,  7.39657E-03,  6.79811E-03,  6.25132E-03,  5.75190E-03,  5.29583E-03,  4.87932E-03,  4.49887E-03,  4.15126E-03,  3.83353E-03,  3.54300E-03,  3.27721E-03,
 -6.09213E-03, -6.34225E-03, -6.60404E-03, -6.87792E-03, -7.16428E-03, -7.46344E-03, -7.77572E-03, -8.10134E-03, -8.44043E-03, -8.79303E-03, -9.15900E-03, -9.53807E-03, -9.92971E-03, -1.03332E-02, -1.07473E-02, -1.11707E-02, -1.16013E-02, -1.20368E-02, -1.24740E-02, -1.29090E-02, -1.33371E-02, -1.37528E-02, -1.41493E-02, -1.45188E-02, -1.48525E-02, -1.51402E-02, -1.53705E-02, -1.55314E-02, -1.56099E-02, -1.55926E-02, -1.54664E-02, -1.52188E-02, -1.48386E-02, -1.43167E-02, -1.36467E-02, -1.28252E-02, -1.18523E-02, -1.07314E-02,NA,NA,NA,NA,NA,NA,NA,NA,NA,NA,NA,NA,NA,NA,NA,NA,NA,NA,NA,NA,NA,NA,NA,NA,NA,NA,NA,  1.92659E-02,  1.76700E-02,  1.61692E-02,  1.47747E-02,  1.34899E-02,  1.23132E-02,  1.12397E-02,  1.02632E-02,  9.37624E-03,  8.57149E-03,  7.84163E-03,  7.17975E-03,  6.57943E-03,  6.03473E-03,  5.54025E-03,  5.09109E-03,  4.68283E-03,  4.31147E-03,  3.97342E-03,  3.66546E-03,  3.38469E-03,
 -6.08240E-03, -6.33553E-03, -6.60077E-03, -6.87856E-03, -7.16934E-03, -7.47351E-03, -7.79142E-03, -8.12334E-03, -8.46948E-03, -8.82991E-03, -9.20458E-03, -9.59323E-03, -9.99541E-03, -1.04103E-02, -1.08370E-02, -1.12738E-02, -1.17187E-02, -1.21693E-02, -1.26220E-02, -1.30729E-02, -1.35168E-02, -1.39474E-02, -1.43574E-02, -1.47380E-02, -1.50789E-02, -1.53686E-02, -1.55939E-02, -1.57407E-02, -1.57936E-02, -1.57370E-02, -1.55551E-02, -1.52331E-02, -1.47576E-02, -1.41182E-02, -1.33076E-02, -1.23231E-02,NA,NA,NA,NA,NA,NA,NA,NA,NA,NA,NA,NA,NA,NA,NA,NA,NA,NA,NA,NA,NA,NA,NA,NA,NA,NA,NA,NA,NA,NA,  1.97948E-02,  1.79361E-02,  1.62435E-02,  1.47120E-02,  1.33321E-02,  1.20914E-02,  1.09773E-02,  9.97691E-03,  9.07841E-03,  8.27086E-03,  7.54440E-03,  6.89019E-03,  6.30040E-03,  5.76806E-03,  5.28702E-03,  4.85183E-03,  4.45766E-03,  4.10025E-03,  3.77582E-03,  3.48100E-03,
 -6.06219E-03, -6.31763E-03, -6.58555E-03, -6.86644E-03, -7.16080E-03, -7.46906E-03, -7.79161E-03, -8.12881E-03, -8.48088E-03, -8.84798E-03, -9.23009E-03, -9.62700E-03, -1.00383E-02, -1.04632E-02, -1.09007E-02, -1.13492E-02, -1.18067E-02, -1.22703E-02, -1.27365E-02, -1.32009E-02, -1.36578E-02, -1.41003E-02, -1.45201E-02, -1.49073E-02, -1.52502E-02, -1.55353E-02, -1.57475E-02, -1.58698E-02, -1.58842E-02, -1.57719E-02, -1.55140E-02, -1.50923E-02, -1.44911E-02, -1.36975E-02,NA,NA,NA,NA,NA,NA,NA,NA,NA,NA,NA,NA,NA,NA,NA,NA,NA,NA,NA,NA,NA,NA,NA,NA,NA,NA,NA,NA,NA,NA,NA,NA,NA,  1.98111E-02,  1.77733E-02,  1.59629E-02,  1.43582E-02,  1.29364E-02,  1.16759E-02,  1.05570E-02,  9.56222E-03,  8.67601E-03,  7.88503E-03,  7.17767E-03,  6.54390E-03,  5.97504E-03,  5.46354E-03,  5.00286E-03,  4.58730E-03,  4.21188E-03,  3.87224E-03,  3.56456E-03,
 -6.03106E-03, -6.28804E-03, -6.55783E-03, -6.84096E-03, -7.13795E-03, -7.44928E-03, -7.77541E-03, -8.11671E-03, -8.47348E-03, -8.84591E-03, -9.23402E-03, -9.63766E-03, -1.00564E-02, -1.04896E-02, -1.09360E-02, -1.13942E-02, -1.18619E-02, -1.23362E-02, -1.28132E-02, -1.32880E-02, -1.37546E-02, -1.42051E-02, -1.46302E-02, -1.50186E-02, -1.53568E-02, -1.56292E-02, -1.58179E-02, -1.59030E-02, -1.58628E-02, -1.56746E-02, -1.53153E-02, -1.47627E-02, -1.39971E-02,NA,NA,NA,NA,NA,NA,NA,NA,NA,NA,NA,NA,NA,NA,NA,NA,NA,NA,NA,NA,NA,NA,NA,NA,NA,NA,NA,NA,NA,NA,NA,NA,NA,NA,NA,  1.93401E-02,  1.72199E-02,  1.53710E-02,  1.37566E-02,  1.23438E-02,  1.11038E-02,  1.00121E-02,  9.04805E-03,  8.19414E-03,  7.43563E-03,  6.76005E-03,  6.15685E-03,  5.61703E-03,  5.13291E-03,  4.69786E-03,  4.30618E-03,  3.95296E-03,  3.63388E-03,
 -5.98864E-03, -6.24636E-03, -6.51714E-03, -6.80155E-03, -7.10015E-03, -7.41346E-03, -7.74197E-03, -8.08610E-03, -8.44619E-03, -8.82246E-03, -9.21498E-03, -9.62361E-03, -1.00480E-02, -1.04873E-02, -1.09406E-02, -1.14060E-02, -1.18813E-02, -1.23633E-02, -1.28479E-02, -1.33296E-02, -1.38017E-02, -1.42555E-02, -1.46802E-02, -1.50631E-02, -1.53885E-02, -1.56382E-02, -1.57912E-02, -1.58236E-02, -1.57094E-02, -1.54208E-02, -1.49295E-02, -1.42075E-02,NA,NA,NA,NA,NA,NA,NA,NA,NA,NA,NA,NA,NA,NA,NA,NA,NA,NA,NA,NA,NA,NA,NA,NA,NA,NA,NA,NA,NA,NA,NA,NA,NA,NA,NA,NA,  2.09092E-02,  1.84527E-02,  1.63449E-02,  1.45309E-02,  1.29633E-02,  1.16026E-02,  1.04163E-02,  9.37739E-03,  8.46390E-03,  7.65765E-03,  6.94359E-03,  6.30920E-03,  5.74397E-03,  5.23904E-03,  4.78690E-03,  4.38115E-03,  4.01628E-03,  3.68756E-03,
 -5.93461E-03, -6.19220E-03, -6.46304E-03, -6.74773E-03, -7.04686E-03, -7.36097E-03, -7.69058E-03, -8.03616E-03, -8.39806E-03, -8.77654E-03, -9.17169E-03, -9.58339E-03, -1.00112E-02, -1.04545E-02, -1.09120E-02, -1.13820E-02, -1.18618E-02, -1.23482E-02, -1.28366E-02, -1.33210E-02, -1.37937E-02, -1.42450E-02, -1.46628E-02, -1.50322E-02, -1.53352E-02, -1.55505E-02, -1.56531E-02, -1.56146E-02, -1.54035E-02, -1.49857E-02, -1.43256E-02,NA,NA,NA,NA,NA,NA,NA,NA,NA,NA,NA,NA,NA,NA,NA,NA,NA,NA,NA,NA,NA,NA,NA,NA,NA,NA,NA,NA,NA,NA,NA,NA,NA,NA,NA,NA,NA,NA,  1.96235E-02,  1.72496E-02,  1.52349E-02,  1.35151E-02,  1.20382E-02,  1.07625E-02,  9.65419E-03,  8.68643E-03,  7.83742E-03,  7.08942E-03,  6.42794E-03,  5.84096E-03,  5.31850E-03,  4.85217E-03,  4.43491E-03,  4.06067E-03,  3.72432E-03,
 -5.86874E-03, -6.12529E-03, -6.39522E-03, -6.67912E-03, -6.97761E-03, -7.29127E-03, -7.62062E-03, -7.96616E-03, -8.32826E-03, -8.70720E-03, -9.10306E-03, -9.51573E-03, -9.94479E-03, -1.03894E-02, -1.08484E-02, -1.13198E-02, -1.18008E-02, -1.22878E-02, -1.27756E-02, -1.32576E-02, -1.37253E-02, -1.41676E-02, -1.45706E-02, -1.49174E-02, -1.51869E-02, -1.53541E-02, -1.53895E-02, -1.52592E-02, -1.49248E-02, -1.43442E-02,NA,NA,NA,NA,NA,NA,NA,NA,NA,NA,NA,NA,NA,NA,NA,NA,NA,NA,NA,NA,NA,NA,NA,NA,NA,NA,NA,NA,NA,NA,NA,NA,NA,NA,NA,NA,NA,NA,NA,  2.06876E-02,  1.80504E-02,  1.58419E-02,  1.39787E-02,  1.23947E-02,  1.10383E-02,  9.86881E-03,  8.85415E-03,  7.96892E-03,  7.19276E-03,  6.50924E-03,  5.90494E-03,  5.36881E-03,  4.89167E-03,  4.46583E-03,  4.08480E-03,  3.74307E-03,
 -5.79083E-03, -6.04542E-03, -6.31340E-03, -6.59542E-03, -6.89207E-03, -7.20396E-03, -7.53162E-03, -7.87556E-03, -8.23615E-03, -8.61366E-03, -9.00819E-03, -9.41957E-03, -9.84734E-03, -1.02906E-02, -1.07480E-02, -1.12174E-02, -1.16958E-02, -1.21790E-02, -1.26614E-02, -1.31356E-02, -1.35918E-02, -1.40175E-02, -1.43970E-02, -1.47106E-02, -1.49339E-02, -1.50377E-02, -1.49872E-02, -1.47415E-02, -1.42542E-02,NA,NA,NA,NA,NA,NA,NA,NA,NA,NA,NA,NA,NA,NA,NA,NA,NA,NA,NA,NA,NA,NA,NA,NA,NA,NA,NA,NA,NA,NA,NA,NA,NA,NA,NA,NA,NA,NA,NA,NA,NA,  1.87103E-02,  1.63246E-02,  1.43335E-02,  1.26566E-02,  1.12321E-02,  1.00123E-02,  8.96015E-03,  8.04679E-03,  7.24941E-03,  6.54981E-03,  5.93329E-03,  5.38788E-03,  4.90370E-03,  4.47256E-03,  4.08757E-03,  3.74293E-03,
 -5.70080E-03, -5.95246E-03, -6.21746E-03, -6.49643E-03, -6.79000E-03, -7.09876E-03, -7.42325E-03, -7.76395E-03, -8.12125E-03, -8.49538E-03, -8.88641E-03, -9.29412E-03, -9.71797E-03, -1.01570E-02, -1.06095E-02, -1.10733E-02, -1.15449E-02, -1.20196E-02, -1.24913E-02, -1.29514E-02, -1.33890E-02, -1.37898E-02, -1.41360E-02, -1.44046E-02, -1.45678E-02, -1.45913E-02, -1.44339E-02, -1.40471E-02,NA,NA,NA,NA,NA,NA,NA,NA,NA,NA,NA,NA,NA,NA,NA,NA,NA,NA,NA,NA,NA,NA,NA,NA,NA,NA,NA,NA,NA,NA,NA,NA,NA,NA,NA,NA,NA,NA,NA,NA,NA,NA,  1.91920E-02,  1.66562E-02,  1.45603E-02,  1.28099E-02,  1.13335E-02,  1.00769E-02,  8.99859E-03,  8.06658E-03,  7.25594E-03,  6.54698E-03,  5.92393E-03,  5.37408E-03,  4.88700E-03,  4.45410E-03,  4.06820E-03,  3.72327E-03,
 -5.59863E-03, -5.84638E-03, -6.10733E-03, -6.38210E-03, -6.67131E-03, -6.97555E-03, -7.29533E-03, -7.63113E-03, -7.98329E-03, -8.35201E-03, -8.73730E-03, -9.13886E-03, -9.55603E-03, -9.98766E-03, -1.04319E-02, -1.08862E-02, -1.13466E-02, -1.18078E-02, -1.22629E-02, -1.27023E-02, -1.31135E-02, -1.34804E-02, -1.37824E-02, -1.39934E-02, -1.40813E-02, -1.40061E-02, -1.37196E-02,NA,NA,NA,NA,NA,NA,NA,NA,NA,NA,NA,NA,NA,NA,NA,NA,NA,NA,NA,NA,NA,NA,NA,NA,NA,NA,NA,NA,NA,NA,NA,NA,NA,NA,NA,NA,NA,NA,NA,NA,NA,NA,NA,  1.94618E-02,  1.68136E-02,  1.46430E-02,  1.28431E-02,  1.13343E-02,  1.00567E-02,  8.96510E-03,  8.02506E-03,  7.20994E-03,  6.49893E-03,  5.87550E-03,  5.32637E-03,  4.84078E-03,  4.40985E-03,  4.02622E-03,  3.68375E-03,
 -5.48439E-03, -5.72724E-03, -5.98307E-03, -6.25246E-03, -6.53603E-03, -6.83433E-03, -7.14787E-03, -7.47706E-03, -7.82221E-03, -8.18347E-03, -8.56073E-03, -8.95360E-03, -9.36126E-03, -9.78235E-03, -1.02147E-02, -1.06554E-02, -1.11000E-02, -1.15425E-02, -1.19749E-02, -1.23864E-02, -1.27629E-02, -1.30861E-02, -1.33325E-02, -1.34725E-02, -1.34688E-02, -1.32757E-02, -1.28367E-02,NA,NA,NA,NA,NA,NA,NA,NA,NA,NA,NA,NA,NA,NA,NA,NA,NA,NA,NA,NA,NA,NA,NA,NA,NA,NA,NA,NA,NA,NA,NA,NA,NA,NA,NA,NA,NA,NA,NA,NA,NA,NA,NA,NA,  1.67791E-02,  1.45698E-02,  1.27485E-02,  1.12292E-02,  9.94799E-03,  8.85713E-03,  7.92042E-03,  7.11015E-03,  6.40479E-03,  5.78737E-03,  5.24434E-03,  4.76475E-03,  4.33962E-03,  3.96154E-03,  3.62432E-03,
 -5.35825E-03, -5.59522E-03, -5.84484E-03, -6.10769E-03, -6.38433E-03, -6.67529E-03, -6.98103E-03, -7.30191E-03, -7.63819E-03, -7.98990E-03, -8.35684E-03, -8.73847E-03, -9.13376E-03, -9.54109E-03, -9.95799E-03, -1.03809E-02, -1.08049E-02, -1.12232E-02, -1.16266E-02, -1.20029E-02, -1.23361E-02, -1.26055E-02, -1.27844E-02, -1.28391E-02, -1.27273E-02, -1.23963E-02,NA,NA,NA,NA,NA,NA,NA,NA,NA,NA,NA,NA,NA,NA,NA,NA,NA,NA,NA,NA,NA,NA,NA,NA,NA,NA,NA,NA,NA,NA,NA,NA,NA,NA,NA,NA,NA,NA,NA,NA,NA,NA,NA,NA,NA,  1.65434E-02,  1.43351E-02,  1.25226E-02,  1.10162E-02,  9.74979E-03,  8.67421E-03,  7.75254E-03,  6.95662E-03,  6.26471E-03,  5.65977E-03,  5.12824E-03,  4.65919E-03,  4.24371E-03,  3.87444E-03,  3.54526E-03,
 -5.22044E-03, -5.45057E-03, -5.69293E-03, -5.94807E-03, -6.21652E-03, -6.49874E-03, -6.79516E-03, -7.10606E-03, -7.43161E-03, -7.77173E-03, -8.12609E-03, -8.49394E-03, -8.87404E-03, -9.26442E-03, -9.66221E-03, -1.00633E-02, -1.04620E-02, -1.08506E-02, -1.12186E-02, -1.15522E-02, -1.18334E-02, -1.20385E-02, -1.21378E-02, -1.20929E-02, -1.18562E-02, -1.13676E-02,NA,NA,NA,NA,NA,NA,NA,NA,NA,NA,NA,NA,NA,NA,NA,NA,NA,NA,NA,NA,NA,NA,NA,NA,NA,NA,NA,NA,NA,NA,NA,NA,NA,NA,NA,NA,NA,NA,NA,NA,NA,NA,NA,NA,NA,  1.61067E-02,  1.39404E-02,  1.21674E-02,  1.06974E-02,  9.46396E-03,  8.41807E-03,  7.52295E-03,  6.75072E-03,  6.07992E-03,  5.49379E-03,  4.97904E-03,  4.52496E-03,  4.12287E-03,  3.76560E-03,  3.44718E-03,
 -5.07132E-03, -5.29366E-03, -5.52773E-03, -5.77403E-03, -6.03304E-03, -6.30518E-03, -6.59078E-03, -6.89007E-03, -7.20309E-03, -7.52963E-03, -7.86920E-03, -8.22083E-03, -8.58298E-03, -8.95333E-03, -9.32850E-03, -9.70375E-03, -1.00726E-02, -1.04261E-02, -1.07525E-02, -1.10360E-02, -1.12564E-02, -1.13873E-02, -1.13949E-02, -1.12365E-02, -1.08583E-02,NA,NA,NA,NA,NA,NA,NA,NA,NA,NA,NA,NA,NA,NA,NA,NA,NA,NA,NA,NA,NA,NA,NA,NA,NA,NA,NA,NA,NA,NA,NA,NA,NA,NA,NA,NA,NA,NA,NA,NA,NA,NA,NA,NA,NA,NA,  1.54795E-02,  1.33943E-02,  1.16900E-02,  1.02785E-02,  9.09527E-03,  8.09261E-03,  7.23489E-03,  6.49515E-03,  5.85269E-03,  5.29134E-03,  4.79835E-03,  4.36345E-03,  3.97831E-03,  3.63606E-03,  3.33099E-03,
 -4.91129E-03, -5.12494E-03, -5.34972E-03, -5.58609E-03, -5.83447E-03, -6.09522E-03, -6.36859E-03, -6.65470E-03, -6.95346E-03, -7.26453E-03, -7.58721E-03, -7.92028E-03, -8.26188E-03, -8.60925E-03, -8.95848E-03, -9.30410E-03, -9.63864E-03, -9.95202E-03, -1.02308E-02, -1.04575E-02, -1.06089E-02, -1.06558E-02, -1.05604E-02, -1.02751E-02, -9.73990E-03,NA,NA,NA,NA,NA,NA,NA,NA,NA,NA,NA,NA,NA,NA,NA,NA,NA,NA,NA,NA,NA,NA,NA,NA,NA,NA,NA,NA,NA,NA,NA,NA,NA,NA,NA,NA,NA,NA,NA,NA,NA,NA,NA,NA,NA,NA,  1.46821E-02,  1.27122E-02,  1.11022E-02,  9.76885E-03,  8.65108E-03,  7.70375E-03,  6.89316E-03,  6.19384E-03,  5.58624E-03,  5.05512E-03,  4.58846E-03,  4.17659E-03,  3.81166E-03,  3.48722E-03,  3.19791E-03,
 -4.74088E-03, -4.94495E-03, -5.15950E-03, -5.38491E-03, -5.62154E-03, -5.86966E-03, -6.12944E-03, -6.40088E-03, -6.68377E-03, -6.97759E-03, -7.28141E-03, -7.59374E-03, -7.91237E-03, -8.23408E-03, -8.55431E-03, -8.86683E-03, -9.16311E-03, -9.43176E-03, -9.65765E-03, -9.82100E-03, -9.89619E-03, -9.85033E-03, -9.64169E-03, -9.21752E-03, -8.51155E-03,NA,NA,NA,NA,NA,NA,NA,NA,NA,NA,NA,NA,NA,NA,NA,NA,NA,NA,NA,NA,NA,NA,NA,NA,NA,NA,NA,NA,NA,NA,NA,NA,NA,NA,NA,NA,NA,NA,NA,NA,NA,NA,NA,NA,NA,NA,  1.37423E-02,  1.19149E-02,  1.04199E-02,  9.18066E-03,  8.14095E-03,  7.25907E-03,  6.50386E-03,  5.85174E-03,  5.28466E-03,  4.78851E-03,  4.35218E-03,  3.96675E-03,  3.62495E-03,  3.32083E-03,  3.04942E-03,
 -4.56066E-03, -4.75435E-03, -4.95777E-03, -5.17124E-03, -5.39506E-03, -5.62939E-03, -5.87432E-03, -6.12973E-03, -6.39524E-03, -6.67016E-03, -6.95333E-03, -7.24296E-03, -7.53644E-03, -7.83005E-03, -8.11860E-03, -8.39497E-03, -8.64955E-03, -8.86950E-03, -9.03790E-03, -9.13265E-03, -9.12528E-03, -8.97941E-03, -8.64897E-03, -8.07603E-03,NA,NA,NA,NA,NA,NA,NA,NA,NA,NA,NA,NA,NA,NA,NA,NA,NA,NA,NA,NA,NA,NA,NA,NA,NA,NA,NA,NA,NA,NA,NA,NA,NA,NA,NA,NA,NA,NA,NA,NA,NA,NA,NA,NA,NA,NA,  1.47535E-02,  1.26931E-02,  1.10269E-02,  9.66153E-03,  8.52818E-03,  7.57605E-03,  6.76743E-03,  6.07409E-03,  5.47465E-03,  4.95269E-03,  4.49544E-03,  4.09282E-03,  3.73671E-03,  3.42053E-03,  3.13888E-03,  2.88724E-03,
 -4.37131E-03, -4.55385E-03, -4.74531E-03, -4.94596E-03, -5.15597E-03, -5.37547E-03, -5.60439E-03, -5.84249E-03, -6.08927E-03, -6.34381E-03, -6.60472E-03, -6.86990E-03, -7.13634E-03, -7.39979E-03, -7.65436E-03, -7.89207E-03, -8.10214E-03, -8.27024E-03, -8.37755E-03, -8.39962E-03, -8.30499E-03, -8.05366E-03, -7.59518E-03, -6.86631E-03,NA,NA,NA,NA,NA,NA,NA,NA,NA,NA,NA,NA,NA,NA,NA,NA,NA,NA,NA,NA,NA,NA,NA,NA,NA,NA,NA,NA,NA,NA,NA,NA,NA,NA,NA,NA,NA,NA,NA,NA,NA,NA,NA,NA,NA,NA,  1.34142E-02,  1.15692E-02,  1.00742E-02,  8.84695E-03,  7.82674E-03,  6.96843E-03,  6.23846E-03,  5.61165E-03,  5.06890E-03,  4.59558E-03,  4.18029E-03,  3.81402E-03,  3.48955E-03,  3.20103E-03,  2.94362E-03,  2.71330E-03,
 -4.17354E-03, -4.34426E-03, -4.52301E-03, -4.71000E-03, -4.90534E-03, -5.10902E-03, -5.32089E-03, -5.54057E-03, -5.76740E-03, -6.00026E-03, -6.23751E-03, -6.47675E-03, -6.71455E-03, -6.94612E-03, -7.16492E-03, -7.36202E-03, -7.52551E-03, -7.63954E-03, -7.68339E-03, -7.63017E-03, -7.44546E-03, -7.08559E-03, -6.49569E-03, -5.60727E-03,NA,NA,NA,NA,NA,NA,NA,NA,NA,NA,NA,NA,NA,NA,NA,NA,NA,NA,NA,NA,NA,NA,NA,NA,NA,NA,NA,NA,NA,NA,NA,NA,NA,NA,NA,NA,NA,NA,NA,NA,NA,NA,NA,NA,NA,NA,  1.20333E-02,  1.04040E-02,  9.08207E-03,  7.99575E-03,  7.09175E-03,  6.33039E-03,  5.68208E-03,  5.12461E-03,  4.64117E-03,  4.21886E-03,  3.84767E-03,  3.51968E-03,  3.22859E-03,  2.96926E-03,  2.73746E-03,  2.52968E-03,
 -3.96817E-03, -4.12643E-03, -4.29181E-03, -4.46441E-03, -4.64428E-03, -4.83129E-03, -5.02520E-03, -5.22548E-03, -5.43129E-03, -5.64136E-03, -5.85378E-03, -6.06583E-03, -6.27371E-03, -6.47210E-03, -6.65379E-03, -6.80899E-03, -6.92463E-03, -6.98340E-03, -6.96271E-03, -6.83332E-03, -6.55786E-03, -6.08908E-03, -5.36782E-03, -4.32045E-03,NA,NA,NA,NA,NA,NA,NA,NA,NA,NA,NA,NA,NA,NA,NA,NA,NA,NA,NA,NA,NA,NA,NA,NA,NA,NA,NA,NA,NA,NA,NA,NA,NA,NA,NA,NA,NA,NA,NA,NA,NA,NA,NA,NA,NA,  1.24237E-02,  1.06491E-02,  9.22709E-03,  8.07373E-03,  7.12628E-03,  6.33793E-03,  5.67385E-03,  5.10806E-03,  4.62107E-03,  4.19819E-03,  3.82818E-03,  3.50234E-03,  3.21385E-03,  2.95726E-03,  2.72816E-03,  2.52293E-03,  2.33856E-03,
 -3.75604E-03, -3.90131E-03, -4.05272E-03, -4.21031E-03, -4.37401E-03, -4.54363E-03, -4.71877E-03, -4.89880E-03, -5.08272E-03, -5.26906E-03, -5.45568E-03, -5.63959E-03, -5.81658E-03, -5.98089E-03, -6.12464E-03, -6.23726E-03, -6.30459E-03, -6.30798E-03, -6.22306E-03, -6.01839E-03, -5.65385E-03, -5.07881E-03, -4.23004E-03, -3.02915E-03,NA,NA,NA,NA,NA,NA,NA,NA,NA,NA,NA,NA,NA,NA,NA,NA,NA,NA,NA,NA,NA,NA,NA,NA,NA,NA,NA,NA,NA,NA,NA,NA,NA,NA,NA,NA,NA,NA,NA,NA,NA,NA,NA,NA,NA,NA,  9.29194E-03,  8.06278E-03,  7.06895E-03,  6.25474E-03,  5.57867E-03,  5.00994E-03,  4.52569E-03,  4.10882E-03,  3.74654E-03,  3.42911E-03,  3.14907E-03,  2.90058E-03,  2.67905E-03,  2.48074E-03,  2.30263E-03,  2.14219E-03,
 -3.53806E-03, -3.66988E-03, -3.80683E-03, -3.94887E-03, -4.09584E-03, -4.24743E-03, -4.40316E-03, -4.56224E-03, -4.72354E-03, -4.88541E-03, -5.04550E-03, -5.20053E-03, -5.34599E-03, -5.47566E-03, -5.58113E-03, -5.65108E-03, -5.67044E-03, -5.61933E-03, -5.47185E-03, -5.19460E-03, -4.74499E-03, -4.06941E-03, -3.10101E-03, -1.75712E-03,NA,NA,NA,NA,NA,NA,NA,NA,NA,NA,NA,NA,NA,NA,NA,NA,NA,NA,NA,NA,NA,NA,NA,NA,NA,NA,NA,NA,NA,NA,NA,NA,NA,NA,NA,NA,NA,NA,NA,NA,NA,NA,NA,NA,NA,NA,  7.98299E-03,  6.92963E-03,  6.08371E-03,  5.39481E-03,  4.82564E-03,  4.34865E-03,  3.94350E-03,  3.59518E-03,  3.29249E-03,  3.02704E-03,  2.79248E-03,  2.58388E-03,  2.39741E-03,  2.22999E-03,  2.07915E-03,  1.94283E-03,
 -3.31517E-03, -3.43317E-03, -3.55527E-03, -3.68132E-03, -3.81109E-03, -3.94417E-03, -4.07996E-03, -4.21755E-03, -4.35568E-03, -4.49252E-03, -4.62553E-03, -4.75122E-03, -4.86477E-03, -4.95960E-03, -5.02685E-03, -5.05460E-03, -5.02701E-03, -4.92323E-03, -4.71608E-03, -4.37057E-03, -3.84212E-03, -3.07467E-03, -1.99839E-03,NA,NA,NA,NA,NA,NA,NA,NA,NA,NA,NA,NA,NA,NA,NA,NA,NA,NA,NA,NA,NA,NA,NA,NA,NA,NA,NA,NA,NA,NA,NA,NA,NA,NA,NA,NA,NA,NA,NA,NA,NA,NA,NA,NA,NA,NA,NA,  6.73580E-03,  5.84079E-03,  5.13023E-03,  4.55760E-03,  4.08875E-03,  3.69870E-03,  3.36917E-03,  3.08683E-03,  2.84187E-03,  2.62706E-03,  2.43700E-03,  2.26759E-03,  2.11570E-03,  1.97885E-03,  1.85506E-03,  1.74272E-03,
 -3.08836E-03, -3.19226E-03, -3.29920E-03, -3.40895E-03, -3.52118E-03, -3.63538E-03, -3.75084E-03, -3.86656E-03, -3.98111E-03, -4.09254E-03, -4.19815E-03, -4.29424E-03, -4.37576E-03, -4.43586E-03, -4.46531E-03, -4.45177E-03, -4.37884E-03, -4.22495E-03, -3.96203E-03, -3.55397E-03, -2.95479E-03, -2.10668E-03, -9.37736E-04,NA,NA,NA,NA,NA,NA,NA,NA,NA,NA,NA,NA,NA,NA,NA,NA,NA,NA,NA,NA,NA,NA,NA,NA,NA,NA,NA,NA,NA,NA,NA,NA,NA,NA,NA,NA,NA,NA,NA,NA,NA,NA,NA,NA,NA,NA,  6.53545E-03,  5.55772E-03,  4.80496E-03,  4.21752E-03,  3.75183E-03,  3.37617E-03,  3.06757E-03,  2.80943E-03,  2.58979E-03,  2.40003E-03,  2.23388E-03,  2.08679E-03,  1.95539E-03,  1.83715E-03,  1.73013E-03,  1.63284E-03,  1.54404E-03,
 -2.85864E-03, -2.94826E-03, -3.03984E-03, -3.13308E-03, -3.22754E-03, -3.32263E-03, -3.41754E-03, -3.51113E-03, -3.60188E-03, -3.68770E-03, -3.76576E-03, -3.83220E-03, -3.88180E-03, -3.90753E-03, -3.89991E-03, -3.84633E-03, -3.73008E-03, -3.52920E-03, -3.21516E-03, -2.75125E-03, -2.09082E-03, -1.17520E-03,  6.84753E-05,NA,NA,NA,NA,NA,NA,NA,NA,NA,NA,NA,NA,NA,NA,NA,NA,NA,NA,NA,NA,NA,NA,NA,NA,NA,NA,NA,NA,NA,NA,NA,NA,NA,NA,NA,NA,NA,NA,NA,NA,NA,NA,NA,NA,NA,NA,  5.28214E-03,  4.45208E-03,  3.82762E-03,  3.35207E-03,  2.98428E-03,  2.69456E-03,  2.46157E-03,  2.27012E-03,  2.10940E-03,  1.97176E-03,  1.85180E-03,  1.74568E-03,  1.65067E-03,  1.56477E-03,  1.48653E-03,  1.41485E-03,  1.34890E-03,
 -2.62704E-03, -2.70230E-03, -2.77844E-03, -2.85507E-03, -2.93167E-03, -3.00755E-03, -3.08180E-03, -3.15318E-03, -3.22007E-03, -3.28027E-03, -3.33082E-03, -3.36777E-03, -3.38577E-03, -3.37768E-03, -3.33395E-03, -3.24185E-03, -3.08459E-03, -2.84018E-03, -2.48007E-03, -1.96759E-03, -1.25618E-03, -2.87359E-04,  1.01146E-03,NA,NA,NA,NA,NA,NA,NA,NA,NA,NA,NA,NA,NA,NA,NA,NA,NA,NA,NA,NA,NA,NA,NA,NA,NA,NA,NA,NA,NA,NA,NA,NA,NA,NA,NA,NA,NA,NA,NA,NA,NA,NA,NA,NA,NA,NA,  4.11582E-03,  3.42008E-03,  2.91226E-03,  2.53860E-03,  2.26025E-03,  2.04933E-03,  1.88600E-03,  1.75625E-03,  1.65029E-03,  1.56134E-03,  1.48470E-03,  1.41718E-03,  1.35656E-03,  1.30136E-03,  1.25052E-03,  1.20333E-03,  1.15926E-03,
 -2.39459E-03, -2.45550E-03, -2.51622E-03, -2.57628E-03, -2.63505E-03, -2.69178E-03, -2.74543E-03, -2.79469E-03, -2.83784E-03, -2.87257E-03, -2.89585E-03, -2.90364E-03, -2.89056E-03, -2.84944E-03, -2.77072E-03, -2.64178E-03, -2.44600E-03, -2.16166E-03, -1.76067E-03, -1.20703E-03, -4.55103E-04,  5.52331E-04,  1.88621E-03,NA,NA,NA,NA,NA,NA,NA,NA,NA,NA,NA,NA,NA,NA,NA,NA,NA,NA,NA,NA,NA,NA,NA,NA,NA,NA,NA,NA,NA,NA,NA,NA,NA,NA,NA,NA,NA,NA,NA,NA,NA,NA,NA,NA,NA,NA,  3.03408E-03,  2.46233E-03,  2.06141E-03,  1.78077E-03,  1.58397E-03,  1.44495E-03,  1.34528E-03,  1.27210E-03,  1.21652E-03,  1.17250E-03,  1.13602E-03,  1.10439E-03,  1.07591E-03,  1.04948E-03,  1.02441E-03,  1.00032E-03,  9.76963E-04,
 -2.16235E-03, -2.20904E-03, -2.25447E-03, -2.29810E-03, -2.33922E-03, -2.37698E-03, -2.41026E-03, -2.43766E-03, -2.45735E-03, -2.46697E-03, -2.46342E-03, -2.44262E-03, -2.39918E-03, -2.32598E-03, -2.21360E-03, -2.04964E-03, -1.81789E-03, -1.49724E-03, -1.06048E-03, -4.72881E-04,  3.09462E-04,  1.34143E-03,  2.69092E-03,NA,NA,NA,NA,NA,NA,NA,NA,NA,NA,NA,NA,NA,NA,NA,NA,NA,NA,NA,NA,NA,NA,NA,NA,NA,NA,NA,NA,NA,NA,NA,NA,NA,NA,NA,NA,NA,NA,NA,NA,NA,NA,NA,NA,NA,NA,  2.03605E-03,  1.57985E-03,  1.27734E-03,  1.08165E-03,  9.58956E-04,  8.85120E-04,  8.43155E-04,  8.21291E-04,  8.11518E-04,  8.08494E-04,  8.08750E-04,  8.10099E-04,  8.11231E-04,  8.11409E-04,  8.10271E-04,  8.07692E-04,  8.03687E-04,
 -1.93135E-03, -1.96403E-03, -1.99442E-03, -2.02190E-03, -2.04569E-03, -2.06482E-03, -2.07812E-03, -2.08409E-03, -2.08083E-03, -2.06592E-03, -2.03620E-03, -1.98759E-03, -1.91474E-03, -1.81065E-03, -1.66611E-03, -1.46912E-03, -1.20404E-03, -8.50644E-04, -3.83015E-04,  2.31781E-04,  1.03516E-03,  2.07870E-03,  3.42596E-03,NA,NA,NA,NA,NA,NA,NA,NA,NA,NA,NA,NA,NA,NA,NA,NA,NA,NA,NA,NA,NA,NA,NA,NA,NA,NA,NA,NA,NA,NA,NA,NA,NA,NA,NA,NA,NA,NA,NA,NA,NA,NA,NA,NA,NA,  1.66619E-03,  1.12285E-03,  7.74423E-04,  5.62417E-04,  4.44006E-04,  3.88215E-04,  3.72956E-04,  3.82734E-04,  4.06882E-04,  4.38227E-04,  4.72080E-04,  5.05486E-04,  5.36686E-04,  5.64725E-04,  5.89171E-04,  6.09929E-04,  6.27110E-04,  6.40937E-04,
 -1.70259E-03, -1.72159E-03, -1.73732E-03, -1.74906E-03, -1.75596E-03, -1.75698E-03, -1.75086E-03, -1.73603E-03, -1.71053E-03, -1.67187E-03, -1.61689E-03, -1.54152E-03, -1.44048E-03, -1.30694E-03, -1.13201E-03, -9.04167E-04, -6.08516E-04, -2.25958E-04,  2.67831E-04,  9.03529E-04,  1.71946E-03,  2.76306E-03,  4.09245E-03,NA,NA,NA,NA,NA,NA,NA,NA,NA,NA,NA,NA,NA,NA,NA,NA,NA,NA,NA,NA,NA,NA,NA,NA,NA,NA,NA,NA,NA,NA,NA,NA,NA,NA,NA,NA,NA,NA,NA,NA,NA,NA,NA,NA,NA,  7.17449E-04,  2.97293E-04,  4.86520E-05, -8.08002E-05, -1.29581E-04, -1.25638E-04, -8.89204E-05, -3.33916E-05,  3.13911E-05,  9.90690E-05,  1.65564E-04,  2.28398E-04,  2.86184E-04,  3.38274E-04,  3.84497E-04,  4.24979E-04,  4.60026E-04,  4.90037E-04,
 -1.47707E-03, -1.48282E-03, -1.48435E-03, -1.48088E-03, -1.47149E-03, -1.45507E-03, -1.43028E-03, -1.39549E-03, -1.34867E-03, -1.28732E-03, -1.20826E-03, -1.10746E-03, -9.79762E-04, -8.18551E-04, -6.15305E-04, -3.59077E-04, -3.58591E-05,  3.72163E-04,  8.87463E-04,  1.53813E-03,  2.35894E-03,  3.39255E-03,  4.69081E-03,NA,NA,NA,NA,NA,NA,NA,NA,NA,NA,NA,NA,NA,NA,NA,NA,NA,NA,NA,NA,NA,NA,NA,NA,NA,NA,NA,NA,NA,NA,NA,NA,NA,NA,NA,NA,NA,NA,NA,NA,NA,NA,NA,NA,NA, -1.30450E-04, -4.36695E-04, -5.94426E-04, -6.49738E-04, -6.36771E-04, -5.80390E-04, -4.98371E-04, -4.03141E-04, -3.03164E-04, -2.04012E-04, -1.09189E-04, -2.07471E-05,  6.02582E-05,  1.33438E-04,  1.98836E-04,  2.56761E-04,  3.07676E-04,  3.52120E-04,
 -1.25571E-03, -1.24874E-03, -1.23666E-03, -1.21865E-03, -1.19371E-03, -1.16067E-03, -1.11813E-03, -1.06440E-03, -9.97437E-04, -9.14692E-04, -8.13016E-04, -6.88447E-04, -5.35978E-04, -3.49248E-04, -1.20162E-04,  1.61572E-04,  5.08987E-04,  9.38478E-04,  1.47050E-03,  2.13033E-03,  2.94889E-03,  3.96367E-03,  5.21975E-03,NA,NA,NA,NA,NA,NA,NA,NA,NA,NA,NA,NA,NA,NA,NA,NA,NA,NA,NA,NA,NA,NA,NA,NA,NA,NA,NA,NA,NA,NA,NA,NA,NA,NA,NA,NA,NA,NA,NA,NA,NA,NA,NA,NA, -4.88351E-04, -8.71420E-04, -1.07494E-03, -1.15179E-03, -1.14205E-03, -1.07560E-03, -9.74287E-04, -8.53758E-04, -7.24945E-04, -5.95261E-04, -4.69539E-04, -3.50754E-04, -2.40579E-04, -1.39786E-04, -4.85470E-05,  3.33522E-05,  1.06363E-04,  1.71070E-04,  2.28121E-04,
 -1.03941E-03, -1.02032E-03, -9.95338E-04, -9.63555E-04, -9.23934E-04, -8.75251E-04, -8.16063E-04, -7.44643E-04, -6.58913E-04, -5.56342E-04, -4.33816E-04, -2.87475E-04, -1.12494E-04,  9.71837E-05,  3.49177E-04,  6.53060E-04,  1.02081E-03,  1.46732E-03,  2.01093E-03,  2.67396E-03,  3.48335E-03,  4.47126E-03,  5.67582E-03,  7.14211E-03,NA,NA,NA,NA,NA,NA,NA,NA,NA,NA,NA,NA,NA,NA,NA,NA,NA,NA,NA,NA,NA,NA,NA,NA,NA,NA,NA,NA,NA,NA,NA,NA,NA,NA,NA,NA,NA,NA,NA,NA,NA,NA,NA, -1.23436E-03, -1.49999E-03, -1.61379E-03, -1.62093E-03, -1.55592E-03, -1.44465E-03, -1.30613E-03, -1.15399E-03, -9.97762E-04, -8.43883E-04, -6.96507E-04, -5.58140E-04, -4.30124E-04, -3.12999E-04, -2.06766E-04, -1.11079E-04, -2.53832E-05,  5.09946E-05,  1.18778E-04,
 -8.28967E-04, -7.98473E-04, -7.61361E-04, -7.16693E-04, -6.63387E-04, -6.00183E-04, -5.25607E-04, -4.37916E-04, -3.35030E-04, -2.14448E-04, -7.31274E-05,  9.26584E-05,  2.87511E-04,  5.17135E-04,  7.88622E-04,  1.11077E-03,  1.49445E-03,  1.95297E-03,  2.50250E-03,  3.16241E-03,  3.95563E-03,  4.90903E-03,  6.05394E-03,  7.42677E-03,NA,NA,NA,NA,NA,NA,NA,NA,NA,NA,NA,NA,NA,NA,NA,NA,NA,NA,NA,NA,NA,NA,NA,NA,NA,NA,NA,NA,NA,NA,NA,NA,NA,NA,NA,NA,NA,NA,NA,NA,NA,NA, -1.50433E-03, -1.84641E-03, -2.01226E-03, -2.05076E-03, -2.00027E-03, -1.89033E-03, -1.74322E-03, -1.57536E-03, -1.39857E-03, -1.22111E-03, -1.04852E-03, -8.84378E-04, -7.30780E-04, -5.88797E-04, -4.58786E-04, -3.40621E-04, -2.33865E-04, -1.37897E-04, -5.19894E-05,  2.46279E-05,
 -6.25116E-04, -5.83987E-04, -5.35618E-04, -4.79044E-04, -4.13157E-04, -3.36677E-04, -2.48120E-04, -1.45746E-04, -2.75035E-05,  1.09051E-04,  2.66852E-04,  4.49454E-04,  6.61189E-04,  9.07362E-04,  1.19448E-03,  1.53051E-03,  1.92516E-03,  2.39013E-03,  2.93940E-03,  3.58940E-03,  4.35920E-03,  5.27063E-03,  6.34856E-03,  7.62134E-03,NA,NA,NA,NA,NA,NA,NA,NA,NA,NA,NA,NA,NA,NA,NA,NA,NA,NA,NA,NA,NA,NA,NA,NA,NA,NA,NA,NA,NA,NA,NA,NA,NA,NA,NA,NA,NA,NA,NA,NA,NA,NA, -2.08887E-03, -2.32150E-03, -2.40649E-03, -2.38497E-03, -2.28949E-03, -2.14528E-03, -1.97145E-03, -1.78217E-03, -1.58766E-03, -1.39506E-03, -1.20919E-03, -1.03309E-03, -8.68536E-04, -7.16398E-04, -5.76895E-04, -4.49822E-04, -3.34691E-04, -2.30847E-04, -1.37542E-04, -5.39875E-05,
 -4.28496E-04, -3.77564E-04, -3.18876E-04, -2.51453E-04, -1.74175E-04, -8.57648E-05,  1.52519E-05,  1.30584E-04,  2.62227E-04,  4.12533E-04,  5.84291E-04,  7.80838E-04,  1.00619E-03,  1.26519E-03,  1.56372E-03,  1.90886E-03,  2.30909E-03,  2.77452E-03,  3.31693E-03,  3.94992E-03,  4.68890E-03,  5.55102E-03,  6.55532E-03,  7.72298E-03,NA,NA,NA,NA,NA,NA,NA,NA,NA,NA,NA,NA,NA,NA,NA,NA,NA,NA,NA,NA,NA,NA,NA,NA,NA,NA,NA,NA,NA,NA,NA,NA,NA,NA,NA,NA,NA,NA,NA,NA,NA, -2.19808E-03, -2.51241E-03, -2.65996E-03, -2.68337E-03, -2.61737E-03, -2.48967E-03, -2.32185E-03, -2.13038E-03, -1.92749E-03, -1.72206E-03, -1.52031E-03, -1.32641E-03, -1.14303E-03, -9.71686E-04, -8.13099E-04, -6.67413E-04, -5.34383E-04, -4.13512E-04, -3.04145E-04, -2.05541E-04, -1.16920E-04,
 -2.39646E-04, -1.79790E-04, -1.11770E-04, -3.46088E-05,  5.28034E-05,  1.51726E-04,  2.63597E-04,  3.90069E-04,  5.33050E-04,  6.94764E-04,  8.77815E-04,  1.08528E-03,  1.32080E-03,  1.58873E-03,  1.89423E-03,  2.24348E-03,  2.64371E-03,  3.10339E-03,  3.63221E-03,  4.24107E-03,  4.94198E-03,  5.74793E-03,  6.67282E-03,  7.73174E-03,NA,NA,NA,NA,NA,NA,NA,NA,NA,NA,NA,NA,NA,NA,NA,NA,NA,NA,NA,NA,NA,NA,NA,NA,NA,NA,NA,NA,NA,NA,NA,NA,NA,NA,NA,NA,NA,NA,NA,NA, -2.13899E-03, -2.55136E-03, -2.77915E-03, -2.86534E-03, -2.84601E-03, -2.75076E-03, -2.60332E-03, -2.42231E-03, -2.22200E-03, -2.01306E-03, -1.80326E-03, -1.59809E-03, -1.40123E-03, -1.21505E-03, -1.04091E-03, -8.79435E-04, -7.30747E-04, -5.94609E-04, -4.70545E-04, -3.57934E-04, -2.56070E-04, -1.64207E-04,
 -5.90013E-05,  8.87426E-06,  8.52069E-05,  1.70960E-04,  2.67215E-04,  3.75191E-04,  4.96268E-04,  6.32013E-04,  7.84219E-04,  9.54943E-04,  1.14657E-03,  1.36186E-03,  1.60405E-03,  1.87695E-03,  2.18498E-03,  2.53335E-03,  2.92804E-03,  3.37593E-03,  3.88469E-03,  4.46272E-03,  5.11897E-03,  5.86278E-03,  6.70380E-03,  7.65212E-03,NA,NA,NA,NA,NA,NA,NA,NA,NA,NA,NA,NA,NA,NA,NA,NA,NA,NA,NA,NA,NA,NA,NA,NA,NA,NA,NA,NA,NA,NA,NA,NA,NA,NA,NA,NA,NA,NA,NA, -1.86999E-03, -2.39937E-03, -2.72761E-03, -2.89696E-03, -2.94402E-03, -2.89975E-03, -2.78965E-03, -2.63432E-03, -2.44999E-03, -2.24919E-03, -2.04135E-03, -1.83339E-03, -1.63021E-03, -1.43517E-03, -1.25043E-03, -1.07727E-03, -9.16281E-04, -7.67615E-04, -6.31077E-04, -5.06251E-04, -3.92578E-04, -2.89412E-04, -1.96065E-04,
  1.13115E-04,  1.88091E-04,  2.71708E-04,  3.64896E-04,  4.68694E-04,  5.84260E-04,  7.12893E-04,  8.56049E-04,  1.01537E-03,  1.19273E-03,  1.39025E-03,  1.61034E-03,  1.85580E-03,  2.12984E-03,  2.43613E-03,  2.77889E-03,  3.16290E-03,  3.59347E-03,  4.07638E-03,  4.61778E-03,  5.22396E-03,  5.90119E-03,  6.65567E-03,  7.49370E-03,  8.42237E-03,NA,NA,NA,NA,NA,NA,NA,NA,NA,NA,NA,NA,NA,NA,NA,NA,NA,NA,NA,NA,NA,NA,NA,NA,NA,NA,NA,NA,NA,NA,NA,NA,NA,NA,NA,NA,NA, -1.34327E-03, -2.01233E-03, -2.46449E-03, -2.74042E-03, -2.87659E-03, -2.90473E-03, -2.85178E-03, -2.74008E-03, -2.58777E-03, -2.40925E-03, -2.21568E-03, -2.01555E-03, -1.81515E-03, -1.61899E-03, -1.43020E-03, -1.25085E-03, -1.08218E-03, -9.24832E-04, -7.79017E-04, -6.44623E-04, -5.21324E-04, -4.08649E-04, -3.06036E-04, -2.12873E-04,
  2.76487E-04,  3.57652E-04,  4.47533E-04,  5.47015E-04,  6.57077E-04,  7.78799E-04,  9.13377E-04,  1.06214E-03,  1.22655E-03,  1.40826E-03,  1.60911E-03,  1.83115E-03,  2.07669E-03,  2.34834E-03,  2.64901E-03,  2.98197E-03,  3.35079E-03,  3.75936E-03,  4.21175E-03,  4.71210E-03,  5.26447E-03,  5.87265E-03,  6.54023E-03,  7.27079E-03,  8.06861E-03,NA,NA,NA,NA,NA,NA,NA,NA,NA,NA,NA,NA,NA,NA,NA,NA,NA,NA,NA,NA,NA,NA,NA,NA,NA,NA,NA,NA,NA,NA,NA,NA,NA,NA,NA,NA, -5.06258E-04, -1.34187E-03, -1.94517E-03, -2.35461E-03, -2.60585E-03, -2.73097E-03, -2.75798E-03, -2.71079E-03, -2.60931E-03, -2.46981E-03, -2.30528E-03, -2.12589E-03, -1.93945E-03, -1.75180E-03, -1.56722E-03, -1.38872E-03, -1.21834E-03, -1.05738E-03, -9.06570E-04, -7.66212E-04, -6.36315E-04, -5.16667E-04, -4.06908E-04, -3.06581E-04, -2.15167E-04,
  4.31008E-04,  5.17470E-04,  6.12624E-04,  7.17296E-04,  8.32392E-04,  9.58897E-04,  1.09789E-03,  1.25055E-03,  1.41815E-03,  1.60210E-03,  1.80394E-03,  2.02533E-03,  2.26812E-03,  2.53429E-03,  2.82604E-03,  3.14569E-03,  3.49574E-03,  3.87876E-03,  4.29733E-03,  4.75390E-03,  5.25072E-03,  5.78970E-03,  6.37256E-03,  7.00111E-03,  7.67801E-03,  8.40798E-03,NA,NA,NA,NA,NA,NA,NA,NA,NA,NA,NA,NA,NA,NA,NA,NA,NA,NA,NA,NA,NA,NA,NA,NA,NA,NA,NA,NA,NA,NA,NA,NA,NA,  2.01276E-03,  6.96807E-04, -3.36562E-04, -1.12224E-03, -1.69578E-03, -2.09154E-03, -2.34149E-03, -2.47442E-03, -2.51559E-03, -2.48660E-03, -2.40557E-03, -2.28737E-03, -2.14398E-03, -1.98486E-03, -1.81735E-03, -1.64704E-03, -1.47808E-03, -1.31345E-03, -1.15527E-03, -1.00491E-03, -8.63236E-04, -7.30693E-04, -6.07429E-04, -4.93370E-04, -3.88286E-04, -2.91839E-04, -2.03621E-04,
  5.76669E-04,  6.67576E-04,  7.67058E-04,  8.75875E-04,  9.94847E-04,  1.12486E-03,  1.26685E-03,  1.42184E-03,  1.59091E-03,  1.77522E-03,  1.97598E-03,  2.19450E-03,  2.43213E-03,  2.69030E-03,  2.97049E-03,  3.27420E-03,  3.60294E-03,  3.95816E-03,  4.34116E-03,  4.75306E-03,  5.19470E-03,  5.66669E-03,  6.16953E-03,  6.70406E-03,  7.27222E-03,  7.87821E-03,  8.53005E-03,  9.24125E-03,NA,NA,NA,NA,NA,NA,NA,NA,NA,NA,NA,NA,NA,NA,NA,NA,NA,NA,NA,NA,NA,NA,NA,NA,NA,NA,NA,NA,NA,NA,  3.88358E-03,  2.32422E-03,  1.05730E-03,  5.37479E-05, -7.18407E-04, -1.29174E-03, -1.69775E-03, -1.96574E-03, -2.12214E-03, -2.19017E-03, -2.18977E-03, -2.13776E-03, -2.04801E-03, -1.93178E-03, -1.79809E-03, -1.65400E-03, -1.50495E-03, -1.35508E-03, -1.20745E-03, -1.06425E-03, -9.27023E-04, -7.96787E-04, -6.74150E-04, -5.59424E-04, -4.52689E-04, -3.53862E-04, -2.62739E-04, -1.79032E-04,
  7.13556E-04,  8.08104E-04,  9.11032E-04,  1.02303E-03,  1.14481E-03,  1.27716E-03,  1.42088E-03,  1.57682E-03,  1.74586E-03,  1.92890E-03,  2.12686E-03,  2.34067E-03,  2.57126E-03,  2.81951E-03,  3.08627E-03,  3.37233E-03,  3.67834E-03,  4.00482E-03,  4.35208E-03,  4.72021E-03,  5.10908E-03,  5.51844E-03,  5.94818E-03,  6.39878E-03,  6.87214E-03,  7.37265E-03,  7.90859E-03,  8.49359E-03,  9.14773E-03,  9.89802E-03,NA,NA,NA,NA,NA,NA,NA,NA,NA,NA,NA,NA,NA,NA,NA,NA,NA,NA,NA,NA,NA,NA,NA,NA,NA,NA,NA,  6.28034E-03,  4.43736E-03,  2.89596E-03,  1.63420E-03,  6.24490E-04, -1.63449E-04, -7.60339E-04, -1.19580E-03, -1.49733E-03, -1.68972E-03, -1.79479E-03, -1.83132E-03, -1.81521E-03, -1.75966E-03, -1.67550E-03, -1.57145E-03, -1.45444E-03, -1.32989E-03, -1.20201E-03, -1.07397E-03, -9.48126E-04, -8.26191E-04, -7.09363E-04, -5.98439E-04, -4.93907E-04, -3.96019E-04, -3.04845E-04, -2.20327E-04, -1.42304E-04,
  8.41839E-04,  9.39284E-04,  1.04485E-03,  1.15914E-03,  1.28279E-03,  1.41644E-03,  1.56078E-03,  1.71649E-03,  1.88423E-03,  2.06468E-03,  2.25847E-03,  2.46619E-03,  2.68837E-03,  2.92542E-03,  3.17767E-03,  3.44527E-03,  3.72821E-03,  4.02627E-03,  4.33904E-03,  4.66590E-03,  5.00611E-03,  5.35899E-03,  5.72426E-03,  6.10252E-03,  6.49608E-03,  6.90997E-03,  7.35315E-03,  7.83975E-03,  8.39003E-03,  9.03061E-03,NA,NA,NA,NA,NA,NA,NA,NA,NA,NA,NA,NA,NA,NA,NA,NA,NA,NA,NA,NA,NA,NA,NA,NA,NA,NA,NA,  7.10086E-03,  5.23856E-03,  3.67271E-03,  2.38136E-03,  1.33720E-03,  5.10612E-04, -1.28243E-04, -6.07935E-04, -9.54877E-04, -1.19283E-03, -1.34268E-03, -1.42246E-03, -1.44748E-03, -1.43053E-03, -1.38217E-03, -1.31100E-03, -1.22392E-03, -1.12642E-03, -1.02283E-03, -9.16474E-04, -8.09903E-04, -7.05026E-04, -6.03242E-04, -5.05544E-04, -4.12609E-04, -3.24865E-04, -2.42546E-04, -1.65741E-04, -9.44277E-05,
  9.61756E-04,  1.06142E-03,  1.16890E-03,  1.28471E-03,  1.40938E-03,  1.54346E-03,  1.68749E-03,  1.84197E-03,  2.00742E-03,  2.18425E-03,  2.37287E-03,  2.57355E-03,  2.78648E-03,  3.01168E-03,  3.24903E-03,  3.49821E-03,  3.75870E-03,  4.02977E-03,  4.31050E-03,  4.59985E-03,  4.89683E-03,  5.20065E-03,  5.51119E-03,  5.82949E-03,  6.15856E-03,  6.50428E-03,  6.87651E-03,  7.29009E-03,  7.76561E-03,  8.32966E-03,NA,NA,NA,NA,NA,NA,NA,NA,NA,NA,NA,NA,NA,NA,NA,NA,NA,NA,NA,NA,NA,NA,NA,NA,NA,NA,NA,  8.14487E-03,  6.22396E-03,  4.60149E-03,  3.25445E-03,  2.15487E-03,  1.27283E-03,  5.78647E-04,  4.41035E-05, -3.56688E-04, -6.46921E-04, -8.46958E-04, -9.74383E-04, -1.04416E-03, -1.06886E-03, -1.05891E-03, -1.02290E-03, -9.67798E-04, -8.99207E-04, -8.21602E-04, -7.38511E-04, -6.52686E-04, -5.66246E-04, -4.80800E-04, -3.97544E-04, -3.17347E-04, -2.40816E-04, -1.68352E-04, -1.00196E-04, -3.64645E-05,
  1.07360E-03,  1.17489E-03,  1.28364E-03,  1.40029E-03,  1.52528E-03,  1.65905E-03,  1.80200E-03,  1.95451E-03,  2.11690E-03,  2.28940E-03,  2.47219E-03,  2.66529E-03,  2.86861E-03,  3.08186E-03,  3.30458E-03,  3.53610E-03,  3.77556E-03,  4.02190E-03,  4.27394E-03,  4.53048E-03,  4.79049E-03,  5.05336E-03,  5.31937E-03,  5.59019E-03,  5.86965E-03,  6.16460E-03,  6.48580E-03,  6.84885E-03,  7.27478E-03,  7.79026E-03,  8.42722E-03,NA,NA,NA,NA,NA,NA,NA,NA,NA,NA,NA,NA,NA,NA,NA,NA,NA,NA,NA,NA,NA,NA,NA,NA,NA,NA,  9.33758E-03,  7.33136E-03,  5.63064E-03,  4.21056E-03,  3.04173E-03,  2.09338E-03,  1.33534E-03,  7.39300E-04,  2.79490E-04, -6.70637E-05, -3.20471E-04, -4.98087E-04, -6.14706E-04, -6.82806E-04, -7.12806E-04, -7.13329E-04, -6.91452E-04, -6.52936E-04, -6.02435E-04, -5.43678E-04, -4.79629E-04, -4.12619E-04, -3.44468E-04, -2.76574E-04, -2.09995E-04, -1.45519E-04, -8.37099E-05, -2.49616E-05,  3.04729E-05,
  1.17772E-03,  1.28010E-03,  1.38957E-03,  1.50649E-03,  1.63122E-03,  1.76409E-03,  1.90539E-03,  2.05535E-03,  2.21416E-03,  2.38189E-03,  2.55852E-03,  2.74388E-03,  2.93764E-03,  3.13931E-03,  3.34818E-03,  3.56338E-03,  3.78383E-03,  4.00833E-03,  4.23562E-03,  4.46454E-03,  4.69422E-03,  4.92444E-03,  5.15599E-03,  5.39128E-03,  5.63501E-03,  5.89494E-03,  6.18270E-03,  6.51457E-03,  6.91199E-03,  7.40184E-03,  8.01610E-03,NA,NA,NA,NA,NA,NA,NA,NA,NA,NA,NA,NA,NA,NA,NA,NA,NA,NA,NA,NA,NA,NA,NA,NA,NA,NA,NA,  8.49939E-03,  6.70975E-03,  5.20813E-03,  3.96343E-03,  2.94366E-03,  2.11792E-03,  1.45756E-03,  9.36666E-04,  5.32296E-04,  2.24431E-04, -4.18731E-06, -1.68289E-04, -2.80332E-04, -3.50770E-04, -3.88312E-04, -4.00164E-04, -3.92248E-04, -3.69403E-04, -3.35559E-04, -2.93886E-04, -2.46924E-04, -1.96694E-04, -1.44789E-04, -9.24541E-05, -4.06469E-05,  9.90534E-06,  5.86634E-05,  1.05239E-04,
  1.27448E-03,  1.37751E-03,  1.48723E-03,  1.60396E-03,  1.72796E-03,  1.85948E-03,  1.99870E-03,  2.14575E-03,  2.30067E-03,  2.46343E-03,  2.63384E-03,  2.81159E-03,  2.99621E-03,  3.18704E-03,  3.38326E-03,  3.58387E-03,  3.78773E-03,  3.99362E-03,  4.20038E-03,  4.40702E-03,  4.61301E-03,  4.81857E-03,  5.02513E-03,  5.23584E-03,  5.45622E-03,  5.69486E-03,  5.96412E-03,  6.28084E-03,  6.66680E-03,  7.14901E-03,  7.75958E-03,  8.53520E-03,NA,NA,NA,NA,NA,NA,NA,NA,NA,NA,NA,NA,NA,NA,NA,NA,NA,NA,NA,NA,NA,NA,NA,NA,NA,NA,  9.66860E-03,  7.79046E-03,  6.20763E-03,  4.88741E-03,  3.79671E-03,  2.90391E-03,  2.17998E-03,  1.59883E-03,  1.13752E-03,  7.76054E-04,  4.97232E-04,  2.86356E-04,  1.30962E-04,  2.05498E-05, -5.36782E-05, -9.90519E-05, -1.21648E-04, -1.26479E-04, -1.17661E-04, -9.85566E-05, -7.18993E-05, -3.98997E-05, -4.33392E-06,  3.33804E-05,  7.21213E-05,  1.11010E-04,  1.49366E-04,  1.86673E-04,
  1.36427E-03,  1.46756E-03,  1.57717E-03,  1.69333E-03,  1.81625E-03,  1.94609E-03,  2.08295E-03,  2.22687E-03,  2.37780E-03,  2.53559E-03,  2.69996E-03,  2.87050E-03,  3.04664E-03,  3.22765E-03,  3.41267E-03,  3.60066E-03,  3.79054E-03,  3.98120E-03,  4.17166E-03,  4.36123E-03,  4.54978E-03,  4.73806E-03,  4.92814E-03,  5.12386E-03,  5.33148E-03,  5.56027E-03,  5.82319E-03,  6.13745E-03,  6.52500E-03,  7.01286E-03,  7.63315E-03,  8.42276E-03,NA,NA,NA,NA,NA,NA,NA,NA,NA,NA,NA,NA,NA,NA,NA,NA,NA,NA,NA,NA,NA,NA,NA,NA,NA,NA,  1.07837E-02,  8.82801E-03,  7.17256E-03,  5.78373E-03,  4.62774E-03,  3.67262E-03,  2.88914E-03,  2.25123E-03,  1.73599E-03,  1.32355E-03,  9.96781E-04,  7.41056E-04,  5.43931E-04,  3.94885E-04,  2.85056E-04,  2.07015E-04,  1.54558E-04,  1.22524E-04,  1.06636E-04,  1.03360E-04,  1.09792E-04,  1.23550E-04,  1.42693E-04,  1.65644E-04,  1.91130E-04,  2.18133E-04,  2.45841E-04,  2.73615E-04,
  1.44749E-03,  1.55073E-03,  1.65992E-03,  1.77523E-03,  1.89682E-03,  2.02477E-03,  2.15912E-03,  2.29984E-03,  2.44681E-03,  2.59980E-03,  2.75848E-03,  2.92237E-03,  3.09088E-03,  3.26326E-03,  3.43865E-03,  3.61612E-03,  3.79467E-03,  3.97339E-03,  4.15158E-03,  4.32889E-03,  4.50566E-03,  4.68316E-03,  4.86406E-03,  5.05283E-03,  5.25634E-03,  5.48440E-03,  5.75033E-03,  6.07152E-03,  6.46991E-03,  6.97229E-03,  7.61050E-03,  8.42125E-03,  9.44570E-03,NA,NA,NA,NA,NA,NA,NA,NA,NA,NA,NA,NA,NA,NA,NA,NA,NA,NA,NA,NA,NA,NA,NA,NA,NA,  1.17966E-02,  9.78321E-03,  8.07087E-03,  6.62596E-03,  5.41481E-03,  4.40565E-03,  3.56951E-03,  2.88062E-03,  2.31636E-03,  1.85709E-03,  1.48591E-03,  1.18833E-03,  9.52004E-04,  7.66438E-04,  6.22759E-04,  5.13486E-04,  4.32327E-04,  3.74009E-04,  3.34127E-04,  3.09009E-04,  2.95604E-04,  2.91386E-04,  2.94266E-04,  3.02530E-04,  3.14770E-04,  3.29839E-04,  3.46807E-04,  3.64924E-04,
  1.52454E-03,  1.62747E-03,  1.73601E-03,  1.85026E-03,  1.97034E-03,  2.09629E-03,  2.22808E-03,  2.36564E-03,  2.50879E-03,  2.65729E-03,  2.81074E-03,  2.96868E-03,  3.13050E-03,  3.29551E-03,  3.46292E-03,  3.63190E-03,  3.80167E-03,  3.97153E-03,  4.14110E-03,  4.31044E-03,  4.48030E-03,  4.65250E-03,  4.83020E-03,  5.01844E-03,  5.22454E-03,  5.45864E-03,  5.73426E-03,  6.06872E-03,  6.48369E-03,  7.00543E-03,  7.66511E-03,  8.49871E-03,  9.54671E-03,  1.08531E-02,NA,NA,NA,NA,NA,NA,NA,NA,NA,NA,NA,NA,NA,NA,NA,NA,NA,NA,NA,NA,NA,NA,NA,NA,  1.26689E-02,  1.06244E-02,  8.87627E-03,  7.39217E-03,  6.13948E-03,  5.08740E-03,  4.20778E-03,  3.47556E-03,  2.86870E-03,  2.36804E-03,  1.95705E-03,  1.62151E-03,  1.34928E-03,  1.12996E-03,  9.54762E-04,  8.16193E-04,  7.07932E-04,  6.24641E-04,  5.61827E-04,  5.15714E-04,  4.83139E-04,  4.61457E-04,  4.48460E-04,  4.42312E-04,  4.41493E-04,  4.44742E-04,  4.51025E-04,  4.59491E-04,
  1.59578E-03,  1.69822E-03,  1.80593E-03,  1.91899E-03,  2.03747E-03,  2.16136E-03,  2.29063E-03,  2.42515E-03,  2.56473E-03,  2.70909E-03,  2.85786E-03,  3.01059E-03,  3.16671E-03,  3.32561E-03,  3.48661E-03,  3.64905E-03,  3.81235E-03,  3.97611E-03,  4.14025E-03,  4.30522E-03,  4.47222E-03,  4.64349E-03,  4.82267E-03,  5.01518E-03,  5.22867E-03,  5.47344E-03,  5.76296E-03,  6.11427E-03,  6.54845E-03,  7.09092E-03,  7.77168E-03,  8.62534E-03,  9.69078E-03,  1.10103E-02,  1.26276E-02,NA,NA,NA,NA,NA,NA,NA,NA,NA,NA,NA,NA,NA,NA,NA,NA,NA,NA,NA,NA,NA,NA,NA,  1.33741E-02,  1.13288E-02,  9.56926E-03,  8.06561E-03,  6.78736E-03,  5.70543E-03,  4.79315E-03,  4.02662E-03,  3.38474E-03,  2.84910E-03,  2.40372E-03,  2.03483E-03,  1.73059E-03,  1.48084E-03,  1.27691E-03,  1.11140E-03,  9.78010E-04,  8.71389E-04,  7.87002E-04,  7.21011E-04,  6.70176E-04,  6.31762E-04,  6.03469E-04,  5.83367E-04,  5.69837E-04,  5.61527E-04,  5.57310E-04,  5.56250E-04,
  1.66160E-03,  1.76339E-03,  1.87014E-03,  1.98192E-03,  2.09876E-03,  2.22062E-03,  2.34745E-03,  2.47911E-03,  2.61541E-03,  2.75606E-03,  2.90073E-03,  3.04899E-03,  3.20038E-03,  3.35436E-03,  3.51041E-03,  3.66805E-03,  3.82693E-03,  3.98692E-03,  4.14828E-03,  4.31181E-03,  4.47910E-03,  4.65276E-03,  4.83680E-03,  5.03690E-03,  5.26086E-03,  5.51898E-03,  5.82445E-03,  6.19381E-03,  6.64725E-03,  7.20896E-03,  7.90733E-03,  8.77492E-03,  9.84812E-03,  1.11662E-02,  1.27696E-02,NA,NA,NA,NA,NA,NA,NA,NA,NA,NA,NA,NA,NA,NA,NA,NA,NA,NA,NA,NA,NA,NA,NA,  1.38983E-02,  1.18832E-02,  1.01377E-02,  8.63519E-03,  7.34840E-03,  6.25073E-03,  5.31753E-03,  4.52655E-03,  3.85796E-03,  3.29438E-03,  2.82061E-03,  2.42348E-03,  2.09159E-03,  1.81512E-03,  1.58562E-03,  1.39585E-03,  1.23960E-03,  1.11156E-03,  1.00720E-03,  9.22674E-04,  8.54692E-04,  8.00466E-04,  7.57632E-04,  7.24187E-04,  6.98438E-04,  6.78959E-04,  6.64547E-04,  6.54193E-04,
  1.72233E-03,  1.82336E-03,  1.92908E-03,  2.03953E-03,  2.15472E-03,  2.27462E-03,  2.39914E-03,  2.52816E-03,  2.66148E-03,  2.79886E-03,  2.93999E-03,  3.08452E-03,  3.23205E-03,  3.38220E-03,  3.53459E-03,  3.68892E-03,  3.84509E-03,  4.00324E-03,  4.16392E-03,  4.32825E-03,  4.49814E-03,  4.67651E-03,  4.86760E-03,  5.07726E-03,  5.31327E-03,  5.58575E-03,  5.90744E-03,  6.29410E-03,  6.76478E-03,  7.34213E-03,  8.05244E-03,  8.92568E-03,  9.99500E-03,  1.12958E-02,  1.28638E-02,  1.47319E-02,NA,NA,NA,NA,NA,NA,NA,NA,NA,NA,NA,NA,NA,NA,NA,NA,NA,NA,NA,NA,NA,  1.64613E-02,  1.42397E-02,  1.22839E-02,  1.05765E-02,  9.09539E-03,  7.81696E-03,  6.71773E-03,  5.77559E-03,  4.97028E-03,  4.28363E-03,  3.69948E-03,  3.20363E-03,  2.78366E-03,  2.42876E-03,  2.12955E-03,  1.87789E-03,  1.66677E-03,  1.49014E-03,  1.34280E-03,  1.22027E-03,  1.11873E-03,  1.03488E-03,  9.65918E-04,  9.09438E-04,  8.63395E-04,  8.26042E-04,  7.95895E-04,  7.71696E-04,  7.52376E-04,
  1.77829E-03,  1.87848E-03,  1.98312E-03,  2.09223E-03,  2.20581E-03,  2.32382E-03,  2.44619E-03,  2.57279E-03,  2.70346E-03,  2.83798E-03,  2.97610E-03,  3.11755E-03,  3.26204E-03,  3.40930E-03,  3.55911E-03,  3.71138E-03,  3.86621E-03,  4.02400E-03,  4.18554E-03,  4.35225E-03,  4.52628E-03,  4.71077E-03,  4.91009E-03,  5.13012E-03,  5.37851E-03,  5.66500E-03,  6.00172E-03,  6.40345E-03,  6.88790E-03,  7.47583E-03,  8.19115E-03,  9.06075E-03,  1.01140E-02,  1.13818E-02,  1.28945E-02,  1.46791E-02,NA,NA,NA,NA,NA,NA,NA,NA,NA,NA,NA,NA,NA,NA,NA,NA,NA,NA,NA,NA,NA,  1.65147E-02,  1.44068E-02,  1.25350E-02,  1.08872E-02,  9.44584E-03,  8.19149E-03,  7.10417E-03,  6.16464E-03,  5.35495E-03,  4.65878E-03,  4.06144E-03,  3.54988E-03,  3.11258E-03,  2.73944E-03,  2.42158E-03,  2.15131E-03,  1.92190E-03,  1.72753E-03,  1.56314E-03,  1.42438E-03,  1.30747E-03,  1.20916E-03,  1.12666E-03,  1.05754E-03,  9.99755E-04,  9.51512E-04,  9.11296E-04,  8.77806E-04,  8.49929E-04,
  1.82977E-03,  1.92907E-03,  2.03259E-03,  2.14036E-03,  2.25239E-03,  2.36862E-03,  2.48899E-03,  2.61340E-03,  2.74172E-03,  2.87377E-03,  3.00937E-03,  3.14832E-03,  3.29044E-03,  3.43559E-03,  3.58371E-03,  3.73488E-03,  3.88940E-03,  4.04788E-03,  4.21135E-03,  4.38143E-03,  4.56045E-03,  4.75168E-03,  4.95954E-03,  5.18981E-03,  5.44987E-03,  5.74899E-03,  6.09850E-03,  6.51207E-03,  7.00584E-03,  7.59853E-03,  8.31142E-03,  9.16807E-03,  1.01938E-02,  1.14147E-02,  1.28554E-02,  1.45371E-02,  1.64727E-02,NA,NA,NA,NA,NA,NA,NA,NA,NA,NA,NA,NA,NA,NA,NA,NA,NA,NA,NA,  1.85656E-02,  1.63890E-02,  1.44158E-02,  1.26475E-02,  1.10766E-02,  9.69056E-03,  8.47405E-03,  7.41075E-03,  6.48443E-03,  5.67966E-03,  4.98210E-03,  4.37868E-03,  3.85763E-03,  3.40842E-03,  3.02176E-03,  2.68939E-03,  2.40408E-03,  2.15949E-03,  1.95007E-03,  1.77098E-03,  1.61800E-03,  1.48747E-03,  1.37620E-03,  1.28143E-03,  1.20078E-03,  1.13218E-03,  1.07384E-03,  1.02423E-03,  9.82016E-04,  9.46060E-04,
  1.87704E-03,  1.97540E-03,  2.07780E-03,  2.18426E-03,  2.29478E-03,  2.40934E-03,  2.52787E-03,  2.65030E-03,  2.77654E-03,  2.90646E-03,  3.03994E-03,  3.17688E-03,  3.31719E-03,  3.46085E-03,  3.60794E-03,  3.75871E-03,  3.91363E-03,  4.07348E-03,  4.23949E-03,  4.41340E-03,  4.59769E-03,  4.79565E-03,  5.01166E-03,  5.25130E-03,  5.52160E-03,  5.83120E-03,  6.19057E-03,  6.61211E-03,  7.11031E-03,  7.70173E-03,  8.40490E-03,  9.24001E-03,  1.02283E-02,  1.13909E-02,  1.27472E-02,  1.43126E-02,  1.60945E-02,NA,NA,NA,NA,NA,NA,NA,NA,NA,NA,NA,NA,NA,NA,NA,NA,NA,NA,NA,  1.81064E-02,  1.61131E-02,  1.42881E-02,  1.26365E-02,  1.11555E-02,  9.83700E-03,  8.66961E-03,  7.64061E-03,  6.73681E-03,  5.94530E-03,  5.25379E-03,  4.65090E-03,  4.12620E-03,  3.67027E-03,  3.27464E-03,  2.93177E-03,  2.63496E-03,  2.37828E-03,  2.15652E-03,  1.96507E-03,  1.79993E-03,  1.65755E-03,  1.53486E-03,  1.42917E-03,  1.33814E-03,  1.25972E-03,  1.19215E-03,  1.13387E-03,  1.08356E-03,  1.04006E-03,
  1.92033E-03,  2.01773E-03,  2.11900E-03,  2.22418E-03,  2.33326E-03,  2.44623E-03,  2.56306E-03,  2.68371E-03,  2.80810E-03,  2.93617E-03,  3.06788E-03,  3.20319E-03,  3.34211E-03,  3.48473E-03,  3.63126E-03,  3.78209E-03,  3.93783E-03,  4.09941E-03,  4.26817E-03,  4.44597E-03,  4.63531E-03,  4.83948E-03,  5.06272E-03,  5.31033E-03,  5.58890E-03,  5.90638E-03,  6.27226E-03,  6.69766E-03,  7.19534E-03,  7.77969E-03,  8.46651E-03,  9.27268E-03,  1.02155E-02,  1.13115E-02,  1.25754E-02,  1.40171E-02,  1.56398E-02,  1.74358E-02,NA,NA,NA,NA,NA,NA,NA,NA,NA,NA,NA,NA,NA,NA,NA,NA,NA,  1.94469E-02,  1.75241E-02,  1.57179E-02,  1.40470E-02,  1.25199E-02,  1.11373E-02,  9.89495E-03,  8.78528E-03,  7.79883E-03,  6.92530E-03,  6.15420E-03,  5.47530E-03,  4.87888E-03,  4.35590E-03,  3.89803E-03,  3.49773E-03,  3.14817E-03,  2.84323E-03,  2.57746E-03,  2.34599E-03,  2.14452E-03,  1.96924E-03,  1.81681E-03,  1.68427E-03,  1.56903E-03,  1.46880E-03,  1.38160E-03,  1.30568E-03,  1.23951E-03,  1.18178E-03,  1.13130E-03,
  1.95986E-03,  2.05627E-03,  2.15642E-03,  2.26034E-03,  2.36804E-03,  2.47952E-03,  2.59477E-03,  2.71377E-03,  2.83651E-03,  2.96297E-03,  3.09316E-03,  3.22712E-03,  3.36494E-03,  3.50683E-03,  3.65309E-03,  3.80423E-03,  3.96096E-03,  4.12433E-03,  4.29575E-03,  4.47712E-03,  4.67095E-03,  4.88044E-03,  5.10961E-03,  5.36344E-03,  5.64800E-03,  5.97051E-03,  6.33945E-03,  6.76461E-03,  7.25708E-03,  7.82910E-03,  8.49389E-03,  9.26520E-03,  1.01567E-02,  1.11810E-02,  1.23483E-02,  1.36645E-02,  1.51289E-02,  1.67316E-02,  1.84508E-02,NA,NA,NA,NA,NA,NA,NA,NA,NA,NA,NA,NA,NA,NA,NA,  2.03311E-02,  1.85653E-02,  1.68560E-02,  1.52332E-02,  1.37165E-02,  1.23163E-02,  1.10363E-02,  9.87557E-03,  8.82957E-03,  7.89183E-03,  7.05466E-03,  6.30985E-03,  5.64910E-03,  5.06431E-03,  4.54778E-03,  4.09231E-03,  3.69126E-03,  3.33855E-03,  3.02867E-03,  2.75663E-03,  2.51798E-03,  2.30873E-03,  2.12533E-03,  1.96460E-03,  1.82376E-03,  1.70032E-03,  1.59210E-03,  1.49716E-03,  1.41382E-03,  1.34056E-03,  1.27609E-03,  1.21925E-03,
  1.99582E-03,  2.09122E-03,  2.19025E-03,  2.29294E-03,  2.39930E-03,  2.50936E-03,  2.62312E-03,  2.74061E-03,  2.86185E-03,  2.98685E-03,  3.11570E-03,  3.24850E-03,  3.38542E-03,  3.52674E-03,  3.67285E-03,  3.82436E-03,  3.98205E-03,  4.14704E-03,  4.32077E-03,  4.50517E-03,  4.70265E-03,  4.91629E-03,  5.14987E-03,  5.40797E-03,  5.69611E-03,  6.02075E-03,  6.38937E-03,  6.81047E-03,  7.29348E-03,  7.84867E-03,  8.48684E-03,  9.21896E-03,  1.00555E-02,  1.10056E-02,  1.20757E-02,  1.32685E-02,  1.45807E-02,  1.60009E-02,  1.75081E-02,  1.90699E-02,  2.06418E-02,NA,NA,NA,NA,NA,NA,NA,NA,NA,NA,NA,  2.22137E-02,  2.07261E-02,  1.91871E-02,  1.76439E-02,  1.61342E-02,  1.46861E-02,  1.33187E-02,  1.20438E-02,  1.08673E-02,  9.79056E-03,  8.81173E-03,  7.92685E-03,  7.13052E-03,  6.41656E-03,  5.77844E-03,  5.20959E-03,  4.70359E-03,  4.25432E-03,  3.85603E-03,  3.50337E-03,  3.19145E-03,  2.91579E-03,  2.67235E-03,  2.45745E-03,  2.26781E-03,  2.10049E-03,  1.95286E-03,  1.82257E-03,  1.70753E-03,  1.60591E-03,  1.51605E-03,  1.43652E-03,  1.36602E-03,  1.30344E-03,
  2.02837E-03,  2.12276E-03,  2.22067E-03,  2.32213E-03,  2.42719E-03,  2.53588E-03,  2.64823E-03,  2.76429E-03,  2.88412E-03,  3.00778E-03,  3.13540E-03,  3.26714E-03,  3.40324E-03,  3.54403E-03,  3.69000E-03,  3.84178E-03,  4.00023E-03,  4.16649E-03,  4.34202E-03,  4.52869E-03,  4.72883E-03,  4.94531E-03,  5.18165E-03,  5.44201E-03,  5.73133E-03,  6.05532E-03,  6.42048E-03,  6.83405E-03,  7.30398E-03,  7.83868E-03,  8.44681E-03,  9.13687E-03,  9.91658E-03,  1.07922E-02,  1.17674E-02,  1.28422E-02,  1.40114E-02,  1.52633E-02,  1.65782E-02,  1.79274E-02,  1.92732E-02,  2.05696E-02,  2.17648E-02,NA,NA,NA,NA,NA,NA,NA,  2.28319E-02,  2.18166E-02,  2.06501E-02,  1.93811E-02,  1.80553E-02,  1.67125E-02,  1.53856E-02,  1.40998E-02,  1.28736E-02,  1.17194E-02,  1.06442E-02,  9.65140E-03,  8.74113E-03,  7.91146E-03,  7.15892E-03,  6.47911E-03,  5.86709E-03,  5.31765E-03,  4.82556E-03,  4.38572E-03,  3.99322E-03,  3.64346E-03,  3.33213E-03,  3.05525E-03,  2.80920E-03,  2.59064E-03,  2.39657E-03,  2.22427E-03,  2.07129E-03,  1.93544E-03,  1.81475E-03,  1.70746E-03,  1.61201E-03,  1.52700E-03,  1.45120E-03,  1.38350E-03,
  2.05767E-03,  2.15102E-03,  2.24780E-03,  2.34806E-03,  2.45183E-03,  2.55918E-03,  2.67017E-03,  2.78485E-03,  2.90332E-03,  3.02570E-03,  3.15214E-03,  3.28285E-03,  3.41812E-03,  3.55834E-03,  3.70404E-03,  3.85589E-03,  4.01477E-03,  4.18184E-03,  4.35852E-03,  4.54660E-03,  4.74829E-03,  4.96625E-03,  5.20367E-03,  5.46432E-03,  5.75254E-03,  6.07331E-03,  6.43219E-03,  6.83530E-03,  7.28917E-03,  7.80059E-03,  8.37634E-03,  9.02280E-03,  9.74545E-03,  1.05482E-02,  1.14325E-02,  1.23967E-02,  1.34343E-02,  1.45338E-02,  1.56771E-02,  1.68393E-02,  1.79886E-02,  1.90874E-02,  2.00939E-02,  2.09654E-02,  2.16613E-02,  2.21473E-02,  2.23989E-02,  2.24040E-02,  2.21636E-02,  2.16921E-02,  2.10146E-02,  2.01646E-02,  1.91796E-02,  1.80987E-02,  1.69590E-02,  1.57936E-02,  1.46309E-02,  1.34933E-02,  1.23982E-02,  1.13577E-02,  1.03798E-02,  9.46894E-03,  8.62686E-03,  7.85320E-03,  7.14607E-03,  6.50258E-03,  5.91913E-03,  5.39174E-03,  4.91627E-03,  4.48851E-03,  4.10440E-03,  3.75998E-03,  3.45154E-03,  3.17560E-03,  2.92891E-03,  2.70851E-03,  2.51167E-03,  2.33590E-03,  2.17894E-03,  2.03876E-03,  1.91352E-03,  1.80157E-03,  1.70141E-03,  1.61172E-03,  1.53132E-03,  1.45913E-03,
  2.08385E-03,  2.17615E-03,  2.27179E-03,  2.37083E-03,  2.47333E-03,  2.57936E-03,  2.68899E-03,  2.80232E-03,  2.91946E-03,  3.04056E-03,  3.16581E-03,  3.29546E-03,  3.42983E-03,  3.56935E-03,  3.71457E-03,  3.86619E-03,  4.02510E-03,  4.19241E-03,  4.36951E-03,  4.55810E-03,  4.76021E-03,  4.97828E-03,  5.21518E-03,  5.47425E-03,  5.75928E-03,  6.07455E-03,  6.42476E-03,  6.81496E-03,  7.25048E-03,  7.73665E-03,  8.27867E-03,  8.88114E-03,  9.54772E-03,  1.02805E-02,  1.10794E-02,  1.19414E-02,  1.28597E-02,  1.38230E-02,  1.48153E-02,  1.58149E-02,  1.67954E-02,  1.77260E-02,  1.85733E-02,  1.93034E-02,  1.98848E-02,  2.02908E-02,  2.05023E-02,  2.05095E-02,  2.03129E-02,  1.99230E-02,  1.93588E-02,  1.86458E-02,  1.78135E-02,  1.68926E-02,  1.59132E-02,  1.49029E-02,  1.38858E-02,  1.28817E-02,  1.19064E-02,  1.09715E-02,  1.00853E-02,  9.25302E-03,  8.47740E-03,  7.75929E-03,  7.09806E-03,  6.49203E-03,  5.93875E-03,  5.43531E-03,  4.97849E-03,  4.56495E-03,  4.19132E-03,  3.85432E-03,  3.55075E-03,  3.27762E-03,  3.03207E-03,  2.81147E-03,  2.61337E-03,  2.43552E-03,  2.27586E-03,  2.13251E-03,  2.00377E-03,  1.88810E-03,  1.78409E-03,  1.69049E-03,  1.60616E-03,  1.53010E-03,
  2.10705E-03,  2.19826E-03,  2.29275E-03,  2.39056E-03,  2.49177E-03,  2.59647E-03,  2.70475E-03,  2.81672E-03,  2.93251E-03,  3.05230E-03,  3.17631E-03,  3.30481E-03,  3.43815E-03,  3.57678E-03,  3.72126E-03,  3.87230E-03,  4.03076E-03,  4.19773E-03,  4.37450E-03,  4.56266E-03,  4.76408E-03,  4.98095E-03,  5.21584E-03,  5.47164E-03,  5.75164E-03,  6.05946E-03,  6.39901E-03,  6.77442E-03,  7.18991E-03,  7.64963E-03,  8.15739E-03,  8.71639E-03,  9.32885E-03,  9.99550E-03,  1.07151E-02,  1.14839E-02,  1.22950E-02,  1.31380E-02,  1.39985E-02,  1.48580E-02,  1.56945E-02,  1.64830E-02,  1.71968E-02,  1.78090E-02,  1.82950E-02,  1.86340E-02,  1.88110E-02,  1.88184E-02,  1.86561E-02,  1.83318E-02,  1.78599E-02,  1.72599E-02,  1.65548E-02,  1.57689E-02,  1.49267E-02,  1.40508E-02,  1.31616E-02,  1.22764E-02,  1.14093E-02,  1.05713E-02,  9.77043E-03,  9.01233E-03,  8.30043E-03,  7.63643E-03,  7.02065E-03,  6.45238E-03,  5.93011E-03,  5.45182E-03,  5.01511E-03,  4.61738E-03,  4.25593E-03,  3.92802E-03,  3.63101E-03,  3.36229E-03,  3.11942E-03,  2.90007E-03,  2.70207E-03,  2.52340E-03,  2.36220E-03,  2.21676E-03,  2.08550E-03,  1.96700E-03,  1.85995E-03,  1.76318E-03,  1.67560E-03,  1.59627E-03,
  2.12737E-03,  2.21747E-03,  2.31077E-03,  2.40734E-03,  2.50725E-03,  2.61060E-03,  2.71749E-03,  2.82807E-03,  2.94247E-03,  3.06089E-03,  3.18357E-03,  3.31080E-03,  3.44294E-03,  3.58045E-03,  3.72389E-03,  3.87395E-03,  4.03147E-03,  4.19747E-03,  4.37317E-03,  4.56001E-03,  4.75969E-03,  4.97417E-03,  5.20568E-03,  5.45674E-03,  5.73013E-03,  6.02889E-03,  6.35623E-03,  6.71544E-03,  7.10984E-03,  7.54251E-03,  8.01620E-03,  8.53296E-03,  9.09389E-03,  9.69876E-03,  1.03456E-02,  1.10302E-02,  1.17459E-02,  1.24832E-02,  1.32293E-02,  1.39688E-02,  1.46832E-02,  1.53521E-02,  1.59543E-02,  1.64685E-02,  1.68752E-02,  1.71582E-02,  1.73060E-02,  1.73121E-02,  1.71766E-02,  1.69049E-02,  1.65080E-02,  1.60009E-02,  1.54016E-02,  1.47293E-02,  1.40037E-02,  1.32436E-02,  1.24660E-02,  1.16858E-02,  1.09156E-02,  1.01655E-02,  9.44322E-03,  8.75435E-03,  8.10275E-03,  7.49069E-03,  6.91919E-03,  6.38827E-03,  5.89721E-03,  5.44469E-03,  5.02903E-03,  4.64825E-03,  4.30022E-03,  3.98276E-03,  3.69365E-03,  3.43070E-03,  3.19182E-03,  2.97499E-03,  2.77829E-03,  2.59993E-03,  2.43825E-03,  2.29169E-03,  2.15882E-03,  2.03833E-03,  1.92901E-03,  1.82975E-03,  1.73956E-03,  1.65753E-03,
  2.14492E-03,  2.23388E-03,  2.32597E-03,  2.42125E-03,  2.51982E-03,  2.62179E-03,  2.72727E-03,  2.83640E-03,  2.94935E-03,  3.06631E-03,  3.18754E-03,  3.31335E-03,  3.44409E-03,  3.58022E-03,  3.72230E-03,  3.87098E-03,  4.02706E-03,  4.19149E-03,  4.36540E-03,  4.55009E-03,  4.74707E-03,  4.95807E-03,  5.18502E-03,  5.43007E-03,  5.69557E-03,  5.98400E-03,  6.29795E-03,  6.64004E-03,  7.01276E-03,  7.41838E-03,  7.85872E-03,  8.33497E-03,  8.84741E-03,  9.39510E-03,  9.97561E-03,  1.05847E-02,  1.12159E-02,  1.18608E-02,  1.25083E-02,  1.31452E-02,  1.37562E-02,  1.43248E-02,  1.48339E-02,  1.52665E-02,  1.56075E-02,  1.58440E-02,  1.59668E-02,  1.59711E-02,  1.58565E-02,  1.56270E-02,  1.52911E-02,  1.48603E-02,  1.43487E-02,  1.37717E-02,  1.31450E-02,  1.24842E-02,  1.18035E-02,  1.11157E-02,  1.04318E-02,  9.76089E-03,  9.11024E-03,  8.48536E-03,  7.89021E-03,  7.32741E-03,  6.79848E-03,  6.30398E-03,  5.84379E-03,  5.41718E-03,  5.02303E-03,  4.65993E-03,  4.32624E-03,  4.02023E-03,  3.74009E-03,  3.48402E-03,  3.25023E-03,  3.03699E-03,  2.84264E-03,  2.66560E-03,  2.50438E-03,  2.35759E-03,  2.22393E-03,  2.10221E-03,  1.99132E-03,  1.89024E-03,  1.79803E-03,  1.71385E-03,
  2.15981E-03,  2.24759E-03,  2.33842E-03,  2.43239E-03,  2.52959E-03,  2.63013E-03,  2.73413E-03,  2.84175E-03,  2.95315E-03,  3.06856E-03,  3.18821E-03,  3.31242E-03,  3.44155E-03,  3.57604E-03,  3.71642E-03,  3.86332E-03,  4.01748E-03,  4.17978E-03,  4.35123E-03,  4.53300E-03,  4.72643E-03,  4.93300E-03,  5.15439E-03,  5.39241E-03,  5.64898E-03,  5.92613E-03,  6.22591E-03,  6.55033E-03,  6.90123E-03,  7.28019E-03,  7.68834E-03,  8.12618E-03,  8.59339E-03,  9.08858E-03,  9.60909E-03,  1.01507E-02,  1.07076E-02,  1.12720E-02,  1.18345E-02,  1.23838E-02,  1.29075E-02,  1.33919E-02,  1.38233E-02,  1.41882E-02,  1.44745E-02,  1.46723E-02,  1.47741E-02,  1.47761E-02,  1.46778E-02,  1.44824E-02,  1.41962E-02,  1.38282E-02,  1.33895E-02,  1.28923E-02,  1.23495E-02,  1.17737E-02,  1.11768E-02,  1.05699E-02,  9.96235E-03,  9.36242E-03,  8.77673E-03,  8.21053E-03,  7.66777E-03,  7.15126E-03,  6.66280E-03,  6.20338E-03,  5.77331E-03,  5.37233E-03,  4.99980E-03,  4.65474E-03,  4.33596E-03,  4.04213E-03,  3.77178E-03,  3.52346E-03,  3.29567E-03,  3.08692E-03,  2.89581E-03,  2.72094E-03,  2.56101E-03,  2.41478E-03,  2.28109E-03,  2.15884E-03,  2.04703E-03,  1.94472E-03,  1.85105E-03,  1.76523E-03,
  2.17214E-03,  2.25870E-03,  2.34823E-03,  2.44084E-03,  2.53661E-03,  2.63567E-03,  2.73813E-03,  2.84416E-03,  2.95394E-03,  3.06766E-03,  3.18559E-03,  3.30803E-03,  3.43533E-03,  3.56791E-03,  3.70627E-03,  3.85100E-03,  4.00279E-03,  4.16242E-03,  4.33082E-03,  4.50900E-03,  4.69813E-03,  4.89950E-03,  5.11451E-03,  5.34466E-03,  5.59153E-03,  5.85674E-03,  6.14187E-03,  6.44842E-03,  6.77772E-03,  7.13077E-03,  7.50816E-03,  7.90990E-03,  8.33524E-03,  8.78253E-03,  9.24899E-03,  9.73064E-03,  1.02221E-02,  1.07166E-02,  1.12059E-02,  1.16807E-02,  1.21305E-02,  1.25442E-02,  1.29107E-02,  1.32192E-02,  1.34602E-02,  1.36256E-02,  1.37097E-02,  1.37093E-02,  1.36240E-02,  1.34562E-02,  1.32106E-02,  1.28945E-02,  1.25164E-02,  1.20863E-02,  1.16145E-02,  1.11114E-02,  1.05870E-02,  1.00506E-02,  9.51050E-03,  8.97387E-03,  8.44675E-03,  7.93404E-03,  7.43956E-03,  6.96618E-03,  6.51588E-03,  6.08990E-03,  5.68889E-03,  5.31296E-03,  4.96182E-03,  4.63489E-03,  4.33132E-03,  4.05012E-03,  3.79016E-03,  3.55024E-03,  3.32915E-03,  3.12565E-03,  2.93851E-03,  2.76656E-03,  2.60864E-03,  2.46366E-03,  2.33059E-03,  2.20844E-03,  2.09631E-03,  1.99333E-03,  1.89872E-03,  1.81174E-03,
  2.18200E-03,  2.26729E-03,  2.35549E-03,  2.44669E-03,  2.54098E-03,  2.63849E-03,  2.73935E-03,  2.84371E-03,  2.95175E-03,  3.06367E-03,  3.17973E-03,  3.30022E-03,  3.42547E-03,  3.55588E-03,  3.69192E-03,  3.83413E-03,  3.98312E-03,  4.13962E-03,  4.30443E-03,  4.47844E-03,  4.66266E-03,  4.85817E-03,  5.06615E-03,  5.28782E-03,  5.52446E-03,  5.77731E-03,  6.04759E-03,  6.33638E-03,  6.64454E-03,  6.97268E-03,  7.32095E-03,  7.68901E-03,  8.07583E-03,  8.47960E-03,  8.89760E-03,  9.32607E-03,  9.76016E-03,  1.01939E-02,  1.06204E-02,  1.10315E-02,  1.14187E-02,  1.17730E-02,  1.20852E-02,  1.23467E-02,  1.25499E-02,  1.26884E-02,  1.27576E-02,  1.27549E-02,  1.26799E-02,  1.25345E-02,  1.23224E-02,  1.20492E-02,  1.17217E-02,  1.13480E-02,  1.09365E-02,  1.04956E-02,  1.00338E-02,  9.55900E-03,  9.07824E-03,  8.59789E-03,  8.12337E-03,  7.65918E-03,  7.20896E-03,  6.77551E-03,  6.36090E-03,  5.96655E-03,  5.59332E-03,  5.24161E-03,  4.91141E-03,  4.60243E-03,  4.31413E-03,  4.04581E-03,  3.79660E-03,  3.56557E-03,  3.35172E-03,  3.15405E-03,  2.97150E-03,  2.80308E-03,  2.64779E-03,  2.50467E-03,  2.37280E-03,  2.25132E-03,  2.13939E-03,  2.03624E-03,  1.94116E-03,  1.85346E-03,
  2.18948E-03,  2.27347E-03,  2.36028E-03,  2.45002E-03,  2.54278E-03,  2.63868E-03,  2.73786E-03,  2.84046E-03,  2.94666E-03,  3.05666E-03,  3.17070E-03,  3.28906E-03,  3.41205E-03,  3.54006E-03,  3.67349E-03,  3.81285E-03,  3.95869E-03,  4.11164E-03,  4.27241E-03,  4.44177E-03,  4.62057E-03,  4.80972E-03,  5.01018E-03,  5.22295E-03,  5.44901E-03,  5.68933E-03,  5.94478E-03,  6.21611E-03,  6.50384E-03,  6.80823E-03,  7.12914E-03,  7.46597E-03,  7.81751E-03,  8.18192E-03,  8.55656E-03,  8.93796E-03,  9.32180E-03,  9.70288E-03,  1.00752E-02,  1.04320E-02,  1.07662E-02,  1.10704E-02,  1.13370E-02,  1.15593E-02,  1.17310E-02,  1.18469E-02,  1.19036E-02,  1.18988E-02,  1.18322E-02,  1.17051E-02,  1.15207E-02,  1.12832E-02,  1.09982E-02,  1.06720E-02,  1.03117E-02,  9.92418E-03,  9.51648E-03,  9.09526E-03,  8.66668E-03,  8.23626E-03,  7.80883E-03,  7.38850E-03,  6.97865E-03,  6.58198E-03,  6.20058E-03,  5.83593E-03,  5.48906E-03,  5.16055E-03,  4.85063E-03,  4.55925E-03,  4.28610E-03,  4.03070E-03,  3.79245E-03,  3.57062E-03,  3.36441E-03,  3.17301E-03,  2.99554E-03,  2.83116E-03,  2.67901E-03,  2.53826E-03,  2.40811E-03,  2.28777E-03,  2.17653E-03,  2.07367E-03,  1.97854E-03,  1.89052E-03,
  2.19469E-03,  2.27732E-03,  2.36270E-03,  2.45093E-03,  2.54210E-03,  2.63633E-03,  2.73375E-03,  2.83450E-03,  2.93876E-03,  3.04672E-03,  3.15861E-03,  3.27467E-03,  3.39522E-03,  3.52059E-03,  3.65116E-03,  3.78739E-03,  3.92975E-03,  4.07881E-03,  4.23517E-03,  4.39949E-03,  4.57248E-03,  4.75489E-03,  4.94749E-03,  5.15108E-03,  5.36640E-03,  5.59418E-03,  5.83501E-03,  6.08938E-03,  6.35753E-03,  6.63946E-03,  6.93482E-03,  7.24282E-03,  7.56219E-03,  7.89108E-03,  8.22701E-03,  8.56683E-03,  8.90667E-03,  9.24201E-03,  9.56772E-03,  9.87815E-03,  1.01673E-02,  1.04291E-02,  1.06575E-02,  1.08468E-02,  1.09921E-02,  1.10893E-02,  1.11354E-02,  1.11287E-02,  1.10689E-02,  1.09571E-02,  1.07956E-02,  1.05880E-02,  1.03387E-02,  1.00529E-02,  9.73616E-03,  9.39441E-03,  9.03348E-03,  8.65899E-03,  8.27625E-03,  7.89006E-03,  7.50471E-03,  7.12390E-03,  6.75076E-03,  6.38783E-03,  6.03715E-03,  5.70025E-03,  5.37822E-03,  5.07180E-03,  4.78137E-03,  4.50706E-03,  4.24878E-03,  4.00622E-03,  3.77898E-03,  3.56651E-03,  3.36820E-03,  3.18340E-03,  3.01138E-03,  2.85145E-03,  2.70286E-03,  2.56492E-03,  2.43691E-03,  2.31815E-03,  2.20800E-03,  2.10583E-03,  2.01104E-03,  1.92308E-03,
  2.19772E-03,  2.27895E-03,  2.36285E-03,  2.44952E-03,  2.53904E-03,  2.63153E-03,  2.72712E-03,  2.82595E-03,  2.92817E-03,  3.03397E-03,  3.14356E-03,  3.25719E-03,  3.37512E-03,  3.49765E-03,  3.62515E-03,  3.75799E-03,  3.89662E-03,  4.04149E-03,  4.19314E-03,  4.35212E-03,  4.51900E-03,  4.69441E-03,  4.87895E-03,  5.07323E-03,  5.27781E-03,  5.49319E-03,  5.71976E-03,  5.95779E-03,  6.20731E-03,  6.46812E-03,  6.73973E-03,  7.02124E-03,  7.31136E-03,  7.60829E-03,  7.90972E-03,  8.21280E-03,  8.51411E-03,  8.80973E-03,  9.09526E-03,  9.36594E-03,  9.61679E-03,  9.84273E-03,  1.00388E-02,  1.02005E-02,  1.03237E-02,  1.04051E-02,  1.04424E-02,  1.04340E-02,  1.03799E-02,  1.02808E-02,  1.01386E-02,  9.95609E-03,  9.73694E-03,  9.48533E-03,  9.20591E-03,  8.90353E-03,  8.58308E-03,  8.24935E-03,  7.90688E-03,  7.55985E-03,  7.21204E-03,  6.86678E-03,  6.52692E-03,  6.19483E-03,  5.87248E-03,  5.56136E-03,  5.26264E-03,  4.97711E-03,  4.70528E-03,  4.44743E-03,  4.20360E-03,  3.97366E-03,  3.75736E-03,  3.55430E-03,  3.36404E-03,  3.18605E-03,  3.01976E-03,  2.86459E-03,  2.71991E-03,  2.58512E-03,  2.45962E-03,  2.34281E-03,  2.23412E-03,  2.13298E-03,  2.03888E-03,  1.95130E-03,
  2.19865E-03,  2.27845E-03,  2.36083E-03,  2.44588E-03,  2.53370E-03,  2.62439E-03,  2.71808E-03,  2.81490E-03,  2.91499E-03,  3.01853E-03,  3.12572E-03,  3.23676E-03,  3.35192E-03,  3.47146E-03,  3.59569E-03,  3.72494E-03,  3.85961E-03,  4.00008E-03,  4.14679E-03,  4.30020E-03,  4.46079E-03,  4.62904E-03,  4.80541E-03,  4.99037E-03,  5.18431E-03,  5.38757E-03,  5.60035E-03,  5.82275E-03,  6.05465E-03,  6.29572E-03,  6.54535E-03,  6.80260E-03,  7.06618E-03,  7.33439E-03,  7.60510E-03,  7.87574E-03,  8.14331E-03,  8.40440E-03,  8.65524E-03,  8.89183E-03,  9.10998E-03,  9.30550E-03,  9.47432E-03,  9.61270E-03,  9.71732E-03,  9.78551E-03,  9.81532E-03,  9.80564E-03,  9.75625E-03,  9.66780E-03,  9.54182E-03,  9.38057E-03,  9.18701E-03,  8.96459E-03,  8.71714E-03,  8.44869E-03,  8.16336E-03,  7.86521E-03,  7.55813E-03,  7.24576E-03,  6.93143E-03,  6.61809E-03,  6.30834E-03,  6.00439E-03,  5.70806E-03,  5.42083E-03,  5.14386E-03,  4.87799E-03,  4.62383E-03,  4.38173E-03,  4.15186E-03,  3.93423E-03,  3.72869E-03,  3.53500E-03,  3.35283E-03,  3.18178E-03,  3.02140E-03,  2.87121E-03,  2.73070E-03,  2.59936E-03,  2.47667E-03,  2.36211E-03,  2.25518E-03,  2.15540E-03,  2.06228E-03,  1.97537E-03,
  2.19760E-03,  2.27591E-03,  2.35673E-03,  2.44012E-03,  2.52619E-03,  2.61503E-03,  2.70675E-03,  2.80148E-03,  2.89936E-03,  3.00055E-03,  3.10522E-03,  3.21358E-03,  3.32583E-03,  3.44222E-03,  3.56303E-03,  3.68854E-03,  3.81907E-03,  3.95497E-03,  4.09658E-03,  4.24429E-03,  4.39846E-03,  4.55948E-03,  4.72769E-03,  4.90342E-03,  5.08693E-03,  5.27842E-03,  5.47796E-03,  5.68551E-03,  5.90083E-03,  6.12351E-03,  6.35286E-03,  6.58795E-03,  6.82750E-03,  7.06994E-03,  7.31330E-03,  7.55531E-03,  7.79330E-03,  8.02434E-03,  8.24520E-03,  8.45248E-03,  8.64268E-03,  8.81230E-03,  8.95801E-03,  9.07670E-03,  9.16568E-03,  9.22276E-03,  9.24635E-03,  9.23556E-03,  9.19019E-03,  9.11078E-03,  8.99855E-03,  8.85537E-03,  8.68363E-03,  8.48620E-03,  8.26624E-03,  8.02712E-03,  7.77232E-03,  7.50528E-03,  7.22933E-03,  6.94765E-03,  6.66315E-03,  6.37846E-03,  6.09593E-03,  5.81757E-03,  5.54510E-03,  5.27993E-03,  5.02319E-03,  4.77576E-03,  4.53828E-03,  4.31118E-03,  4.09472E-03,  3.88899E-03,  3.69396E-03,  3.50951E-03,  3.33539E-03,  3.17133E-03,  3.01697E-03,  2.87192E-03,  2.73578E-03,  2.60811E-03,  2.48847E-03,  2.37642E-03,  2.27152E-03,  2.17335E-03,  2.08147E-03,  1.99550E-03,
  2.19465E-03,  2.27144E-03,  2.35065E-03,  2.43234E-03,  2.51661E-03,  2.60354E-03,  2.69324E-03,  2.78583E-03,  2.88142E-03,  2.98018E-03,  3.08225E-03,  3.18781E-03,  3.29705E-03,  3.41019E-03,  3.52745E-03,  3.64909E-03,  3.77537E-03,  3.90657E-03,  4.04298E-03,  4.18490E-03,  4.33262E-03,  4.48641E-03,  4.64654E-03,  4.81321E-03,  4.98658E-03,  5.16673E-03,  5.35363E-03,  5.54713E-03,  5.74693E-03,  5.95254E-03,  6.16325E-03,  6.37812E-03,  6.59595E-03,  6.81527E-03,  7.03430E-03,  7.25101E-03,  7.46307E-03,  7.66791E-03,  7.86280E-03,  8.04484E-03,  8.21108E-03,  8.35861E-03,  8.48467E-03,  8.58669E-03,  8.66246E-03,  8.71020E-03,  8.72860E-03,  8.71692E-03,  8.67502E-03,  8.60332E-03,  8.50283E-03,  8.37508E-03,  8.22204E-03,  8.04609E-03,  7.84985E-03,  7.63616E-03,  7.40795E-03,  7.16815E-03,  6.91964E-03,  6.66514E-03,  6.40723E-03,  6.14824E-03,  5.89028E-03,  5.63518E-03,  5.38454E-03,  5.13969E-03,  4.90172E-03,  4.67152E-03,  4.44973E-03,  4.23685E-03,  4.03319E-03,  3.83892E-03,  3.65410E-03,  3.47868E-03,  3.31252E-03,  3.15542E-03,  3.00712E-03,  2.86731E-03,  2.73567E-03,  2.61183E-03,  2.49543E-03,  2.38610E-03,  2.28345E-03,  2.18711E-03,  2.09671E-03,  2.01189E-03,
  2.18990E-03,  2.26515E-03,  2.34271E-03,  2.42266E-03,  2.50508E-03,  2.59006E-03,  2.67769E-03,  2.76807E-03,  2.86132E-03,  2.95758E-03,  3.05697E-03,  3.15966E-03,  3.26580E-03,  3.37559E-03,  3.48923E-03,  3.60690E-03,  3.72885E-03,  3.85529E-03,  3.98645E-03,  4.12256E-03,  4.26384E-03,  4.41048E-03,  4.56267E-03,  4.72051E-03,  4.88408E-03,  5.05336E-03,  5.22826E-03,  5.40855E-03,  5.59386E-03,  5.78366E-03,  5.97726E-03,  6.17372E-03,  6.37194E-03,  6.57053E-03,  6.76791E-03,  6.96226E-03,  7.15154E-03,  7.33353E-03,  7.50588E-03,  7.66612E-03,  7.81178E-03,  7.94043E-03,  8.04974E-03,  8.13761E-03,  8.20221E-03,  8.24207E-03,  8.25613E-03,  8.24377E-03,  8.20489E-03,  8.13983E-03,  8.04942E-03,  7.93492E-03,  7.79798E-03,  7.64057E-03,  7.46488E-03,  7.27330E-03,  7.06831E-03,  6.85242E-03,  6.62809E-03,  6.39771E-03,  6.16351E-03,  5.92758E-03,  5.69178E-03,  5.45781E-03,  5.22711E-03,  5.00094E-03,  4.78035E-03,  4.56619E-03,  4.35913E-03,  4.15967E-03,  3.96819E-03,  3.78490E-03,  3.60993E-03,  3.44329E-03,  3.28493E-03,  3.13471E-03,  2.99245E-03,  2.85792E-03,  2.73086E-03,  2.61098E-03,  2.49797E-03,  2.39151E-03,  2.29129E-03,  2.19697E-03,  2.10823E-03,  2.02476E-03,
  2.18345E-03,  2.25711E-03,  2.33300E-03,  2.41118E-03,  2.49172E-03,  2.57471E-03,  2.66022E-03,  2.74835E-03,  2.83921E-03,  2.93291E-03,  3.02956E-03,  3.12932E-03,  3.23231E-03,  3.33869E-03,  3.44863E-03,  3.56230E-03,  3.67986E-03,  3.80151E-03,  3.92741E-03,  4.05774E-03,  4.19265E-03,  4.33228E-03,  4.47671E-03,  4.62600E-03,  4.78015E-03,  4.93909E-03,  5.10263E-03,  5.27052E-03,  5.44234E-03,  5.61756E-03,  5.79547E-03,  5.97521E-03,  6.15571E-03,  6.33573E-03,  6.51383E-03,  6.68841E-03,  6.85766E-03,  7.01967E-03,  7.17242E-03,  7.31381E-03,  7.44175E-03,  7.55419E-03,  7.64920E-03,  7.72503E-03,  7.78016E-03,  7.81337E-03,  7.82381E-03,  7.81096E-03,  7.77473E-03,  7.71542E-03,  7.63372E-03,  7.53068E-03,  7.40766E-03,  7.26630E-03,  7.10847E-03,  6.93618E-03,  6.75152E-03,  6.55665E-03,  6.35370E-03,  6.14472E-03,  5.93169E-03,  5.71644E-03,  5.50066E-03,  5.28585E-03,  5.07336E-03,  4.86435E-03,  4.65981E-03,  4.46056E-03,  4.26726E-03,  4.08045E-03,  3.90050E-03,  3.72768E-03,  3.56217E-03,  3.40403E-03,  3.25327E-03,  3.10981E-03,  2.97354E-03,  2.84428E-03,  2.72184E-03,  2.60598E-03,  2.49646E-03,  2.39300E-03,  2.29534E-03,  2.20319E-03,  2.11628E-03,  2.03433E-03,
  2.17539E-03,  2.24745E-03,  2.32164E-03,  2.39802E-03,  2.47665E-03,  2.55761E-03,  2.64097E-03,  2.72681E-03,  2.81524E-03,  2.90634E-03,  3.00022E-03,  3.09700E-03,  3.19679E-03,  3.29973E-03,  3.40594E-03,  3.51557E-03,  3.62875E-03,  3.74561E-03,  3.86629E-03,  3.99091E-03,  4.11956E-03,  4.25233E-03,  4.38924E-03,  4.53030E-03,  4.67545E-03,  4.82456E-03,  4.97741E-03,  5.13370E-03,  5.29300E-03,  5.45477E-03,  5.61834E-03,  5.78287E-03,  5.94739E-03,  6.11076E-03,  6.27169E-03,  6.42875E-03,  6.58037E-03,  6.72489E-03,  6.86057E-03,  6.98561E-03,  7.09825E-03,  7.19676E-03,  7.27952E-03,  7.34507E-03,  7.39216E-03,  7.41977E-03,  7.42719E-03,  7.41400E-03,  7.38014E-03,  7.32585E-03,  7.25172E-03,  7.15861E-03,  7.04768E-03,  6.92030E-03,  6.77805E-03,  6.62262E-03,  6.45582E-03,  6.27948E-03,  6.09545E-03,  5.90551E-03,  5.71139E-03,  5.51471E-03,  5.31698E-03,  5.11956E-03,  4.92368E-03,  4.73041E-03,  4.54067E-03,  4.35526E-03,  4.17482E-03,  3.99987E-03,  3.83081E-03,  3.66795E-03,  3.51149E-03,  3.36153E-03,  3.21814E-03,  3.08129E-03,  2.95090E-03,  2.82687E-03,  2.70905E-03,  2.59725E-03,  2.49128E-03,  2.39091E-03,  2.29591E-03,  2.20606E-03,  2.12110E-03,  2.04080E-03,
  2.16583E-03,  2.23626E-03,  2.30873E-03,  2.38328E-03,  2.45998E-03,  2.53888E-03,  2.62006E-03,  2.70360E-03,  2.78956E-03,  2.87804E-03,  2.96912E-03,  3.06289E-03,  3.15947E-03,  3.25894E-03,  3.36142E-03,  3.46701E-03,  3.57582E-03,  3.68794E-03,  3.80347E-03,  3.92248E-03,  4.04502E-03,  4.17112E-03,  4.30079E-03,  4.43396E-03,  4.57053E-03,  4.71035E-03,  4.85315E-03,  4.99861E-03,  5.14632E-03,  5.29572E-03,  5.44617E-03,  5.59689E-03,  5.74699E-03,  5.89542E-03,  6.04104E-03,  6.18258E-03,  6.31866E-03,  6.44784E-03,  6.56861E-03,  6.67945E-03,  6.77885E-03,  6.86536E-03,  6.93760E-03,  6.99437E-03,  7.03460E-03,  7.05748E-03,  7.06239E-03,  7.04901E-03,  7.01727E-03,  6.96739E-03,  6.89987E-03,  6.81542E-03,  6.71504E-03,  6.59987E-03,  6.47125E-03,  6.33064E-03,  6.17956E-03,  6.01959E-03,  5.85233E-03,  5.67934E-03,  5.50214E-03,  5.32215E-03,  5.14072E-03,  4.95908E-03,  4.77835E-03,  4.59950E-03,  4.42341E-03,  4.25082E-03,  4.08235E-03,  3.91852E-03,  3.75973E-03,  3.60631E-03,  3.45847E-03,  3.31636E-03,  3.18008E-03,  3.04964E-03,  2.92502E-03,  2.80614E-03,  2.69290E-03,  2.58517E-03,  2.48277E-03,  2.38555E-03,  2.29330E-03,  2.20583E-03,  2.12293E-03,  2.04440E-03,
