  3.56214E-03,  3.60841E-03,  3.65404E-03,  3.69893E-03,  3.74300E-03,  3.78616E-03,  3.82835E-03,  3.86950E-03,  3.90957E-03,  3.94853E-03,  3.98639E-03,  4.02317E-03,  4.05893E-03,  4.09374E-03,  4.12775E-03,  4.16109E-03,  4.19398E-03,  4.22666E-03,  4.25939E-03,  4.29249E-03,  4.32630E-03,  4.36118E-03,  4.39750E-03,  4.43565E-03,  4.47598E-03,  4.51884E-03,  4.56450E-03,  4.61319E-03,  4.66502E-03,  4.72000E-03,  4.77799E-03,  4.83869E-03,  4.90159E-03,  4.96599E-03,  5.03097E-03,  5.09538E-03,  5.15785E-03,  5.21679E-03,  5.27043E-03,  5.31686E-03,  5.35406E-03,  5.37997E-03,  5.39256E-03,  5.38990E-03,  5.37021E-03,  5.33198E-03,  5.27398E-03,  5.19534E-03,  5.09556E-03,  4.97457E-03,  4.83267E-03,  4.67059E-03,  4.48938E-03,  4.29044E-03,  4.07541E-03,  3.84614E-03,  3.60463E-03,  3.35296E-03,  3.09325E-03,  2.82760E-03,  2.55804E-03,  2.28652E-03,  2.01487E-03,  1.74476E-03,  1.47773E-03,  1.21514E-03,  9.58203E-04,  7.07959E-04,  4.65298E-04,  2.30958E-04,  5.54306E-06, -2.10477E-04, -4.16747E-04, -6.13022E-04, -7.99152E-04, -9.75072E-04, -1.14080E-03, -1.29640E-03, -1.44202E-03, -1.57785E-03, -1.70410E-03, -1.82104E-03, -1.92896E-03, -2.02817E-03, -2.11900E-03, -2.20179E-03, -2.27688E-03, -2.34464E-03, -2.40542E-03, -2.45957E-03,
  3.68517E-03,  3.73515E-03,  3.78450E-03,  3.83310E-03,  3.88084E-03,  3.92764E-03,  3.97341E-03,  4.01807E-03,  4.06156E-03,  4.10385E-03,  4.14493E-03,  4.18481E-03,  4.22356E-03,  4.26126E-03,  4.29805E-03,  4.33411E-03,  4.36966E-03,  4.40498E-03,  4.44039E-03,  4.47626E-03,  4.51301E-03,  4.55107E-03,  4.59092E-03,  4.63304E-03,  4.67789E-03,  4.72593E-03,  4.77756E-03,  4.83310E-03,  4.89279E-03,  4.95671E-03,  5.02480E-03,  5.09679E-03,  5.17219E-03,  5.25025E-03,  5.32997E-03,  5.41005E-03,  5.48891E-03,  5.56471E-03,  5.63534E-03,  5.69852E-03,  5.75181E-03,  5.79271E-03,  5.81874E-03,  5.82751E-03,  5.81685E-03,  5.78487E-03,  5.73005E-03,  5.65131E-03,  5.54806E-03,  5.42019E-03,  5.26811E-03,  5.09270E-03,  4.89527E-03,  4.67752E-03,  4.44146E-03,  4.18933E-03,  3.92352E-03,  3.64652E-03,  3.36082E-03,  3.06890E-03,  2.77310E-03,  2.47566E-03,  2.17866E-03,  1.88398E-03,  1.59334E-03,  1.30822E-03,  1.02994E-03,  7.59608E-04,  4.98163E-04,  2.46364E-04,  4.81605E-06, -2.26023E-04, -4.45826E-04, -6.54384E-04, -8.51592E-04, -1.03744E-03, -1.21199E-03, -1.37539E-03, -1.52782E-03, -1.66954E-03, -1.80084E-03, -1.92203E-03, -2.03347E-03, -2.13552E-03, -2.22857E-03, -2.31302E-03, -2.38925E-03, -2.45769E-03, -2.51872E-03, -2.57276E-03,
  3.81356E-03,  3.86758E-03,  3.92097E-03,  3.97361E-03,  4.02537E-03,  4.07614E-03,  4.12581E-03,  4.17430E-03,  4.22152E-03,  4.26742E-03,  4.31199E-03,  4.35523E-03,  4.39718E-03,  4.43795E-03,  4.47768E-03,  4.51656E-03,  4.55484E-03,  4.59286E-03,  4.63097E-03,  4.66962E-03,  4.70930E-03,  4.75055E-03,  4.79395E-03,  4.84009E-03,  4.88959E-03,  4.94303E-03,  5.00096E-03,  5.06386E-03,  5.13208E-03,  5.20586E-03,  5.28520E-03,  5.36993E-03,  5.45958E-03,  5.55339E-03,  5.65024E-03,  5.74870E-03,  5.84696E-03,  5.94285E-03,  6.03389E-03,  6.11734E-03,  6.19025E-03,  6.24955E-03,  6.29219E-03,  6.31524E-03,  6.31599E-03,  6.29209E-03,  6.24167E-03,  6.16338E-03,  6.05650E-03,  5.92090E-03,  5.75711E-03,  5.56625E-03,  5.34995E-03,  5.11031E-03,  4.84979E-03,  4.57113E-03,  4.27722E-03,  3.97103E-03,  3.65552E-03,  3.33357E-03,  3.00793E-03,  2.68116E-03,  2.35561E-03,  2.03341E-03,  1.71645E-03,  1.40635E-03,  1.10452E-03,  8.12152E-04,  5.30202E-04,  2.59444E-04,  4.69063E-07, -2.46292E-04, -4.80554E-04, -7.02162E-04, -9.11070E-04, -1.10733E-03, -1.29109E-03, -1.46254E-03, -1.62197E-03, -1.76969E-03, -1.90606E-03, -2.03147E-03, -2.14634E-03, -2.25111E-03, -2.34622E-03, -2.43213E-03, -2.50929E-03, -2.57816E-03, -2.63920E-03, -2.69285E-03,
  3.94761E-03,  4.00602E-03,  4.06383E-03,  4.12088E-03,  4.17703E-03,  4.23214E-03,  4.28610E-03,  4.33878E-03,  4.39008E-03,  4.43993E-03,  4.48830E-03,  4.53517E-03,  4.58058E-03,  4.62463E-03,  4.66746E-03,  4.70928E-03,  4.75039E-03,  4.79114E-03,  4.83195E-03,  4.87335E-03,  4.91592E-03,  4.96030E-03,  5.00720E-03,  5.05738E-03,  5.11159E-03,  5.17060E-03,  5.23514E-03,  5.30587E-03,  5.38333E-03,  5.46792E-03,  5.55979E-03,  5.65888E-03,  5.76477E-03,  5.87670E-03,  5.99350E-03,  6.11356E-03,  6.23480E-03,  6.35470E-03,  6.47033E-03,  6.57837E-03,  6.67523E-03,  6.75717E-03,  6.82040E-03,  6.86127E-03,  6.87641E-03,  6.86290E-03,  6.81838E-03,  6.74119E-03,  6.63044E-03,  6.48602E-03,  6.30861E-03,  6.09963E-03,  5.86116E-03,  5.59581E-03,  5.30664E-03,  4.99700E-03,  4.67038E-03,  4.33037E-03,  3.98047E-03,  3.62409E-03,  3.26440E-03,  2.90435E-03,  2.54660E-03,  2.19352E-03,  1.84718E-03,  1.50937E-03,  1.18157E-03,  8.65017E-04,  5.60695E-04,  2.69368E-04, -8.40641E-06, -2.72245E-04, -5.21926E-04, -7.57363E-04, -9.78592E-04, -1.18575E-03, -1.37906E-03, -1.55882E-03, -1.72538E-03, -1.87916E-03, -2.02058E-03, -2.15014E-03, -2.26832E-03, -2.37562E-03, -2.47258E-03, -2.55971E-03, -2.63754E-03, -2.70657E-03, -2.76732E-03, -2.82028E-03,
  4.08762E-03,  4.15083E-03,  4.21346E-03,  4.27534E-03,  4.33631E-03,  4.39620E-03,  4.45487E-03,  4.51215E-03,  4.56794E-03,  4.62213E-03,  4.67465E-03,  4.72548E-03,  4.77464E-03,  4.82221E-03,  4.86834E-03,  4.91326E-03,  4.95727E-03,  5.00078E-03,  5.04428E-03,  5.08837E-03,  5.13372E-03,  5.18113E-03,  5.23143E-03,  5.28556E-03,  5.34448E-03,  5.40916E-03,  5.48056E-03,  5.55957E-03,  5.64698E-03,  5.74338E-03,  5.84916E-03,  5.96439E-03,  6.08879E-03,  6.22162E-03,  6.36166E-03,  6.50713E-03,  6.65568E-03,  6.80436E-03,  6.94968E-03,  7.08764E-03,  7.21387E-03,  7.32373E-03,  7.41253E-03,  7.47568E-03,  7.50897E-03,  7.50871E-03,  7.47196E-03,  7.39666E-03,  7.28170E-03,  7.12700E-03,  6.93350E-03,  6.70302E-03,  6.43822E-03,  6.14240E-03,  5.81937E-03,  5.47326E-03,  5.10834E-03,  4.72893E-03,  4.33922E-03,  3.94318E-03,  3.54453E-03,  3.14662E-03,  2.75246E-03,  2.36468E-03,  1.98556E-03,  1.61698E-03,  1.26053E-03,  9.17455E-04,  5.88749E-04,  2.75133E-04, -2.28875E-05, -3.05007E-04, -5.71088E-04, -8.21141E-04, -1.05530E-03, -1.27381E-03, -1.47699E-03, -1.66526E-03, -1.83905E-03, -1.99889E-03, -2.14531E-03, -2.27888E-03, -2.40018E-03, -2.50981E-03, -2.60835E-03, -2.69641E-03, -2.77458E-03, -2.84344E-03, -2.90356E-03, -2.95548E-03,
  4.23392E-03,  4.30237E-03,  4.37029E-03,  4.43748E-03,  4.50375E-03,  4.56890E-03,  4.63276E-03,  4.69515E-03,  4.75589E-03,  4.81487E-03,  4.87197E-03,  4.92715E-03,  4.98039E-03,  5.03177E-03,  5.08144E-03,  5.12961E-03,  5.17663E-03,  5.22293E-03,  5.26908E-03,  5.31575E-03,  5.36374E-03,  5.41399E-03,  5.46751E-03,  5.52544E-03,  5.58897E-03,  5.65933E-03,  5.73776E-03,  5.82545E-03,  5.92348E-03,  6.03275E-03,  6.15392E-03,  6.28731E-03,  6.43279E-03,  6.58972E-03,  6.75688E-03,  6.93232E-03,  7.11340E-03,  7.29667E-03,  7.47799E-03,  7.65253E-03,  7.81489E-03,  7.95933E-03,  8.07998E-03,  8.17106E-03,  8.22724E-03,  8.24386E-03,  8.21720E-03,  8.14468E-03,  8.02497E-03,  7.85807E-03,  7.64524E-03,  7.38889E-03,  7.09246E-03,  6.76015E-03,  6.39675E-03,  6.00739E-03,  5.59732E-03,  5.17176E-03,  4.73570E-03,  4.29383E-03,  3.85044E-03,  3.40936E-03,  2.97398E-03,  2.54718E-03,  2.13141E-03,  1.72869E-03,  1.34064E-03,  9.68514E-04,  6.13261E-04,  2.75536E-04, -4.42456E-05, -3.45884E-04, -6.29359E-04, -8.94805E-04, -1.14248E-03, -1.37276E-03, -1.58609E-03, -1.78301E-03, -1.96408E-03, -2.12994E-03, -2.28123E-03, -2.41862E-03, -2.54279E-03, -2.65444E-03, -2.75425E-03, -2.84289E-03, -2.92104E-03, -2.98935E-03, -3.04844E-03, -3.09893E-03,
  4.38683E-03,  4.46102E-03,  4.53474E-03,  4.60778E-03,  4.67990E-03,  4.75088E-03,  4.82050E-03,  4.88854E-03,  4.95479E-03,  5.01908E-03,  5.08127E-03,  5.14125E-03,  5.19900E-03,  5.25455E-03,  5.30802E-03,  5.35966E-03,  5.40980E-03,  5.45892E-03,  5.50766E-03,  5.55678E-03,  5.60722E-03,  5.66005E-03,  5.71651E-03,  5.77797E-03,  5.84589E-03,  5.92183E-03,  6.00737E-03,  6.10406E-03,  6.21337E-03,  6.33660E-03,  6.47476E-03,  6.62851E-03,  6.79800E-03,  6.98278E-03,  7.18163E-03,  7.39253E-03,  7.61247E-03,  7.83751E-03,  8.06267E-03,  8.28209E-03,  8.48914E-03,  8.67664E-03,  8.83715E-03,  8.96337E-03,  9.04848E-03,  9.08655E-03,  9.07285E-03,  9.00414E-03,  8.87884E-03,  8.69708E-03,  8.46061E-03,  8.17266E-03,  7.83773E-03,  7.46124E-03,  7.04925E-03,  6.60819E-03,  6.14452E-03,  5.66458E-03,  5.17432E-03,  4.67927E-03,  4.18436E-03,  3.69396E-03,  3.21182E-03,  2.74109E-03,  2.28438E-03,  1.84377E-03,  1.42090E-03,  1.01699E-03,  6.32885E-04,  2.69137E-04, -7.39737E-05, -3.96392E-04, -6.98252E-04, -9.79843E-04, -1.24159E-03, -1.48400E-03, -1.70770E-03, -1.91335E-03, -2.10167E-03, -2.27342E-03, -2.42937E-03, -2.57032E-03, -2.69706E-03, -2.81037E-03, -2.91105E-03, -2.99986E-03, -3.07756E-03, -3.14486E-03, -3.20248E-03, -3.25110E-03,
  4.54671E-03,  4.62720E-03,  4.70730E-03,  4.78679E-03,  4.86538E-03,  4.94283E-03,  5.01886E-03,  5.09320E-03,  5.16561E-03,  5.23584E-03,  5.30370E-03,  5.36905E-03,  5.43180E-03,  5.49195E-03,  5.54959E-03,  5.60494E-03,  5.65836E-03,  5.71036E-03,  5.76163E-03,  5.81303E-03,  5.86565E-03,  5.92073E-03,  5.97975E-03,  6.04435E-03,  6.11633E-03,  6.19761E-03,  6.29020E-03,  6.39612E-03,  6.51732E-03,  6.65559E-03,  6.81246E-03,  6.98904E-03,  7.18589E-03,  7.40285E-03,  7.63885E-03,  7.89180E-03,  8.15839E-03,  8.43405E-03,  8.71289E-03,  8.98774E-03,  9.25039E-03,  9.49179E-03,  9.70251E-03,  9.87316E-03,  9.99497E-03,  1.00603E-02,  1.00631E-02,  9.99934E-03,  9.86708E-03,  9.66673E-03,  9.40077E-03,  9.07361E-03,  8.69119E-03,  8.26056E-03,  7.78951E-03,  7.28610E-03,  6.75835E-03,  6.21393E-03,  5.66000E-03,  5.10299E-03,  4.54860E-03,  4.00172E-03,  3.46649E-03,  2.94628E-03,  2.44382E-03,  1.96121E-03,  1.50002E-03,  1.06138E-03,  6.45990E-04,  2.54225E-04, -1.13818E-04, -4.58278E-04, -7.79489E-04, -1.07794E-03, -1.35423E-03, -1.60909E-03, -1.84329E-03, -2.05768E-03, -2.25314E-03, -2.43057E-03, -2.59090E-03, -2.73505E-03, -2.86395E-03, -2.97849E-03, -3.07957E-03, -3.16807E-03, -3.24481E-03, -3.31061E-03, -3.36625E-03, -3.41248E-03,
  4.71390E-03,  4.80130E-03,  4.88845E-03,  4.97506E-03,  5.06085E-03,  5.14550E-03,  5.22869E-03,  5.31009E-03,  5.38940E-03,  5.46632E-03,  5.54058E-03,  5.61197E-03,  5.68033E-03,  5.74561E-03,  5.80786E-03,  5.86728E-03,  5.92419E-03,  5.97916E-03,  6.03290E-03,  6.08641E-03,  6.14089E-03,  6.19781E-03,  6.25889E-03,  6.32611E-03,  6.40165E-03,  6.48788E-03,  6.58732E-03,  6.70257E-03,  6.83618E-03,  6.99061E-03,  7.16802E-03,  7.37018E-03,  7.59822E-03,  7.85244E-03,  8.13209E-03,  8.43510E-03,  8.75793E-03,  9.09532E-03,  9.44026E-03,  9.78403E-03,  1.01163E-02,  1.04258E-02,  1.07001E-02,  1.09273E-02,  1.10959E-02,  1.11960E-02,  1.12197E-02,  1.11620E-02,  1.10206E-02,  1.07963E-02,  1.04928E-02,  1.01161E-02,  9.67423E-03,  9.17646E-03,  8.63283E-03,  8.05355E-03,  7.44859E-03,  6.82728E-03,  6.19815E-03,  5.56871E-03,  4.94545E-03,  4.33380E-03,  3.73823E-03,  3.16229E-03,  2.60874E-03,  2.07961E-03,  1.57634E-03,  1.09984E-03,  6.50613E-04,  2.28783E-04, -1.65807E-04, -5.33551E-04, -8.75032E-04, -1.19098E-03, -1.48224E-03, -1.74974E-03, -1.99449E-03, -2.21752E-03, -2.41990E-03, -2.60271E-03, -2.76703E-03, -2.91394E-03, -3.04450E-03, -3.15974E-03, -3.26068E-03, -3.34828E-03, -3.42349E-03, -3.48721E-03, -3.54029E-03, -3.58357E-03,
  4.88877E-03,  4.98376E-03,  5.07868E-03,  5.17320E-03,  5.26698E-03,  5.35967E-03,  5.45089E-03,  5.54025E-03,  5.62736E-03,  5.71185E-03,  5.79337E-03,  5.87161E-03,  5.94635E-03,  6.01745E-03,  6.08489E-03,  6.14881E-03,  6.20954E-03,  6.26761E-03,  6.32382E-03,  6.37924E-03,  6.43523E-03,  6.49350E-03,  6.55605E-03,  6.62522E-03,  6.70365E-03,  6.79427E-03,  6.90020E-03,  7.02473E-03,  7.17119E-03,  7.34287E-03,  7.54279E-03,  7.77359E-03,  8.03722E-03,  8.33469E-03,  8.66579E-03,  9.02870E-03,  9.41967E-03,  9.83278E-03,  1.02597E-02,  1.06898E-02,  1.11102E-02,  1.15062E-02,  1.18620E-02,  1.21617E-02,  1.23903E-02,  1.25348E-02,  1.25849E-02,  1.25341E-02,  1.23800E-02,  1.21240E-02,  1.17717E-02,  1.13313E-02,  1.08139E-02,  1.02317E-02,  9.59788E-03,  8.92541E-03,  8.22669E-03,  7.51311E-03,  6.79475E-03,  6.08033E-03,  5.37713E-03,  4.69109E-03,  4.02693E-03,  3.38824E-03,  2.77770E-03,  2.19714E-03,  1.64774E-03,  1.13011E-03,  6.44413E-04,  1.90444E-04, -2.32290E-04, -6.24505E-04, -9.87098E-04, -1.32109E-03, -1.62762E-03, -1.90787E-03, -2.16309E-03, -2.39454E-03, -2.60350E-03, -2.79126E-03, -2.95908E-03, -3.10819E-03, -3.23981E-03, -3.35513E-03, -3.45526E-03, -3.54132E-03, -3.61433E-03, -3.67531E-03, -3.72519E-03, -3.76488E-03,
  5.07165E-03,  5.17501E-03,  5.27851E-03,  5.38181E-03,  5.48452E-03,  5.58622E-03,  5.68647E-03,  5.78482E-03,  5.88079E-03,  5.97390E-03,  6.06372E-03,  6.14983E-03,  6.23189E-03,  6.30967E-03,  6.38305E-03,  6.45209E-03,  6.51707E-03,  6.57851E-03,  6.63724E-03,  6.69442E-03,  6.75157E-03,  6.81063E-03,  6.87394E-03,  6.94426E-03,  7.02477E-03,  7.11901E-03,  7.23087E-03,  7.36447E-03,  7.52412E-03,  7.71414E-03,  7.93870E-03,  8.20157E-03,  8.50587E-03,  8.85370E-03,  9.24570E-03,  9.68057E-03,  1.01546E-02,  1.06613E-02,  1.11909E-02,  1.17301E-02,  1.22628E-02,  1.27700E-02,  1.32310E-02,  1.36247E-02,  1.39310E-02,  1.41325E-02,  1.42158E-02,  1.41724E-02,  1.39997E-02,  1.37007E-02,  1.32833E-02,  1.27596E-02,  1.21445E-02,  1.14548E-02,  1.07076E-02,  9.91950E-03,  9.10605E-03,  8.28101E-03,  7.45630E-03,  6.64183E-03,  5.84567E-03,  5.07412E-03,  4.33198E-03,  3.62272E-03,  2.94872E-03,  2.31144E-03,  1.71164E-03,  1.14946E-03,  6.24614E-04,  1.36447E-04, -3.15966E-04, -7.33751E-04, -1.11818E-03, -1.47065E-03, -1.79261E-03, -2.08556E-03, -2.35103E-03, -2.59054E-03, -2.80562E-03, -2.99777E-03, -3.16844E-03, -3.31908E-03, -3.45105E-03, -3.56569E-03, -3.66427E-03, -3.74802E-03, -3.81809E-03, -3.87558E-03, -3.92154E-03, -3.95694E-03,
  5.26291E-03,  5.37548E-03,  5.48848E-03,  5.60154E-03,  5.71421E-03,  5.82604E-03,  5.93650E-03,  6.04504E-03,  6.15111E-03,  6.25412E-03,  6.35350E-03,  6.44872E-03,  6.53929E-03,  6.62484E-03,  6.70514E-03,  6.78013E-03,  6.85000E-03,  6.91524E-03,  6.97667E-03,  7.03553E-03,  7.09351E-03,  7.15280E-03,  7.21610E-03,  7.28665E-03,  7.36824E-03,  7.46518E-03,  7.58221E-03,  7.72453E-03,  7.89760E-03,  8.10706E-03,  8.35855E-03,  8.65739E-03,  9.00830E-03,  9.41494E-03,  9.87933E-03,  1.04012E-02,  1.09773E-02,  1.16005E-02,  1.22595E-02,  1.29381E-02,  1.36157E-02,  1.42676E-02,  1.48661E-02,  1.53829E-02,  1.57907E-02,  1.60660E-02,  1.61907E-02,  1.61541E-02,  1.59536E-02,  1.55944E-02,  1.50885E-02,  1.44535E-02,  1.37103E-02,  1.28817E-02,  1.19902E-02,  1.10573E-02,  1.01023E-02,  9.14182E-03,  8.18973E-03,  7.25716E-03,  6.35271E-03,  5.48284E-03,  4.65213E-03,  3.86362E-03,  3.11913E-03,  2.41950E-03,  1.76482E-03,  1.15462E-03,  5.87954E-04,  6.35979E-05, -4.19922E-04, -8.64238E-04, -1.27109E-03, -1.64229E-03, -1.97968E-03, -2.28511E-03, -2.56044E-03, -2.80749E-03, -3.02805E-03, -3.22387E-03, -3.39662E-03, -3.54795E-03, -3.67941E-03, -3.79251E-03, -3.88868E-03, -3.96925E-03, -4.03553E-03, -4.08871E-03, -4.12992E-03, -4.16025E-03,
  5.46286E-03,  5.58559E-03,  5.70912E-03,  5.83303E-03,  5.95687E-03,  6.08008E-03,  6.20210E-03,  6.32226E-03,  6.43991E-03,  6.55433E-03,  6.66482E-03,  6.77066E-03,  6.87123E-03,  6.96597E-03,  7.05447E-03,  7.13654E-03,  7.21222E-03,  7.28192E-03,  7.34644E-03,  7.40707E-03,  7.46566E-03,  7.52464E-03,  7.58713E-03,  7.65692E-03,  7.73848E-03,  7.83701E-03,  7.95832E-03,  8.10883E-03,  8.29547E-03,  8.52554E-03,  8.80651E-03,  9.14579E-03,  9.55028E-03,  1.00259E-02,  1.05768E-02,  1.12044E-02,  1.19066E-02,  1.26762E-02,  1.35001E-02,  1.43587E-02,  1.52254E-02,  1.60677E-02,  1.68483E-02,  1.75285E-02,  1.80705E-02,  1.84419E-02,  1.86184E-02,  1.85860E-02,  1.83427E-02,  1.78974E-02,  1.72688E-02,  1.64826E-02,  1.55685E-02,  1.45578E-02,  1.34806E-02,  1.23645E-02,  1.12336E-02,  1.01076E-02,  9.00236E-03,  7.92999E-03,  6.89931E-03,  5.91643E-03,  4.98525E-03,  4.10797E-03,  3.28544E-03,  2.51754E-03,  1.80342E-03,  1.14170E-03,  5.30630E-04, -3.17729E-05, -5.47662E-04, -1.01928E-03, -1.44893E-03, -1.83891E-03, -2.19152E-03, -2.50902E-03, -2.79363E-03, -3.04750E-03, -3.27272E-03, -3.47130E-03, -3.64519E-03, -3.79623E-03, -3.92619E-03, -4.03675E-03, -4.12949E-03, -4.20591E-03, -4.26743E-03, -4.31536E-03, -4.35094E-03, -4.37533E-03,
  5.67183E-03,  5.80573E-03,  5.94092E-03,  6.07694E-03,  6.21329E-03,  6.34935E-03,  6.48448E-03,  6.61793E-03,  6.74890E-03,  6.87655E-03,  7.00000E-03,  7.11836E-03,  7.23079E-03,  7.33652E-03,  7.43493E-03,  7.52560E-03,  7.60840E-03,  7.68360E-03,  7.75192E-03,  7.81468E-03,  7.87385E-03,  7.93213E-03,  7.99308E-03,  8.06109E-03,  8.14146E-03,  8.24039E-03,  8.36496E-03,  8.52308E-03,  8.72344E-03,  8.97539E-03,  9.28877E-03,  9.67367E-03,  1.01400E-02,  1.06969E-02,  1.13516E-02,  1.21087E-02,  1.29679E-02,  1.39228E-02,  1.49590E-02,  1.60524E-02,  1.71690E-02,  1.82653E-02,NA,NA,NA,NA,NA,NA,NA,NA,  1.99337E-02,  1.89386E-02,  1.77931E-02,  1.65407E-02,  1.52218E-02,  1.38720E-02,  1.25208E-02,  1.11915E-02,  9.90151E-03,  8.66345E-03,  7.48559E-03,  6.37297E-03,  5.32813E-03,  4.35176E-03,  3.44321E-03,  2.60094E-03,  1.82277E-03,  1.10615E-03,  4.48248E-04, -1.53851E-04, -7.03135E-04, -1.20259E-03, -1.65516E-03, -2.06372E-03, -2.43110E-03, -2.76001E-03, -3.05307E-03, -3.31281E-03, -3.54166E-03, -3.74193E-03, -3.91581E-03, -4.06541E-03, -4.19270E-03, -4.29955E-03, -4.38774E-03, -4.45890E-03, -4.51458E-03, -4.55622E-03, -4.58518E-03, -4.60268E-03,
  5.89008E-03,  6.03630E-03,  6.18440E-03,  6.33391E-03,  6.48428E-03,  6.63486E-03,  6.78490E-03,  6.93356E-03,  7.07993E-03,  7.22299E-03,  7.36168E-03,  7.49489E-03,  7.62153E-03,  7.74057E-03,  7.85110E-03,  7.95244E-03,  8.04422E-03,  8.12647E-03,  8.19979E-03,  8.26546E-03,  8.32554E-03,  8.38301E-03,  8.44188E-03,  8.50723E-03,  8.58529E-03,  8.68345E-03,  8.81026E-03,  8.97543E-03,  9.18977E-03,  9.46515E-03,  9.81440E-03,  1.02511E-02,  1.07891E-02,  1.14422E-02,  1.22223E-02,  1.31385E-02,  1.41945E-02,  1.53861E-02,  1.66979E-02,NA,NA,NA,NA,NA,NA,NA,NA,NA,NA,NA,NA,NA,NA,  1.89033E-02,  1.72667E-02,  1.56162E-02,  1.39876E-02,  1.24074E-02,  1.08941E-02,  9.45958E-03,  8.11030E-03,  6.84913E-03,  5.67615E-03,  4.58968E-03,  3.58684E-03,  2.66405E-03,  1.81736E-03,  1.04265E-03,  3.35776E-04, -3.07367E-04, -8.90763E-04, -1.41826E-03, -1.89356E-03, -2.32022E-03, -2.70161E-03, -3.04099E-03, -3.34142E-03, -3.60585E-03, -3.83706E-03, -4.03769E-03, -4.21022E-03, -4.35703E-03, -4.48031E-03, -4.58214E-03, -4.66448E-03, -4.72913E-03, -4.77777E-03, -4.81198E-03, -4.83321E-03, -4.84279E-03,
  6.11782E-03,  6.27760E-03,  6.44000E-03,  6.60454E-03,  6.77065E-03,  6.93763E-03,  7.10465E-03,  7.27080E-03,  7.43500E-03,  7.59607E-03,  7.75275E-03,  7.90368E-03,  8.04748E-03,  8.18281E-03,  8.30840E-03,  8.42322E-03,  8.52656E-03,  8.61815E-03,  8.69838E-03,  8.76839E-03,  8.83030E-03,  8.88734E-03,  8.94400E-03,  9.00611E-03,  9.08097E-03,  9.17736E-03,  9.30558E-03,  9.47746E-03,  9.70636E-03,  1.00072E-02,  1.03966E-02,  1.08925E-02,  1.15142E-02,  1.22815E-02,  1.32135E-02,  1.43264E-02,  1.56305E-02,NA,NA,NA,NA,NA,NA,NA,NA,NA,NA,NA,NA,NA,NA,NA,NA,NA,  1.96789E-02,  1.76392E-02,  1.56597E-02,  1.37695E-02,  1.19861E-02,  1.03187E-02,  8.77031E-03,  7.33967E-03,  6.02299E-03,  4.81493E-03,  3.70942E-03,  2.70013E-03,  1.78073E-03,  9.45131E-04,  1.87511E-04, -4.97626E-04, -1.11545E-03, -1.67082E-03, -2.16831E-03, -2.61219E-03, -3.00653E-03, -3.35511E-03, -3.66153E-03, -3.92917E-03, -4.16120E-03, -4.36063E-03, -4.53024E-03, -4.67269E-03, -4.79042E-03, -4.88574E-03, -4.96078E-03, -5.01752E-03, -5.05779E-03, -5.08330E-03, -5.09559E-03, -5.09611E-03,
  6.35523E-03,  6.52991E-03,  6.70812E-03,  6.88941E-03,  7.07317E-03,  7.25868E-03,  7.44507E-03,  7.63130E-03,  7.81620E-03,  7.99840E-03,  8.17642E-03,  8.34861E-03,  8.51328E-03,  8.66870E-03,  8.81319E-03,  8.94527E-03,  9.06378E-03,  9.16805E-03,  9.25811E-03,  9.33489E-03,  9.40047E-03,  9.45827E-03,  9.51328E-03,  9.57217E-03,  9.64345E-03,  9.73753E-03,  9.86676E-03,  1.00455E-02,  1.02902E-02,  1.06195E-02,  1.10545E-02,  1.16189E-02,  1.23387E-02,  1.32424E-02,  1.43589E-02,  1.57154E-02,NA,NA,NA,NA,NA,NA,NA,NA,NA,NA,NA,NA,NA,NA,NA,NA,NA,NA,NA,NA,  1.75641E-02,  1.52904E-02,  1.31808E-02,  1.12385E-02,  9.45981E-03,  7.83700E-03,  6.36023E-03,  5.01894E-03,  3.80262E-03,  2.70122E-03,  1.70542E-03,  8.06649E-04, -2.94440E-06, -7.30512E-04, -1.38260E-03, -1.96521E-03, -2.48389E-03, -2.94375E-03, -3.34955E-03, -3.70573E-03, -4.01641E-03, -4.28547E-03, -4.51650E-03, -4.71288E-03, -4.87775E-03, -5.01404E-03, -5.12448E-03, -5.21158E-03, -5.27769E-03, -5.32497E-03, -5.35540E-03, -5.37081E-03, -5.37286E-03, -5.36309E-03,
  6.60238E-03,  6.79339E-03,  6.98908E-03,  7.18898E-03,  7.39253E-03,  7.59898E-03,  7.80744E-03,  8.01679E-03,  8.22575E-03,  8.43278E-03,  8.63617E-03,  8.83399E-03,  9.02418E-03,  9.20456E-03,  9.37298E-03,  9.52740E-03,  9.66609E-03,  9.78781E-03,  9.89210E-03,  9.97952E-03,  1.00520E-02,  1.01130E-02,  1.01681E-02,  1.02248E-02,  1.02930E-02,  1.03851E-02,  1.05157E-02,  1.07024E-02,  1.09653E-02,  1.13274E-02,  1.18153E-02,  1.24597E-02,  1.32956E-02,NA,NA,NA,NA,NA,NA,NA,NA,NA,NA,NA,NA,NA,NA,NA,NA,NA,NA,NA,NA,NA,NA,NA,NA,  1.69796E-02,  1.44777E-02,  1.22126E-02,  1.01695E-02,  8.33053E-03,  6.67705E-03,  5.19119E-03,  3.85648E-03,  2.65811E-03,  1.58296E-03,  6.19440E-04, -2.42686E-04, -1.01250E-03, -1.69810E-03, -2.30679E-03, -2.84517E-03, -3.31929E-03, -3.73466E-03, -4.09641E-03, -4.40925E-03, -4.67758E-03, -4.90545E-03, -5.09664E-03, -5.25466E-03, -5.38275E-03, -5.48391E-03, -5.56091E-03, -5.61628E-03, -5.65238E-03, -5.67134E-03, -5.67512E-03, -5.66550E-03, -5.64410E-03,
  6.85923E-03,  7.06814E-03,  7.28307E-03,  7.50364E-03,  7.72932E-03,  7.95941E-03,  8.19301E-03,  8.42896E-03,  8.66589E-03,  8.90214E-03,  9.13577E-03,  9.36456E-03,  9.58607E-03,  9.79765E-03,  9.99657E-03,  1.01801E-02,  1.03459E-02,  1.04919E-02,  1.06169E-02,  1.07210E-02,  1.08056E-02,  1.08744E-02,  1.09330E-02,  1.09902E-02,  1.10573E-02,  1.11489E-02,  1.12829E-02,  1.14801E-02,  1.17653E-02,  1.21668E-02,NA,NA,NA,NA,NA,NA,NA,NA,NA,NA,NA,NA,NA,NA,NA,NA,NA,NA,NA,NA,NA,NA,NA,NA,NA,NA,NA,NA,  1.58700E-02,  1.32293E-02,  1.08856E-02,  8.80611E-03,  6.95982E-03,  5.31900E-03,  3.85943E-03,  2.56029E-03,  1.40383E-03,  3.74909E-04, -5.39490E-04, -1.35062E-03, -2.06833E-03, -2.70132E-03, -3.25737E-03, -3.74349E-03, -4.16606E-03, -4.53090E-03, -4.84339E-03, -5.10845E-03, -5.33065E-03, -5.51420E-03, -5.66296E-03, -5.78053E-03, -5.87018E-03, -5.93494E-03, -5.97757E-03, -6.00059E-03, -6.00630E-03, -5.99678E-03, -5.97394E-03, -5.93948E-03,
  7.12565E-03,  7.35407E-03,  7.59015E-03,  7.83361E-03,  8.08401E-03,  8.34073E-03,  8.60291E-03,  8.86943E-03,  9.13888E-03,  9.40951E-03,  9.67921E-03,  9.94551E-03,  1.02056E-02,  1.04563E-02,  1.06943E-02,  1.09160E-02,  1.11183E-02,  1.12981E-02,  1.14534E-02,  1.15832E-02,  1.16885E-02,  1.17724E-02,  1.18410E-02,  1.19039E-02,  1.19741E-02,  1.20691E-02,  1.22102E-02,  1.24229E-02,NA,NA,NA,NA,NA,NA,NA,NA,NA,NA,NA,NA,NA,NA,NA,NA,NA,NA,NA,NA,NA,NA,NA,NA,NA,NA,NA,NA,NA,NA,NA,  1.42694E-02,  1.15888E-02,  9.24549E-03,  7.19195E-03,  5.38752E-03,  3.79824E-03,  2.39599E-03,  1.15756E-03,  6.36817E-05, -9.01776E-04, -1.75247E-03, -2.50013E-03, -3.15497E-03, -3.72602E-03, -4.22134E-03, -4.64819E-03, -5.01317E-03, -5.32232E-03, -5.58117E-03, -5.79479E-03, -5.96785E-03, -6.10463E-03, -6.20906E-03, -6.28471E-03, -6.33487E-03, -6.36253E-03, -6.37039E-03, -6.36091E-03, -6.33631E-03, -6.29857E-03, -6.24951E-03,
  7.40133E-03,  7.65098E-03,  7.91022E-03,  8.17894E-03,  8.45685E-03,  8.74347E-03,  9.03809E-03,  9.33967E-03,  9.64687E-03,  9.95793E-03,  1.02707E-02,  1.05824E-02,  1.08900E-02,  1.11899E-02,  1.14780E-02,  1.17501E-02,  1.20018E-02,  1.22290E-02,  1.24283E-02,  1.25975E-02,  1.27364E-02,  1.28475E-02,  1.29367E-02,  1.30143E-02,  1.30955E-02,  1.32007E-02,  1.33559E-02,NA,NA,NA,NA,NA,NA,NA,NA,NA,NA,NA,NA,NA,NA,NA,NA,NA,NA,NA,NA,NA,NA,NA,NA,NA,NA,NA,NA,NA,NA,NA,NA,NA,  1.22531E-02,  9.62597E-03,  7.35374E-03,  5.37973E-03,  3.65818E-03,  2.15237E-03,  8.32818E-04, -3.24313E-04, -1.33855E-03, -2.22612E-03, -3.00076E-03, -3.67428E-03, -4.25700E-03, -4.75808E-03, -5.18572E-03, -5.54734E-03, -5.84967E-03, -6.09889E-03, -6.30060E-03, -6.45996E-03, -6.58167E-03, -6.67001E-03, -6.72889E-03, -6.76185E-03, -6.77210E-03, -6.76252E-03, -6.73575E-03, -6.69410E-03, -6.63969E-03, -6.57438E-03,
  7.68580E-03,  7.95843E-03,  8.24293E-03,  8.53941E-03,  8.84783E-03,  9.16793E-03,  9.49922E-03,  9.84091E-03,  1.01918E-02,  1.05503E-02,  1.09143E-02,  1.12811E-02,  1.16473E-02,  1.20091E-02,  1.23617E-02,  1.27001E-02,  1.30187E-02,  1.33122E-02,  1.35753E-02,  1.38041E-02,  1.39966E-02,  1.41537E-02,  1.42807E-02,  1.43882E-02,  1.44934E-02,NA,NA,NA,NA,NA,NA,NA,NA,NA,NA,NA,NA,NA,NA,NA,NA,NA,NA,NA,NA,NA,NA,NA,NA,NA,NA,NA,NA,NA,NA,NA,NA,NA,NA,NA,  1.28458E-02,  9.92038E-03,  7.42271E-03,  5.27684E-03,  3.42329E-03,  1.81565E-03,  4.17564E-04, -7.99726E-04, -1.85932E-03, -2.78013E-03, -3.57793E-03, -4.26616E-03, -4.85650E-03, -5.35924E-03, -5.78355E-03, -6.13771E-03, -6.42920E-03, -6.66485E-03, -6.85086E-03, -6.99288E-03, -7.09605E-03, -7.16504E-03, -7.20406E-03, -7.21694E-03, -7.20710E-03, -7.17763E-03, -7.13127E-03, -7.07050E-03, -6.99749E-03, -6.91419E-03,
  7.97841E-03,  8.27579E-03,  8.58769E-03,  8.91454E-03,  9.25661E-03,  9.61401E-03,  9.98660E-03,  1.03740E-02,  1.07753E-02,  1.11893E-02,  1.16142E-02,  1.20475E-02,  1.24860E-02,  1.29254E-02,  1.33610E-02,  1.37868E-02,  1.41963E-02,  1.45823E-02,  1.49376E-02,  1.52557E-02,  1.55318E-02,  1.57642E-02,  1.59563E-02,  1.61182E-02,NA,NA,NA,NA,NA,NA,NA,NA,NA,NA,NA,NA,NA,NA,NA,NA,NA,NA,NA,NA,NA,NA,NA,NA,NA,NA,NA,NA,NA,NA,NA,NA,NA,NA,NA,NA,NA,  1.00977E-02,  7.37413E-03,  5.05872E-03,  3.07679E-03,  1.37150E-03, -1.00712E-04, -1.37366E-03, -2.47404E-03, -3.42345E-03, -4.23970E-03, -4.93788E-03, -5.53103E-03, -6.03059E-03, -6.44677E-03, -6.78873E-03, -7.06475E-03, -7.28235E-03, -7.44835E-03, -7.56893E-03, -7.64969E-03, -7.69568E-03, -7.71146E-03, -7.70110E-03, -7.66827E-03, -7.61622E-03, -7.54784E-03, -7.46570E-03, -7.37207E-03, -7.26894E-03,
  8.27828E-03,  8.60215E-03,  8.94361E-03,  9.30348E-03,  9.68247E-03,  1.00812E-02,  1.05000E-02,  1.09392E-02,  1.13984E-02,  1.18771E-02,  1.23741E-02,  1.28875E-02,  1.34146E-02,  1.39516E-02,  1.44937E-02,  1.50347E-02,  1.55670E-02,  1.60819E-02,  1.65698E-02,  1.70206E-02,  1.74254E-02,  1.77782E-02,  1.80783E-02,NA,NA,NA,NA,NA,NA,NA,NA,NA,NA,NA,NA,NA,NA,NA,NA,NA,NA,NA,NA,NA,NA,NA,NA,NA,NA,NA,NA,NA,NA,NA,NA,NA,NA,NA,NA,NA,NA,  1.01244E-02,  7.18222E-03,  4.70481E-03,  2.60169E-03,  8.05398E-04, -7.34766E-04, -2.05751E-03, -3.19302E-03, -4.16543E-03, -4.99454E-03, -5.69706E-03, -6.28739E-03, -6.77817E-03, -7.18067E-03, -7.50499E-03, -7.76025E-03, -7.95472E-03, -8.09585E-03, -8.19039E-03, -8.24442E-03, -8.26340E-03, -8.25220E-03, -8.21517E-03, -8.15620E-03, -8.07869E-03, -7.98567E-03, -7.87980E-03, -7.76339E-03, -7.63850E-03,
  8.58428E-03,  8.93633E-03,  9.30946E-03,  9.70498E-03,  1.01242E-02,  1.05684E-02,  1.10386E-02,  1.15361E-02,  1.20614E-02,  1.26150E-02,  1.31968E-02,  1.38063E-02,  1.44418E-02,  1.51007E-02,  1.57791E-02,  1.64711E-02,  1.71692E-02,  1.78631E-02,  1.85405E-02,  1.91872E-02,NA,NA,NA,NA,NA,NA,NA,NA,NA,NA,NA,NA,NA,NA,NA,NA,NA,NA,NA,NA,NA,NA,NA,NA,NA,NA,NA,NA,NA,NA,NA,NA,NA,NA,NA,NA,NA,NA,NA,NA,NA,  9.96678E-03,  6.82168E-03,  4.19520E-03,  1.98147E-03,  1.03054E-04, -1.49735E-03, -2.86289E-03, -4.02689E-03, -5.01580E-03, -5.85132E-03, -6.55171E-03, -7.13274E-03, -7.60829E-03, -7.99074E-03, -8.29120E-03, -8.51969E-03, -8.68526E-03, -8.79607E-03, -8.85945E-03, -8.88197E-03, -8.86949E-03, -8.82723E-03, -8.75981E-03, -8.67129E-03, -8.56525E-03, -8.44481E-03, -8.31269E-03, -8.17127E-03, -8.02259E-03,
  8.89507E-03,  9.27684E-03,  9.68361E-03,  1.01173E-02,  1.05800E-02,  1.10738E-02,  1.16008E-02,  1.21633E-02,  1.27634E-02,  1.34032E-02,  1.40842E-02,  1.48080E-02,  1.55752E-02,  1.63856E-02,  1.72374E-02,  1.81268E-02,  1.90472E-02,  1.99882E-02,NA,NA,NA,NA,NA,NA,NA,NA,NA,NA,NA,NA,NA,NA,NA,NA,NA,NA,NA,NA,NA,NA,NA,NA,NA,NA,NA,NA,NA,NA,NA,NA,NA,NA,NA,NA,NA,NA,NA,NA,NA,NA,NA,NA,  6.26976E-03,  3.51187E-03,  1.20088E-03, -7.49160E-04, -2.40102E-03, -3.80151E-03, -4.98658E-03, -5.98472E-03, -6.81935E-03, -7.51024E-03, -8.07457E-03, -8.52752E-03, -8.88265E-03, -9.15216E-03, -9.34706E-03, -9.47725E-03, -9.55162E-03, -9.57812E-03, -9.56384E-03, -9.51506E-03, -9.43731E-03, -9.33547E-03, -9.21376E-03, -9.07591E-03, -8.92511E-03, -8.76412E-03, -8.59534E-03, -8.42079E-03,
  9.20900E-03,  9.62187E-03,  1.00641E-02,  1.05383E-02,  1.10475E-02,  1.15949E-02,  1.21840E-02,  1.28185E-02,  1.35025E-02,  1.42403E-02,  1.50363E-02,  1.58950E-02,  1.68210E-02,  1.78180E-02,  1.88888E-02,  2.00339E-02,  2.12503E-02,NA,NA,NA,NA,NA,NA,NA,NA,NA,NA,NA,NA,NA,NA,NA,NA,NA,NA,NA,NA,NA,NA,NA,NA,NA,NA,NA,NA,NA,NA,NA,NA,NA,NA,NA,NA,NA,NA,NA,NA,NA,NA,NA,NA,NA,  5.50850E-03,  2.64002E-03,  2.46591E-04, -1.76387E-03, -3.45799E-03, -4.88519E-03, -6.08339E-03, -7.08281E-03, -7.90842E-03, -8.58150E-03, -9.12072E-03, -9.54265E-03, -9.86218E-03, -1.00927E-02, -1.02463E-02, -1.03338E-02, -1.03649E-02, -1.03482E-02, -1.02913E-02, -1.02009E-02, -1.00829E-02, -9.94231E-03, -9.78356E-03, -9.61043E-03, -9.42618E-03, -9.23360E-03, -9.03503E-03, -8.83249E-03,
  9.52422E-03,  9.96927E-03,  1.04484E-02,  1.09652E-02,  1.15237E-02,  1.21284E-02,  1.27846E-02,  1.34978E-02,  1.42749E-02,  1.51230E-02,  1.60506E-02,  1.70669E-02,  1.81820E-02,  1.94066E-02,  2.07510E-02,  2.22240E-02,NA,NA,NA,NA,NA,NA,NA,NA,NA,NA,NA,NA,NA,NA,NA,NA,NA,NA,NA,NA,NA,NA,NA,NA,NA,NA,NA,NA,NA,NA,NA,NA,NA,NA,NA,NA,NA,NA,NA,NA,NA,NA,NA,NA,NA,NA,  4.52679E-03,  1.56916E-03, -8.92240E-04, -2.95251E-03, -4.68012E-03, -6.12589E-03, -7.32907E-03, -8.32124E-03, -9.12886E-03, -9.77483E-03, -1.02794E-02, -1.06607E-02, -1.09352E-02, -1.11176E-02, -1.12212E-02, -1.12579E-02, -1.12381E-02, -1.11712E-02, -1.10654E-02, -1.09277E-02, -1.07642E-02, -1.05802E-02, -1.03803E-02, -1.01683E-02, -9.94740E-03, -9.72040E-03, -9.48958E-03, -9.25687E-03,
  9.83859E-03,  1.03166E-02,  1.08338E-02,  1.13947E-02,  1.20047E-02,  1.26700E-02,  1.33976E-02,  1.41959E-02,  1.50746E-02,  1.60454E-02,  1.71216E-02,  1.83193E-02,  1.96568E-02,  2.11550E-02,  2.28365E-02,NA,NA,NA,NA,NA,NA,NA,NA,NA,NA,NA,NA,NA,NA,NA,NA,NA,NA,NA,NA,NA,NA,NA,NA,NA,NA,NA,NA,NA,NA,NA,NA,NA,NA,NA,NA,NA,NA,NA,NA,NA,NA,NA,NA,NA,NA,NA,  3.32204E-03,  2.93920E-04, -2.22362E-03, -4.32518E-03, -6.07892E-03, -7.53583E-03, -8.73586E-03, -9.71177E-03, -1.04916E-02, -1.10999E-02, -1.15590E-02, -1.18889E-02, -1.21076E-02, -1.22316E-02, -1.22753E-02, -1.22520E-02, -1.21730E-02, -1.20483E-02, -1.18865E-02, -1.16953E-02, -1.14808E-02, -1.12487E-02, -1.10033E-02, -1.07486E-02, -1.04878E-02, -1.02235E-02, -9.95795E-03, -9.69290E-03,
  1.01498E-02,  1.06611E-02,  1.12169E-02,  1.18230E-02,  1.24861E-02,  1.32143E-02,  1.40169E-02,  1.49055E-02,  1.58938E-02,  1.69985E-02,  1.82399E-02,  1.96428E-02,  2.12372E-02,  2.30586E-02,NA,NA,NA,NA,NA,NA,NA,NA,NA,NA,NA,NA,NA,NA,NA,NA,NA,NA,NA,NA,NA,NA,NA,NA,NA,NA,NA,NA,NA,NA,NA,NA,NA,NA,NA,NA,NA,NA,NA,NA,NA,NA,NA,NA,NA,NA,NA,NA,  1.90104E-03, -1.18552E-03, -3.75254E-03, -5.89059E-03, -7.66550E-03, -9.12735E-03, -1.03164E-02, -1.12666E-02, -1.20078E-02, -1.25668E-02, -1.29682E-02, -1.32341E-02, -1.33849E-02, -1.34387E-02, -1.34118E-02, -1.33183E-02, -1.31707E-02, -1.29798E-02, -1.27547E-02, -1.25033E-02, -1.22321E-02, -1.19466E-02, -1.16514E-02, -1.13502E-02, -1.10461E-02, -1.07417E-02, -1.04389E-02, -1.01393E-02,
  1.04554E-02,  1.09998E-02,  1.15943E-02,  1.22458E-02,  1.29628E-02,  1.37552E-02,  1.46353E-02,  1.56181E-02,  1.67219E-02,  1.79700E-02,  1.93911E-02,  2.10215E-02,  2.29064E-02,  2.51016E-02,NA,NA,NA,NA,NA,NA,NA,NA,NA,NA,NA,NA,NA,NA,NA,NA,NA,NA,NA,NA,NA,NA,NA,NA,NA,NA,NA,NA,NA,NA,NA,NA,NA,NA,NA,NA,NA,NA,NA,NA,NA,NA,NA,NA,NA,NA,NA,NA,  2.80336E-04, -2.86307E-03, -5.48057E-03, -7.65565E-03, -9.45011E-03, -1.09125E-02, -1.20833E-02, -1.29979E-02, -1.36887E-02, -1.41853E-02, -1.45150E-02, -1.47030E-02, -1.47722E-02, -1.47427E-02, -1.46328E-02, -1.44579E-02, -1.42317E-02, -1.39656E-02, -1.36692E-02, -1.33507E-02, -1.30167E-02, -1.26726E-02, -1.23230E-02, -1.19714E-02, -1.16207E-02, -1.12732E-02, -1.09307E-02, -1.05946E-02,
  1.07527E-02,  1.13296E-02,  1.19621E-02,  1.26586E-02,  1.34291E-02,  1.42858E-02,  1.52441E-02,  1.63229E-02,  1.75461E-02,  1.89442E-02,  2.05562E-02,  2.24325E-02,  2.46374E-02,NA,NA,NA,NA,NA,NA,NA,NA,NA,NA,NA,NA,NA,NA,NA,NA,NA,NA,NA,NA,NA,NA,NA,NA,NA,NA,NA,NA,NA,NA,NA,NA,NA,NA,NA,NA,NA,NA,NA,NA,NA,NA,NA,NA,NA,NA,NA,NA,NA, -1.51337E-03, -4.72585E-03, -7.40470E-03, -9.62410E-03, -1.14408E-02, -1.29017E-02, -1.40477E-02, -1.49168E-02, -1.55444E-02, -1.59639E-02, -1.62066E-02, -1.63010E-02, -1.62731E-02, -1.61459E-02, -1.59395E-02, -1.56711E-02, -1.53554E-02, -1.50045E-02, -1.46284E-02, -1.42355E-02, -1.38324E-02, -1.34244E-02, -1.30158E-02, -1.26100E-02, -1.22094E-02, -1.18161E-02, -1.14316E-02, -1.10569E-02,
  1.10390E-02,  1.16472E-02,  1.23165E-02,  1.30564E-02,  1.38789E-02,  1.47986E-02,  1.58339E-02,  1.70081E-02,  1.83511E-02,  1.99018E-02,  2.17107E-02,  2.38447E-02,  2.63912E-02,NA,NA,NA,NA,NA,NA,NA,NA,NA,NA,NA,NA,NA,NA,NA,NA,NA,NA,NA,NA,NA,NA,NA,NA,NA,NA,NA,NA,NA,NA,NA,NA,NA,NA,NA,NA,NA,NA,NA,NA,NA,NA,NA,NA,NA,NA,NA,NA,NA, -3.44135E-03, -6.75133E-03, -9.51410E-03, -1.17933E-02, -1.36404E-02, -1.51009E-02, -1.62174E-02, -1.70311E-02, -1.75821E-02, -1.79089E-02, -1.80474E-02, -1.80310E-02, -1.78893E-02, -1.76486E-02, -1.73313E-02, -1.69564E-02, -1.65397E-02, -1.60939E-02, -1.56296E-02, -1.51549E-02, -1.46764E-02, -1.41992E-02, -1.37272E-02, -1.32633E-02, -1.28097E-02, -1.23680E-02, -1.19392E-02, -1.15243E-02,
  1.13120E-02,  1.19495E-02,  1.26533E-02,  1.34342E-02,  1.43060E-02,  1.52855E-02,  1.63945E-02,  1.76607E-02,  1.91202E-02,  2.08207E-02,  2.28256E-02,  2.52197E-02,NA,NA,NA,NA,NA,NA,NA,NA,NA,NA,NA,NA,NA,NA,NA,NA,NA,NA,NA,NA,NA,NA,NA,NA,NA,NA,NA,NA,NA,NA,NA,NA,NA,NA,NA,NA,NA,NA,NA,NA,NA,NA,NA,NA,NA,NA,NA,NA,NA,NA,NA,NA,NA,NA, -1.60401E-02, -1.75061E-02, -1.85909E-02, -1.93410E-02, -1.98026E-02, -2.00206E-02, -2.00376E-02, -1.98923E-02, -1.96193E-02, -1.92485E-02, -1.88052E-02, -1.83103E-02, -1.77807E-02, -1.72300E-02, -1.66686E-02, -1.61048E-02, -1.55449E-02, -1.49933E-02, -1.44536E-02, -1.39281E-02, -1.34186E-02, -1.29260E-02, -1.24512E-02, -1.19942E-02,
  1.15690E-02,  1.22335E-02,  1.29689E-02,  1.37874E-02,  1.47043E-02,  1.57389E-02,  1.69158E-02,  1.82672E-02,  1.98355E-02,  2.16771E-02,  2.38684E-02,  2.65133E-02,NA,NA,NA,NA,NA,NA,NA,NA,NA,NA,NA,NA,NA,NA,NA,NA,NA,NA,NA,NA,NA,NA,NA,NA,NA,NA,NA,NA,NA,NA,NA,NA,NA,NA,NA,NA,NA,NA,NA,NA,NA,NA,NA,NA,NA,NA,NA,NA,NA,NA,NA,NA,NA,NA,NA,NA,NA, -2.18331E-02, -2.21951E-02, -2.22902E-02, -2.21691E-02, -2.18775E-02, -2.14559E-02, -2.09387E-02, -2.03544E-02, -1.97262E-02, -1.90722E-02, -1.84065E-02, -1.77398E-02, -1.70800E-02, -1.64327E-02, -1.58021E-02, -1.51908E-02, -1.46006E-02, -1.40326E-02, -1.34871E-02, -1.29644E-02, -1.24641E-02,
  1.18078E-02,  1.24963E-02,  1.32598E-02,  1.41115E-02,  1.50682E-02,  1.61512E-02,  1.73880E-02,  1.88146E-02,  2.04793E-02,  2.24467E-02,  2.48056E-02,NA,NA,NA,NA,NA,NA,NA,NA,NA,NA,NA,NA,NA,NA,NA,NA,NA,NA,NA,NA,NA,NA,NA,NA,NA,NA,NA,NA,NA,NA,NA,NA,NA,NA,NA,NA,NA,NA,NA,NA,NA,NA,NA,NA,NA,NA,NA,NA,NA,NA,NA,NA,NA,NA,NA,NA,NA,NA,NA,NA,NA, -2.44215E-02, -2.39694E-02, -2.33844E-02, -2.27062E-02, -2.19675E-02, -2.11939E-02, -2.04049E-02, -1.96153E-02, -1.88357E-02, -1.80735E-02, -1.73339E-02, -1.66200E-02, -1.59338E-02, -1.52763E-02, -1.46476E-02, -1.40476E-02, -1.34757E-02, -1.29312E-02,
  1.20268E-02,  1.27358E-02,  1.35230E-02,  1.44027E-02,  1.53927E-02,  1.65160E-02,  1.78023E-02,  1.92912E-02,  2.10354E-02,  2.31069E-02,  2.56050E-02,NA,NA,NA,NA,NA,NA,NA,NA,NA,NA,NA,NA,NA,NA,NA,NA,NA,NA,NA,NA,NA,NA,NA,NA,NA,NA,NA,NA,NA,NA,NA,NA,NA,NA,NA,NA,NA,NA,NA,NA,NA,NA,NA,NA,NA,NA,NA,NA,NA,NA,NA,NA,NA,NA,NA,NA,NA,NA,NA,NA,NA,NA, -2.61364E-02, -2.53790E-02, -2.45300E-02, -2.36268E-02, -2.26983E-02, -2.17659E-02, -2.08451E-02, -1.99465E-02, -1.90770E-02, -1.82409E-02, -1.74405E-02, -1.66769E-02, -1.59500E-02, -1.52592E-02, -1.46035E-02, -1.39816E-02, -1.33921E-02,
  1.22244E-02,  1.29500E-02,  1.37563E-02,  1.46581E-02,  1.56740E-02,  1.68281E-02,  1.81519E-02,  1.96873E-02,  2.14904E-02,  2.36387E-02,  2.62389E-02,NA,NA,NA,NA,NA,NA,NA,NA,NA,NA,NA,NA,NA,NA,NA,NA,NA,NA,NA,NA,NA,NA,NA,NA,NA,NA,NA,NA,NA,NA,NA,NA,NA,NA,NA,NA,NA,NA,NA,NA,NA,NA,NA,NA,NA,NA,NA,NA,NA,NA,NA,NA,NA,NA,NA,NA,NA,NA,NA,NA,NA,NA,NA,NA, -2.63778E-02, -2.53065E-02, -2.42186E-02, -2.31382E-02, -2.20818E-02, -2.10603E-02, -2.00802E-02, -1.91451E-02, -1.82562E-02, -1.74136E-02, -1.66162E-02, -1.58625E-02, -1.51505E-02, -1.44783E-02, -1.38436E-02,
  1.23997E-02,  1.31380E-02,  1.39583E-02,  1.48757E-02,  1.59094E-02,  1.70841E-02,  1.84320E-02,  1.99963E-02,  2.18351E-02,  2.40283E-02,  2.66873E-02,NA,NA,NA,NA,NA,NA,NA,NA,NA,NA,NA,NA,NA,NA,NA,NA,NA,NA,NA,NA,NA,NA,NA,NA,NA,NA,NA,NA,NA,NA,NA,NA,NA,NA,NA,NA,NA,NA,NA,NA,NA,NA,NA,NA,NA,NA,NA,NA,NA,NA,NA,NA,NA,NA,NA,NA,NA,NA,NA,NA,NA,NA,NA,NA,NA, -2.69717E-02, -2.57276E-02, -2.44999E-02, -2.33078E-02, -2.21627E-02, -2.10713E-02, -2.00365E-02, -1.90586E-02, -1.81367E-02, -1.72687E-02, -1.64520E-02, -1.56839E-02, -1.49616E-02, -1.42822E-02,
  1.25523E-02,  1.32991E-02,  1.41283E-02,  1.50549E-02,  1.60981E-02,  1.72826E-02,  1.86407E-02,  2.02154E-02,  2.20650E-02,  2.42696E-02,  2.69405E-02,NA,NA,NA,NA,NA,NA,NA,NA,NA,NA,NA,NA,NA,NA,NA,NA,NA,NA,NA,NA,NA,NA,NA,NA,NA,NA,NA,NA,NA,NA,NA,NA,NA,NA,NA,NA,NA,NA,NA,NA,NA,NA,NA,NA,NA,NA,NA,NA,NA,NA,NA,NA,NA,NA,NA,NA,NA,NA,NA,NA,NA,NA,NA,NA,NA,NA, -2.71906E-02, -2.58247E-02, -2.45023E-02, -2.32373E-02, -2.20370E-02, -2.09041E-02, -1.98386E-02, -1.88385E-02, -1.79009E-02, -1.70222E-02, -1.61990E-02, -1.54274E-02, -1.47041E-02,
  1.26826E-02,  1.34338E-02,  1.42667E-02,  1.51960E-02,  1.62406E-02,  1.74243E-02,  1.87788E-02,  2.03456E-02,  2.21815E-02,  2.43638E-02,  2.70001E-02,NA,NA,NA,NA,NA,NA,NA,NA,NA,NA,NA,NA,NA,NA,NA,NA,NA,NA,NA,NA,NA,NA,NA,NA,NA,NA,NA,NA,NA,NA,NA,NA,NA,NA,NA,NA,NA,NA,NA,NA,NA,NA,NA,NA,NA,NA,NA,NA,NA,NA,NA,NA,NA,NA,NA,NA,NA,NA,NA,NA,NA,NA,NA,NA,NA,NA,NA, -2.70816E-02, -2.56418E-02, -2.42657E-02, -2.29626E-02, -2.17362E-02, -2.05865E-02, -1.95110E-02, -1.85061E-02, -1.75675E-02, -1.66907E-02, -1.58715E-02, -1.51056E-02,
  1.27911E-02,  1.35429E-02,  1.43748E-02,  1.53009E-02,  1.63391E-02,  1.75122E-02,  1.88501E-02,  2.03921E-02,  2.21915E-02,  2.43205E-02,  2.68793E-02,NA,NA,NA,NA,NA,NA,NA,NA,NA,NA,NA,NA,NA,NA,NA,NA,NA,NA,NA,NA,NA,NA,NA,NA,NA,NA,NA,NA,NA,NA,NA,NA,NA,NA,NA,NA,NA,NA,NA,NA,NA,NA,NA,NA,NA,NA,NA,NA,NA,NA,NA,NA,NA,NA,NA,NA,NA,NA,NA,NA,NA,NA,NA,NA,NA,NA,NA, -2.82364E-02, -2.67008E-02, -2.52283E-02, -2.38329E-02, -2.25207E-02, -2.12925E-02, -2.01461E-02, -1.90775E-02, -1.80819E-02, -1.71542E-02, -1.62896E-02, -1.54832E-02,
  1.28793E-02,  1.36282E-02,  1.44547E-02,  1.53722E-02,  1.63972E-02,  1.75510E-02,  1.88611E-02,  2.03636E-02,  2.21068E-02,  2.41561E-02,  2.66014E-02,NA,NA,NA,NA,NA,NA,NA,NA,NA,NA,NA,NA,NA,NA,NA,NA,NA,NA,NA,NA,NA,NA,NA,NA,NA,NA,NA,NA,NA,NA,NA,NA,NA,NA,NA,NA,NA,NA,NA,NA,NA,NA,NA,NA,NA,NA,NA,NA,NA,NA,NA,NA,NA,NA,NA,NA,NA,NA,NA,NA,NA,NA,NA,NA,NA,NA,NA,NA, -2.76534E-02, -2.61057E-02, -2.46329E-02, -2.32456E-02, -2.19469E-02, -2.07358E-02, -1.96084E-02, -1.85599E-02, -1.75848E-02, -1.66776E-02, -1.58332E-02,
  1.29487E-02,  1.36918E-02,  1.45094E-02,  1.54137E-02,  1.64199E-02,  1.75473E-02,  1.88205E-02,  2.02716E-02,  2.19433E-02,  2.38928E-02,  2.61976E-02,  2.89638E-02,NA,NA,NA,NA,NA,NA,NA,NA,NA,NA,NA,NA,NA,NA,NA,NA,NA,NA,NA,NA,NA,NA,NA,NA,NA,NA,NA,NA,NA,NA,NA,NA,NA,NA,NA,NA,NA,NA,NA,NA,NA,NA,NA,NA,NA,NA,NA,NA,NA,NA,NA,NA,NA,NA,NA,NA,NA,NA,NA,NA,NA,NA,NA,NA,NA,NA,NA,NA, -2.68798E-02, -2.53486E-02, -2.38998E-02, -2.25409E-02, -2.12727E-02, -2.00927E-02, -1.89962E-02, -1.79777E-02, -1.70316E-02, -1.61521E-02,
  1.30016E-02,  1.37365E-02,  1.45423E-02,  1.54300E-02,  1.64131E-02,  1.75087E-02,  1.87384E-02,  2.01299E-02,  2.17196E-02,  2.35559E-02,  2.57035E-02,  2.82495E-02,NA,NA,NA,NA,NA,NA,NA,NA,NA,NA,NA,NA,NA,NA,NA,NA,NA,NA,NA,NA,NA,NA,NA,NA,NA,NA,NA,NA,NA,NA,NA,NA,NA,NA,NA,NA,NA,NA,NA,NA,NA,NA,NA,NA,NA,NA,NA,NA,NA,NA,NA,NA,NA,NA,NA,NA,NA,NA,NA,NA,NA,NA,NA,NA,NA,NA,NA,NA, -2.75356E-02, -2.59684E-02, -2.44741E-02, -2.30666E-02, -2.17504E-02, -2.05249E-02, -1.93861E-02, -1.83291E-02, -1.73479E-02, -1.64370E-02,
  1.30401E-02,  1.37652E-02,  1.45572E-02,  1.54259E-02,  1.63832E-02,  1.74438E-02,  1.86260E-02,  1.99532E-02,  2.14556E-02,  2.31726E-02,  2.51563E-02,  2.74754E-02,NA,NA,NA,NA,NA,NA,NA,NA,NA,NA,NA,NA,NA,NA,NA,NA,NA,NA,NA,NA,NA,NA,NA,NA,NA,NA,NA,NA,NA,NA,NA,NA,NA,NA,NA,NA,NA,NA,NA,NA,NA,NA,NA,NA,NA,NA,NA,NA,NA,NA,NA,NA,NA,NA,NA,NA,NA,NA,NA,NA,NA,NA,NA,NA,NA,NA,NA,NA,NA, -2.64838E-02, -2.49612E-02, -2.35179E-02, -2.21636E-02, -2.09002E-02, -1.97255E-02, -1.86351E-02, -1.76235E-02, -1.66849E-02,
  1.30668E-02,  1.37810E-02,  1.45582E-02,  1.54068E-02,  1.63370E-02,  1.73611E-02,  1.84946E-02,  1.97564E-02,  2.11709E-02,  2.27692E-02,  2.45915E-02,  2.66900E-02,  2.91328E-02,NA,NA,NA,NA,NA,NA,NA,NA,NA,NA,NA,NA,NA,NA,NA,NA,NA,NA,NA,NA,NA,NA,NA,NA,NA,NA,NA,NA,NA,NA,NA,NA,NA,NA,NA,NA,NA,NA,NA,NA,NA,NA,NA,NA,NA,NA,NA,NA,NA,NA,NA,NA,NA,NA,NA,NA,NA,NA,NA,NA,NA,NA,NA,NA,NA,NA,NA,NA, -2.68905E-02, -2.53570E-02, -2.38908E-02, -2.25082E-02, -2.12151E-02, -2.00111E-02, -1.88929E-02, -1.78555E-02, -1.68933E-02,
  1.30842E-02,  1.37872E-02,  1.45493E-02,  1.53777E-02,  1.62809E-02,  1.72693E-02,  1.83553E-02,  1.95540E-02,  2.08843E-02,  2.23701E-02,  2.40412E-02,  2.59359E-02,  2.81023E-02,NA,NA,NA,NA,NA,NA,NA,NA,NA,NA,NA,NA,NA,NA,NA,NA,NA,NA,NA,NA,NA,NA,NA,NA,NA,NA,NA,NA,NA,NA,NA,NA,NA,NA,NA,NA,NA,NA,NA,NA,NA,NA,NA,NA,NA,NA,NA,NA,NA,NA,NA,NA,NA,NA,NA,NA,NA,NA,NA,NA,NA,NA,NA,NA,NA,NA,NA,NA, -2.71890E-02, -2.56601E-02, -2.41831E-02, -2.27820E-02, -2.14669E-02, -2.02403E-02, -1.90999E-02, -1.80417E-02, -1.70603E-02,
  1.30947E-02,  1.37868E-02,  1.45344E-02,  1.53435E-02,  1.62214E-02,  1.71762E-02,  1.82181E-02,  1.93586E-02,  2.06123E-02,  2.19964E-02,  2.35326E-02,  2.52475E-02,  2.71738E-02,  2.93514E-02,NA,NA,NA,NA,NA,NA,NA,NA,NA,NA,NA,NA,NA,NA,NA,NA,NA,NA,NA,NA,NA,NA,NA,NA,NA,NA,NA,NA,NA,NA,NA,NA,NA,NA,NA,NA,NA,NA,NA,NA,NA,NA,NA,NA,NA,NA,NA,NA,NA,NA,NA,NA,NA,NA,NA,NA,NA,NA,NA,NA,NA,NA,NA,NA,NA,NA,NA, -2.73841E-02, -2.58724E-02, -2.43949E-02, -2.29838E-02, -2.16542E-02, -2.04112E-02, -1.92544E-02, -1.81803E-02, -1.71840E-02,
  1.31003E-02,  1.37825E-02,  1.45169E-02,  1.53087E-02,  1.61638E-02,  1.70889E-02,  1.80919E-02,  1.91816E-02,  2.03688E-02,  2.16657E-02,  2.30874E-02,  2.46516E-02,  2.63793E-02,  2.82953E-02,  3.04279E-02,NA,NA,NA,NA,NA,NA,NA,NA,NA,NA,NA,NA,NA,NA,NA,NA,NA,NA,NA,NA,NA,NA,NA,NA,NA,NA,NA,NA,NA,NA,NA,NA,NA,NA,NA,NA,NA,NA,NA,NA,NA,NA,NA,NA,NA,NA,NA,NA,NA,NA,NA,NA,NA,NA,NA,NA,NA,NA,NA,NA,NA,NA,NA,NA,NA,NA,NA, -2.59980E-02, -2.45276E-02, -2.31137E-02, -2.17762E-02, -2.05229E-02, -1.93550E-02, -1.82699E-02, -1.72632E-02,
  1.31032E-02,  1.37768E-02,  1.44999E-02,  1.52770E-02,  1.61130E-02,  1.70133E-02,  1.79841E-02,  1.90321E-02,  2.01650E-02,  2.13916E-02,  2.27218E-02,  2.41670E-02,  2.57400E-02,  2.74553E-02,  2.93284E-02,  3.13754E-02,NA,NA,NA,NA,NA,NA,NA,NA,NA,NA,NA,NA,NA,NA,NA,NA,NA,NA,NA,NA,NA,NA,NA,NA,NA,NA,NA,NA,NA,NA,NA,NA,NA,NA,NA,NA,NA,NA,NA,NA,NA,NA,NA,NA,NA,NA,NA,NA,NA,NA,NA,NA,NA,NA,NA,NA,NA,NA,NA,NA,NA,NA,NA,NA,NA,NA, -2.60425E-02, -2.45842E-02, -2.31729E-02, -2.18330E-02, -2.05748E-02, -1.94010E-02, -1.83096E-02, -1.72969E-02,
  1.31047E-02,  1.37715E-02,  1.44858E-02,  1.52515E-02,  1.60727E-02,  1.69540E-02,  1.79002E-02,  1.89168E-02,  2.00093E-02,  2.11838E-02,  2.24471E-02,  2.38061E-02,  2.52686E-02,  2.68424E-02,  2.85355E-02,  3.03552E-02,  3.23076E-02,NA,NA,NA,NA,NA,NA,NA,NA,NA,NA,NA,NA,NA,NA,NA,NA,NA,NA,NA,NA,NA,NA,NA,NA,NA,NA,NA,NA,NA,NA,NA,NA,NA,NA,NA,NA,NA,NA,NA,NA,NA,NA,NA,NA,NA,NA,NA,NA,NA,NA,NA,NA,NA,NA,NA,NA,NA,NA,NA,NA,NA,NA,NA,NA,NA, -2.60120E-02, -2.45676E-02, -2.31627E-02, -2.18250E-02, -2.05668E-02, -1.93918E-02, -1.82989E-02, -1.72844E-02,
  1.31061E-02,  1.37682E-02,  1.44764E-02,  1.52342E-02,  1.60455E-02,  1.69141E-02,  1.78444E-02,  1.88405E-02,  1.99071E-02,  2.10487E-02,  2.22702E-02,  2.35762E-02,  2.49714E-02,  2.64605E-02,  2.80473E-02,  2.97351E-02,  3.15262E-02,  3.34216E-02,NA,NA,NA,NA,NA,NA,NA,NA,NA,NA,NA,NA,NA,NA,NA,NA,NA,NA,NA,NA,NA,NA,NA,NA,NA,NA,NA,NA,NA,NA,NA,NA,NA,NA,NA,NA,NA,NA,NA,NA,NA,NA,NA,NA,NA,NA,NA,NA,NA,NA,NA,NA,NA,NA,NA,NA,NA,NA,NA,NA,NA,NA,NA,NA, -2.59116E-02, -2.44806E-02, -2.30845E-02, -2.17528E-02, -2.04990E-02, -1.93274E-02, -1.82374E-02, -1.72255E-02,
  1.31081E-02,  1.37676E-02,  1.44726E-02,  1.52266E-02,  1.60330E-02,  1.68957E-02,  1.78186E-02,  1.88058E-02,  1.98613E-02,  2.09894E-02,  2.21942E-02,  2.34798E-02,  2.48501E-02,  2.63086E-02,  2.78584E-02,  2.95020E-02,  3.12409E-02,  3.30759E-02,  3.50078E-02,  3.70388E-02,NA,NA,NA,NA,NA,NA,NA,NA,NA,NA,NA,NA,NA,NA,NA,NA,NA,NA,NA,NA,NA,NA,NA,NA,NA,NA,NA,NA,NA,NA,NA,NA,NA,NA,NA,NA,NA,NA,NA,NA,NA,NA,NA,NA,NA,NA,NA,NA,NA,NA,NA,NA,NA,NA,NA,NA,NA,NA,NA,NA,NA,NA, -2.57444E-02, -2.43249E-02, -2.29391E-02, -2.16167E-02, -2.03714E-02, -1.92077E-02, -1.81250E-02, -1.71199E-02,
  1.31109E-02,  1.37701E-02,  1.44750E-02,  1.52289E-02,  1.60357E-02,  1.68992E-02,  1.78236E-02,  1.88131E-02,  1.98724E-02,  2.10062E-02,  2.22191E-02,  2.35163E-02,  2.49026E-02,  2.63832E-02,  2.79627E-02,  2.96455E-02,  3.14352E-02,  3.33345E-02,NA,NA,NA,NA,NA,NA,NA,NA,NA,NA,NA,NA,NA,NA,NA,NA,NA,NA,NA,NA,NA,NA,NA,NA,NA,NA,NA,NA,NA,NA,NA,NA,NA,NA,NA,NA,NA,NA,NA,NA,NA,NA,NA,NA,NA,NA,NA,NA,NA,NA,NA,NA,NA,NA,NA,NA,NA,NA,NA,NA,NA,NA,NA,NA, -2.55110E-02, -2.41009E-02, -2.27268E-02, -2.14169E-02, -2.01843E-02, -1.90329E-02, -1.79619E-02, -1.69678E-02,
  1.31144E-02,  1.37755E-02,  1.44830E-02,  1.52407E-02,  1.60528E-02,  1.69236E-02,  1.78579E-02,  1.88610E-02,  1.99384E-02,  2.10964E-02,  2.23417E-02,  2.36817E-02,  2.51245E-02,  2.66790E-02,  2.83542E-02,  3.01595E-02,  3.21036E-02,NA,NA,NA,NA,NA,NA,NA,NA,NA,NA,NA,NA,NA,NA,NA,NA,NA,NA,NA,NA,NA,NA,NA,NA,NA,NA,NA,NA,NA,NA,NA,NA,NA,NA,NA,NA,NA,NA,NA,NA,NA,NA,NA,NA,NA,NA,NA,NA,NA,NA,NA,NA,NA,NA,NA,NA,NA,NA,NA,NA,NA,NA,NA,NA,NA, -2.52093E-02, -2.38076E-02, -2.24472E-02, -2.11535E-02, -1.99378E-02, -1.88031E-02, -1.77483E-02, -1.67696E-02,
  1.31179E-02,  1.37827E-02,  1.44956E-02,  1.52606E-02,  1.60826E-02,  1.69667E-02,  1.79189E-02,  1.89458E-02,  2.00549E-02,  2.12549E-02,  2.25558E-02,  2.39690E-02,  2.55080E-02,  2.71881E-02,  2.90263E-02,  3.10408E-02,NA,NA,NA,NA,NA,NA,NA,NA,NA,NA,NA,NA,NA,NA,NA,NA,NA,NA,NA,NA,NA,NA,NA,NA,NA,NA,NA,NA,NA,NA,NA,NA,NA,NA,NA,NA,NA,NA,NA,NA,NA,NA,NA,NA,NA,NA,NA,NA,NA,NA,NA,NA,NA,NA,NA,NA,NA,NA,NA,NA,NA,NA,NA,NA,NA,NA, -2.48349E-02, -2.34427E-02, -2.20992E-02, -2.08260E-02, -1.96320E-02, -1.85189E-02, -1.74848E-02, -1.65257E-02,
  1.31203E-02,  1.37906E-02,  1.45110E-02,  1.52864E-02,  1.61223E-02,  1.70251E-02,  1.80022E-02,  1.90623E-02,  2.02154E-02,  2.14738E-02,  2.28520E-02,  2.43675E-02,  2.60416E-02,  2.78993E-02,  2.99699E-02,NA,NA,NA,NA,NA,NA,NA,NA,NA,NA,NA,NA,NA,NA,NA,NA,NA,NA,NA,NA,NA,NA,NA,NA,NA,NA,NA,NA,NA,NA,NA,NA,NA,NA,NA,NA,NA,NA,NA,NA,NA,NA,NA,NA,NA,NA,NA,NA,NA,NA,NA,NA,NA,NA,NA,NA,NA,NA,NA,NA,NA,NA,NA,NA,NA,NA,NA, -2.43822E-02, -2.30034E-02, -2.16818E-02, -2.04343E-02, -1.92672E-02, -1.81808E-02, -1.71723E-02, -1.62372E-02,
  1.31202E-02,  1.37974E-02,  1.45271E-02,  1.53152E-02,  1.61683E-02,  1.70941E-02,  1.81020E-02,  1.92031E-02,  2.04110E-02,  2.17422E-02,  2.32173E-02,  2.48622E-02,  2.67084E-02,  2.87951E-02,NA,NA,NA,NA,NA,NA,NA,NA,NA,NA,NA,NA,NA,NA,NA,NA,NA,NA,NA,NA,NA,NA,NA,NA,NA,NA,NA,NA,NA,NA,NA,NA,NA,NA,NA,NA,NA,NA,NA,NA,NA,NA,NA,NA,NA,NA,NA,NA,NA,NA,NA,NA,NA,NA,NA,NA,NA,NA,NA,NA,NA,NA,NA,NA,NA,NA,NA, -2.52431E-02, -2.38454E-02, -2.24868E-02, -2.11939E-02, -1.99785E-02, -1.88442E-02, -1.77898E-02, -1.68117E-02, -1.59051E-02,
  1.31159E-02,  1.38007E-02,  1.45410E-02,  1.53435E-02,  1.62160E-02,  1.71681E-02,  1.82112E-02,  1.93595E-02,  2.06304E-02,  2.20462E-02,  2.36351E-02,  2.54328E-02,  2.74850E-02,  2.98492E-02,NA,NA,NA,NA,NA,NA,NA,NA,NA,NA,NA,NA,NA,NA,NA,NA,NA,NA,NA,NA,NA,NA,NA,NA,NA,NA,NA,NA,NA,NA,NA,NA,NA,NA,NA,NA,NA,NA,NA,NA,NA,NA,NA,NA,NA,NA,NA,NA,NA,NA,NA,NA,NA,NA,NA,NA,NA,NA,NA,NA,NA,NA,NA,NA,NA,NA,NA, -2.46023E-02, -2.32197E-02, -2.18911E-02, -2.06351E-02, -1.94591E-02, -1.83641E-02, -1.73474E-02, -1.64047E-02, -1.55310E-02,
  1.31056E-02,  1.37982E-02,  1.45496E-02,  1.53672E-02,  1.62605E-02,  1.72406E-02,  1.83215E-02,  1.95208E-02,  2.08605E-02,  2.23693E-02,  2.40841E-02,  2.60533E-02,  2.83394E-02,NA,NA,NA,NA,NA,NA,NA,NA,NA,NA,NA,NA,NA,NA,NA,NA,NA,NA,NA,NA,NA,NA,NA,NA,NA,NA,NA,NA,NA,NA,NA,NA,NA,NA,NA,NA,NA,NA,NA,NA,NA,NA,NA,NA,NA,NA,NA,NA,NA,NA,NA,NA,NA,NA,NA,NA,NA,NA,NA,NA,NA,NA,NA,NA,NA,NA,NA,NA, -2.38546E-02, -2.25024E-02, -2.12157E-02, -2.00063E-02, -1.88777E-02, -1.78286E-02, -1.68554E-02, -1.59532E-02, -1.51168E-02,
  1.30870E-02,  1.37873E-02,  1.45494E-02,  1.53821E-02,  1.62961E-02,  1.73045E-02,  1.84238E-02,  1.96753E-02,  2.10862E-02,  2.26920E-02,  2.45397E-02,  2.66917E-02,  2.92306E-02,NA,NA,NA,NA,NA,NA,NA,NA,NA,NA,NA,NA,NA,NA,NA,NA,NA,NA,NA,NA,NA,NA,NA,NA,NA,NA,NA,NA,NA,NA,NA,NA,NA,NA,NA,NA,NA,NA,NA,NA,NA,NA,NA,NA,NA,NA,NA,NA,NA,NA,NA,NA,NA,NA,NA,NA,NA,NA,NA,NA,NA,NA,NA,NA,NA,NA,NA, -2.43593E-02, -2.29980E-02, -2.16936E-02, -2.04621E-02, -1.93096E-02, -1.82367E-02, -1.72404E-02, -1.63164E-02, -1.54596E-02, -1.46648E-02,
  1.30582E-02,  1.37652E-02,  1.45371E-02,  1.53837E-02,  1.63171E-02,  1.73523E-02,  1.85086E-02,  1.98108E-02,  2.12912E-02,  2.29929E-02,  2.49735E-02,  2.73104E-02,NA,NA,NA,NA,NA,NA,NA,NA,NA,NA,NA,NA,NA,NA,NA,NA,NA,NA,NA,NA,NA,NA,NA,NA,NA,NA,NA,NA,NA,NA,NA,NA,NA,NA,NA,NA,NA,NA,NA,NA,NA,NA,NA,NA,NA,NA,NA,NA,NA,NA,NA,NA,NA,NA,NA,NA,NA,NA,NA,NA,NA,NA,NA,NA,NA,NA,NA,NA, -2.33398E-02, -2.20350E-02, -2.07966E-02, -1.96337E-02, -1.85486E-02, -1.75396E-02, -1.66029E-02, -1.57337E-02, -1.49270E-02, -1.41778E-02,
  1.30170E-02,  1.37293E-02,  1.45092E-02,  1.53676E-02,  1.63178E-02,  1.73767E-02,  1.85661E-02,  1.99143E-02,  2.14587E-02,  2.32496E-02,  2.53550E-02,  2.78681E-02,NA,NA,NA,NA,NA,NA,NA,NA,NA,NA,NA,NA,NA,NA,NA,NA,NA,NA,NA,NA,NA,NA,NA,NA,NA,NA,NA,NA,NA,NA,NA,NA,NA,NA,NA,NA,NA,NA,NA,NA,NA,NA,NA,NA,NA,NA,NA,NA,NA,NA,NA,NA,NA,NA,NA,NA,NA,NA,NA,NA,NA,NA,NA,NA,NA,NA,NA, -2.34772E-02, -2.21961E-02, -2.09722E-02, -1.98174E-02, -1.87363E-02, -1.77285E-02, -1.67912E-02, -1.59203E-02, -1.51111E-02, -1.43589E-02, -1.36590E-02,
  1.29617E-02,  1.36771E-02,  1.44626E-02,  1.53297E-02,  1.62930E-02,  1.73708E-02,  1.85873E-02,  1.99738E-02,  2.15723E-02,  2.34397E-02,  2.56538E-02,  2.83219E-02,NA,NA,NA,NA,NA,NA,NA,NA,NA,NA,NA,NA,NA,NA,NA,NA,NA,NA,NA,NA,NA,NA,NA,NA,NA,NA,NA,NA,NA,NA,NA,NA,NA,NA,NA,NA,NA,NA,NA,NA,NA,NA,NA,NA,NA,NA,NA,NA,NA,NA,NA,NA,NA,NA,NA,NA,NA,NA,NA,NA,NA,NA,NA,NA,NA,NA, -2.33451E-02, -2.21215E-02, -2.09414E-02, -1.98203E-02, -1.87649E-02, -1.77772E-02, -1.68556E-02, -1.59971E-02, -1.51977E-02, -1.44531E-02, -1.37592E-02, -1.31118E-02,
  1.28905E-02,  1.36066E-02,  1.43946E-02,  1.52665E-02,  1.62379E-02,  1.73285E-02,  1.85639E-02,  1.99783E-02,  2.16172E-02,  2.35429E-02,  2.58412E-02,  2.86313E-02,NA,NA,NA,NA,NA,NA,NA,NA,NA,NA,NA,NA,NA,NA,NA,NA,NA,NA,NA,NA,NA,NA,NA,NA,NA,NA,NA,NA,NA,NA,NA,NA,NA,NA,NA,NA,NA,NA,NA,NA,NA,NA,NA,NA,NA,NA,NA,NA,NA,NA,NA,NA,NA,NA,NA,NA,NA,NA,NA,NA,NA,NA,NA,NA,NA,NA, -2.17415E-02, -2.06457E-02, -1.95926E-02, -1.85925E-02, -1.76499E-02, -1.67655E-02, -1.59377E-02, -1.51640E-02, -1.44408E-02, -1.37647E-02, -1.31323E-02, -1.25403E-02,
  1.28021E-02,  1.35161E-02,  1.43029E-02,  1.51751E-02,  1.61489E-02,  1.72447E-02,  1.84895E-02,  1.99190E-02,  2.15814E-02,  2.35425E-02,  2.58935E-02,NA,NA,NA,NA,NA,NA,NA,NA,NA,NA,NA,NA,NA,NA,NA,NA,NA,NA,NA,NA,NA,NA,NA,NA,NA,NA,NA,NA,NA,NA,NA,NA,NA,NA,NA,NA,NA,NA,NA,NA,NA,NA,NA,NA,NA,NA,NA,NA,NA,NA,NA,NA,NA,NA,NA,NA,NA,NA,NA,NA,NA,NA,NA,NA,NA,NA, -2.09732E-02, -2.00147E-02, -1.90750E-02, -1.81687E-02, -1.73040E-02, -1.64845E-02, -1.57112E-02, -1.49833E-02, -1.42989E-02, -1.36558E-02, -1.30513E-02, -1.24830E-02, -1.19485E-02,
  1.26958E-02,  1.34044E-02,  1.41861E-02,  1.50536E-02,  1.60232E-02,  1.71160E-02,  1.83594E-02,  1.97897E-02,  2.14562E-02,  2.34265E-02,  2.57941E-02,NA,NA,NA,NA,NA,NA,NA,NA,NA,NA,NA,NA,NA,NA,NA,NA,NA,NA,NA,NA,NA,NA,NA,NA,NA,NA,NA,NA,NA,NA,NA,NA,NA,NA,NA,NA,NA,NA,NA,NA,NA,NA,NA,NA,NA,NA,NA,NA,NA,NA,NA,NA,NA,NA,NA,NA,NA,NA,NA,NA,NA,NA,NA,NA,NA, -1.97209E-02, -1.89673E-02, -1.81988E-02, -1.74354E-02, -1.66901E-02, -1.59707E-02, -1.52818E-02, -1.46252E-02, -1.40013E-02, -1.34097E-02, -1.28492E-02, -1.23186E-02, -1.18163E-02, -1.13407E-02,
  1.25710E-02,  1.32710E-02,  1.40434E-02,  1.49009E-02,  1.58597E-02,  1.69408E-02,  1.81712E-02,  1.95873E-02,  2.12377E-02,  2.31894E-02,  2.55349E-02,NA,NA,NA,NA,NA,NA,NA,NA,NA,NA,NA,NA,NA,NA,NA,NA,NA,NA,NA,NA,NA,NA,NA,NA,NA,NA,NA,NA,NA,NA,NA,NA,NA,NA,NA,NA,NA,NA,NA,NA,NA,NA,NA,NA,NA,NA,NA,NA,NA,NA,NA,NA,NA,NA,NA,NA,NA,NA,NA,NA,NA,NA,NA,NA, -1.78788E-02, -1.74128E-02, -1.68865E-02, -1.63265E-02, -1.57521E-02, -1.51766E-02, -1.46090E-02, -1.40550E-02, -1.35184E-02, -1.30011E-02, -1.25042E-02, -1.20280E-02, -1.15725E-02, -1.11372E-02, -1.07216E-02,
  1.24278E-02,  1.31158E-02,  1.38747E-02,  1.47170E-02,  1.56584E-02,  1.67190E-02,  1.79253E-02,  1.93121E-02,  2.09264E-02,  2.28321E-02,  2.51177E-02,NA,NA,NA,NA,NA,NA,NA,NA,NA,NA,NA,NA,NA,NA,NA,NA,NA,NA,NA,NA,NA,NA,NA,NA,NA,NA,NA,NA,NA,NA,NA,NA,NA,NA,NA,NA,NA,NA,NA,NA,NA,NA,NA,NA,NA,NA,NA,NA,NA,NA,NA,NA,NA,NA,NA,NA,NA,NA,NA,NA,NA,NA, -1.52432E-02, -1.53286E-02, -1.52502E-02, -1.50519E-02, -1.47688E-02, -1.44277E-02, -1.40489E-02, -1.36475E-02, -1.32343E-02, -1.28172E-02, -1.24018E-02, -1.19920E-02, -1.15904E-02, -1.11990E-02, -1.08189E-02, -1.04510E-02, -1.00955E-02,
  1.22667E-02,  1.29396E-02,  1.36811E-02,  1.45031E-02,  1.54205E-02,  1.64526E-02,  1.76241E-02,  1.89678E-02,  2.05273E-02,  2.23621E-02,  2.45535E-02,  2.72142E-02,NA,NA,NA,NA,NA,NA,NA,NA,NA,NA,NA,NA,NA,NA,NA,NA,NA,NA,NA,NA,NA,NA,NA,NA,NA,NA,NA,NA,NA,NA,NA,NA,NA,NA,NA,NA,NA,NA,NA,NA,NA,NA,NA,NA,NA,NA,NA,NA,NA,NA,NA,NA,NA,NA,NA,NA,NA,NA,NA,NA, -1.12470E-02, -1.19304E-02, -1.23622E-02, -1.25967E-02, -1.26794E-02, -1.26471E-02, -1.25289E-02, -1.23476E-02, -1.21208E-02, -1.18619E-02, -1.15811E-02, -1.12862E-02, -1.09831E-02, -1.06762E-02, -1.03689E-02, -1.00638E-02, -9.76269E-03, -9.46708E-03,
  1.20887E-02,  1.27434E-02,  1.34638E-02,  1.42610E-02,  1.51488E-02,  1.61450E-02,  1.72724E-02,  1.85607E-02,  2.00496E-02,  2.17922E-02,  2.38610E-02,  2.63550E-02,NA,NA,NA,NA,NA,NA,NA,NA,NA,NA,NA,NA,NA,NA,NA,NA,NA,NA,NA,NA,NA,NA,NA,NA,NA,NA,NA,NA,NA,NA,NA,NA,NA,NA,NA,NA,NA,NA,NA,NA,NA,NA,NA,NA,NA,NA,NA,NA,NA,NA,NA,NA,NA,NA,NA,NA,NA,NA,NA,NA, -7.49678E-03, -8.59890E-03, -9.39998E-03, -9.96006E-03, -1.03295E-02, -1.05496E-02, -1.06535E-02, -1.06677E-02, -1.06129E-02, -1.05056E-02, -1.03586E-02, -1.01818E-02, -9.98332E-03, -9.76923E-03, -9.54445E-03, -9.31283E-03, -9.07742E-03, -8.84062E-03,
  1.18951E-02,  1.25291E-02,  1.32252E-02,  1.39935E-02,  1.48468E-02,  1.58010E-02,  1.68765E-02,  1.80997E-02,  1.95053E-02,  2.11396E-02,  2.30647E-02,  2.53645E-02,NA,NA,NA,NA,NA,NA,NA,NA,NA,NA,NA,NA,NA,NA,NA,NA,NA,NA,NA,NA,NA,NA,NA,NA,NA,NA,NA,NA,NA,NA,NA,NA,NA,NA,NA,NA,NA,NA,NA,NA,NA,NA,NA,NA,NA,NA,NA,NA,NA,NA,NA,NA,NA,NA,NA,NA,NA,NA,NA,NA, -3.74484E-03, -5.29656E-03, -6.48285E-03, -7.37475E-03, -8.03140E-03, -8.50106E-03, -8.82260E-03, -9.02708E-03, -9.13920E-03, -9.17858E-03, -9.16081E-03, -9.09830E-03, -9.00094E-03, -8.87667E-03, -8.73184E-03, -8.57157E-03, -8.39997E-03, -8.22038E-03,
  1.16877E-02,  1.22987E-02,  1.29678E-02,  1.37041E-02,  1.45190E-02,  1.54264E-02,  1.64441E-02,  1.75950E-02,  1.89086E-02,  2.04238E-02,  2.21920E-02,  2.42818E-02,NA,NA,NA,NA,NA,NA,NA,NA,NA,NA,NA,NA,NA,NA,NA,NA,NA,NA,NA,NA,NA,NA,NA,NA,NA,NA,NA,NA,NA,NA,NA,NA,NA,NA,NA,NA,NA,NA,NA,NA,NA,NA,NA,NA,NA,NA,NA,NA,NA,NA,NA,NA,NA,NA,NA,NA,NA,NA,NA,NA,NA, -2.06524E-03, -3.64667E-03, -4.87138E-03, -5.81112E-03, -6.52365E-03, -7.05507E-03, -7.44200E-03, -7.71353E-03, -7.89279E-03, -7.99822E-03, -8.04458E-03, -8.04376E-03, -8.00532E-03, -7.93703E-03, -7.84517E-03, -7.73489E-03, -7.61039E-03,
  1.14683E-02,  1.20546E-02,  1.26947E-02,  1.33967E-02,  1.41702E-02,  1.50275E-02,  1.59837E-02,  1.70578E-02,  1.82744E-02,  1.96651E-02,  2.12710E-02,  2.31461E-02,  2.53608E-02,NA,NA,NA,NA,NA,NA,NA,NA,NA,NA,NA,NA,NA,NA,NA,NA,NA,NA,NA,NA,NA,NA,NA,NA,NA,NA,NA,NA,NA,NA,NA,NA,NA,NA,NA,NA,NA,NA,NA,NA,NA,NA,NA,NA,NA,NA,NA,NA,NA,NA,NA,NA,NA,NA,NA,NA,NA,NA,NA,NA,  1.05305E-03, -9.26303E-04, -2.47894E-03, -3.69292E-03, -4.63779E-03, -5.36823E-03, -5.92720E-03, -6.34857E-03, -6.65913E-03, -6.88022E-03, -7.02890E-03, -7.11892E-03, -7.16143E-03, -7.16547E-03, -7.13844E-03, -7.08641E-03, -7.01435E-03,
  1.12390E-02,  1.17994E-02,  1.24092E-02,  1.30752E-02,  1.38057E-02,  1.46110E-02,  1.55037E-02,  1.64993E-02,  1.76175E-02,  1.88831E-02,  2.03281E-02,  2.19932E-02,  2.39305E-02,NA,NA,NA,NA,NA,NA,NA,NA,NA,NA,NA,NA,NA,NA,NA,NA,NA,NA,NA,NA,NA,NA,NA,NA,NA,NA,NA,NA,NA,NA,NA,NA,NA,NA,NA,NA,NA,NA,NA,NA,NA,NA,NA,NA,NA,NA,NA,NA,NA,NA,NA,NA,NA,NA,NA,NA,NA,NA,NA,NA,NA,  1.64190E-03, -2.26402E-04, -1.70024E-03, -2.86272E-03, -3.77810E-03, -4.49619E-03, -5.05581E-03, -5.48748E-03, -5.81532E-03, -6.05861E-03, -6.23286E-03, -6.35061E-03, -6.42211E-03, -6.45573E-03, -6.45836E-03, -6.43569E-03,
  1.10020E-02,  1.15359E-02,  1.21145E-02,  1.27437E-02,  1.34306E-02,  1.41835E-02,  1.50125E-02,  1.59300E-02,  1.69514E-02,  1.80956E-02,  1.93863E-02,  2.08534E-02,  2.25337E-02,  2.44728E-02,NA,NA,NA,NA,NA,NA,NA,NA,NA,NA,NA,NA,NA,NA,NA,NA,NA,NA,NA,NA,NA,NA,NA,NA,NA,NA,NA,NA,NA,NA,NA,NA,NA,NA,NA,NA,NA,NA,NA,NA,NA,NA,NA,NA,NA,NA,NA,NA,NA,NA,NA,NA,NA,NA,NA,NA,NA,NA,NA,NA,  4.01929E-03,  1.85688E-03,  1.44127E-04, -1.21656E-03, -2.29939E-03, -3.16112E-03, -3.84547E-03, -4.38650E-03, -4.81098E-03, -5.14019E-03, -5.39120E-03, -5.57782E-03, -5.71131E-03, -5.80088E-03, -5.85416E-03, -5.87744E-03,
  1.07595E-02,  1.12665E-02,  1.18138E-02,  1.24064E-02,  1.30498E-02,  1.37509E-02,  1.45177E-02,  1.53596E-02,  1.62883E-02,  1.73177E-02,  1.84649E-02,  1.97506E-02,  2.12000E-02,  2.28429E-02,  2.47141E-02,NA,NA,NA,NA,NA,NA,NA,NA,NA,NA,NA,NA,NA,NA,NA,NA,NA,NA,NA,NA,NA,NA,NA,NA,NA,NA,NA,NA,NA,NA,NA,NA,NA,NA,NA,NA,NA,NA,NA,NA,NA,NA,NA,NA,NA,NA,NA,NA,NA,NA,NA,NA,NA,NA,NA,NA,NA,NA,NA,  6.16597E-03,  3.74187E-03,  1.81849E-03,  2.84045E-04, -9.45242E-04, -1.93262E-03, -2.72633E-03, -3.36361E-03, -3.87354E-03, -4.27912E-03, -4.59874E-03, -4.84726E-03, -5.03679E-03, -5.17723E-03, -5.27679E-03, -5.34225E-03,
  1.05136E-02,  1.09939E-02,  1.15103E-02,  1.20668E-02,  1.26679E-02,  1.33189E-02,  1.40260E-02,  1.47963E-02,  1.56382E-02,  1.65616E-02,  1.75784E-02,  1.87023E-02,  1.99496E-02,  2.13387E-02,  2.28904E-02,  2.46263E-02,NA,NA,NA,NA,NA,NA,NA,NA,NA,NA,NA,NA,NA,NA,NA,NA,NA,NA,NA,NA,NA,NA,NA,NA,NA,NA,NA,NA,NA,NA,NA,NA,NA,NA,NA,NA,NA,NA,NA,NA,NA,NA,NA,NA,NA,NA,NA,NA,NA,NA,NA,NA,NA,NA,NA,NA,NA,NA,NA,  5.40161E-03,  3.30342E-03,  1.62463E-03,  2.73242E-04, -8.19508E-04, -1.70559E-03, -2.42482E-03, -3.00811E-03, -3.47983E-03, -3.85937E-03, -4.16239E-03, -4.40161E-03, -4.58751E-03, -4.72870E-03, -4.83237E-03,
  1.02662E-02,  1.07205E-02,  1.12068E-02,  1.17284E-02,  1.22888E-02,  1.28922E-02,  1.35431E-02,  1.42467E-02,  1.50090E-02,  1.58366E-02,  1.67373E-02,  1.77199E-02,  1.87941E-02,  1.99707E-02,  2.12609E-02,  2.26759E-02,  2.42252E-02,NA,NA,NA,NA,NA,NA,NA,NA,NA,NA,NA,NA,NA,NA,NA,NA,NA,NA,NA,NA,NA,NA,NA,NA,NA,NA,NA,NA,NA,NA,NA,NA,NA,NA,NA,NA,NA,NA,NA,NA,NA,NA,NA,NA,NA,NA,NA,NA,NA,NA,NA,NA,NA,NA,NA,NA,NA,NA,  6.81356E-03,  4.58319E-03,  2.79387E-03,  1.34758E-03,  1.71629E-04, -7.88551E-04, -1.57454E-03, -2.21849E-03, -2.74562E-03, -3.17600E-03, -3.52580E-03, -3.80816E-03, -4.03387E-03, -4.21187E-03, -4.34959E-03,
  1.00193E-02,  1.04482E-02,  1.09056E-02,  1.13940E-02,  1.19161E-02,  1.24749E-02,  1.30737E-02,  1.37163E-02,  1.44066E-02,  1.51490E-02,  1.59483E-02,  1.68097E-02,  1.77385E-02,  1.87404E-02,  1.98208E-02,  2.09847E-02,  2.22355E-02,  2.35746E-02,NA,NA,NA,NA,NA,NA,NA,NA,NA,NA,NA,NA,NA,NA,NA,NA,NA,NA,NA,NA,NA,NA,NA,NA,NA,NA,NA,NA,NA,NA,NA,NA,NA,NA,NA,NA,NA,NA,NA,NA,NA,NA,NA,NA,NA,NA,NA,NA,NA,NA,NA,NA,NA,NA,NA,NA,NA,  7.96217E-03,  5.64738E-03,  3.78450E-03,  2.27249E-03,  1.03677E-03,  2.15586E-05, -8.15482E-04, -1.50701E-03, -2.07859E-03, -2.55057E-03, -2.93929E-03, -3.25807E-03, -3.51786E-03, -3.72774E-03, -3.89527E-03,
  9.77431E-03,  1.01791E-02,  1.06091E-02,  1.10661E-02,  1.15524E-02,  1.20700E-02,  1.26213E-02,  1.32088E-02,  1.38351E-02,  1.45029E-02,  1.52149E-02,  1.59738E-02,  1.67824E-02,  1.76431E-02,  1.85580E-02,  1.95287E-02,  2.05560E-02,  2.16396E-02,  2.27785E-02,NA,NA,NA,NA,NA,NA,NA,NA,NA,NA,NA,NA,NA,NA,NA,NA,NA,NA,NA,NA,NA,NA,NA,NA,NA,NA,NA,NA,NA,NA,NA,NA,NA,NA,NA,NA,NA,NA,NA,NA,NA,NA,NA,NA,NA,NA,NA,NA,NA,NA,NA,NA,NA,NA,NA,NA,  8.84103E-03,  6.49214E-03,  4.59414E-03,  3.04640E-03,  1.77474E-03,  7.23770E-04, -1.48535E-04, -8.74552E-04, -1.47964E-03, -1.98396E-03, -2.40377E-03, -2.75229E-03, -3.04043E-03, -3.27725E-03, -3.47032E-03,
  9.53270E-03,  9.91466E-03,  1.03188E-02,  1.07467E-02,  1.11999E-02,  1.16799E-02,  1.21883E-02,  1.27268E-02,  1.32969E-02,  1.39001E-02,  1.45380E-02,  1.52116E-02,  1.59221E-02,  1.66703E-02,  1.74565E-02,  1.82810E-02,  1.91436E-02,  2.00443E-02,  2.09836E-02,  2.19638E-02,  2.29909E-02,NA,NA,NA,NA,NA,NA,NA,NA,NA,NA,NA,NA,NA,NA,NA,NA,NA,NA,NA,NA,NA,NA,NA,NA,NA,NA,NA,NA,NA,NA,NA,NA,NA,NA,NA,NA,NA,NA,NA,NA,NA,NA,NA,NA,NA,NA,NA,NA,NA,NA,NA,NA,NA,NA,  9.45418E-03,  7.12097E-03,  5.22572E-03,  3.67166E-03,  2.38738E-03,  1.31944E-03,  4.27248E-04, -3.20516E-04, -9.48440E-04, -1.47611E-03, -1.91933E-03, -2.29105E-03, -2.60191E-03, -2.86083E-03, -3.07524E-03,
  9.29560E-03,  9.65613E-03,  1.00363E-02,  1.04373E-02,  1.08603E-02,  1.13062E-02,  1.17763E-02,  1.22716E-02,  1.27928E-02,  1.33410E-02,  1.39166E-02,  1.45201E-02,  1.51516E-02,  1.58113E-02,  1.64990E-02,  1.72144E-02,  1.79578E-02,  1.87301E-02,  1.95337E-02,  2.03742E-02,  2.12619E-02,  2.22151E-02,  2.32640E-02,NA,NA,NA,NA,NA,NA,NA,NA,NA,NA,NA,NA,NA,NA,NA,NA,NA,NA,NA,NA,NA,NA,NA,NA,NA,NA,NA,NA,NA,NA,NA,NA,NA,NA,NA,NA,NA,NA,NA,NA,NA,NA,NA,NA,NA,NA,NA,NA,NA,NA,NA,NA,  9.81618E-03,  7.54473E-03,  5.68741E-03,  4.15450E-03,  2.87942E-03,  1.81216E-03,  9.14588E-04,  1.57126E-04, -4.83512E-04, -1.02595E-03, -1.48529E-03, -1.87392E-03, -2.20210E-03, -2.47842E-03, -2.71011E-03,
  9.06393E-03,  9.40452E-03,  9.76259E-03,  1.01390E-02,  1.05345E-02,  1.09501E-02,  1.13862E-02,  1.18437E-02,  1.23230E-02,  1.28245E-02,  1.33484E-02,  1.38948E-02,  1.44636E-02,  1.50547E-02,  1.56679E-02,  1.63035E-02,  1.69624E-02,  1.76468E-02,  1.83614E-02,  1.91142E-02,  1.99191E-02,  2.07980E-02,  2.17848E-02,  2.29300E-02,NA,NA,NA,NA,NA,NA,NA,NA,NA,NA,NA,NA,NA,NA,NA,NA,NA,NA,NA,NA,NA,NA,NA,NA,NA,NA,NA,NA,NA,NA,NA,NA,NA,NA,NA,NA,NA,NA,NA,NA,NA,NA,NA,NA,NA,NA,NA,NA,NA,NA,  1.26108E-02,  9.95097E-03,  7.78086E-03,  5.99218E-03,  4.50465E-03,  3.25827E-03,  2.20761E-03,  1.31783E-03,  5.61699E-04, -8.23244E-05, -6.31583E-04, -1.10021E-03, -1.49986E-03, -1.84025E-03, -2.12953E-03, -2.37461E-03,
  8.83839E-03,  9.16054E-03,  9.49832E-03,  9.85237E-03,  1.02233E-02,  1.06118E-02,  1.10182E-02,  1.14430E-02,  1.18865E-02,  1.23489E-02,  1.28303E-02,  1.33307E-02,  1.38502E-02,  1.43887E-02,  1.49466E-02,  1.55250E-02,  1.61256E-02,  1.67524E-02,  1.74117E-02,  1.81140E-02,  1.88760E-02,  1.97227E-02,  2.06916E-02,  2.18364E-02,NA,NA,NA,NA,NA,NA,NA,NA,NA,NA,NA,NA,NA,NA,NA,NA,NA,NA,NA,NA,NA,NA,NA,NA,NA,NA,NA,NA,NA,NA,NA,NA,NA,NA,NA,NA,NA,NA,NA,NA,NA,NA,NA,NA,NA,NA,NA,NA,NA,NA,  1.23618E-02,  9.88958E-03,  7.85199E-03,  6.15679E-03,  4.73475E-03,  3.53354E-03,  2.51319E-03,  1.64269E-03,  8.97648E-04,  2.58579E-04, -2.90319E-04, -7.62017E-04, -1.16729E-03, -1.51516E-03, -1.81327E-03, -2.06810E-03,
  8.61948E-03,  8.92468E-03,  9.24397E-03,  9.57785E-03,  9.92682E-03,  1.02913E-02,  1.06718E-02,  1.10684E-02,  1.14816E-02,  1.19115E-02,  1.23583E-02,  1.28221E-02,  1.33032E-02,  1.38021E-02,  1.43199E-02,  1.48583E-02,  1.54205E-02,  1.60116E-02,  1.66401E-02,  1.73184E-02,  1.80658E-02,  1.89105E-02,  1.98932E-02,  2.10722E-02,  2.25301E-02,NA,NA,NA,NA,NA,NA,NA,NA,NA,NA,NA,NA,NA,NA,NA,NA,NA,NA,NA,NA,NA,NA,NA,NA,NA,NA,NA,NA,NA,NA,NA,NA,NA,NA,NA,NA,NA,NA,NA,NA,NA,NA,NA,NA,NA,NA,NA,NA,NA,  1.19261E-02,  9.66737E-03,  7.78408E-03,  6.20062E-03,  4.85946E-03,  3.71649E-03,  2.73759E-03,  1.89597E-03,  1.17031E-03,  5.43401E-04,  1.15408E-06, -4.68103E-04, -8.74145E-04, -1.22523E-03, -1.52838E-03, -1.78963E-03,
  8.40750E-03,  8.69720E-03,  8.99970E-03,  9.31545E-03,  9.64487E-03,  9.98834E-03,  1.03462E-02,  1.07189E-02,  1.11066E-02,  1.15096E-02,  1.19283E-02,  1.23632E-02,  1.28148E-02,  1.32844E-02,  1.37737E-02,  1.42853E-02,  1.48236E-02,  1.53953E-02,  1.60103E-02,  1.66834E-02,  1.74362E-02,  1.82997E-02,  1.93188E-02,  2.05571E-02,  2.21048E-02,NA,NA,NA,NA,NA,NA,NA,NA,NA,NA,NA,NA,NA,NA,NA,NA,NA,NA,NA,NA,NA,NA,NA,NA,NA,NA,NA,NA,NA,NA,NA,NA,NA,NA,NA,NA,NA,NA,NA,NA,NA,NA,NA,NA,NA,NA,NA,NA,  1.37784E-02,  1.13535E-02,  9.32101E-03,  7.60443E-03,  6.14431E-03,  4.89459E-03,  3.81936E-03,  2.89040E-03,  2.08522E-03,  1.38566E-03,  7.76902E-04,  2.46635E-04, -2.15433E-04, -6.18010E-04, -9.68520E-04, -1.27334E-03, -1.53797E-03,
  8.20260E-03,  8.47816E-03,  8.76549E-03,  9.06499E-03,  9.37708E-03,  9.70212E-03,  1.00405E-02,  1.03926E-02,  1.07589E-02,  1.11398E-02,  1.15360E-02,  1.19482E-02,  1.23775E-02,  1.28258E-02,  1.32954E-02,  1.37900E-02,  1.43152E-02,  1.48789E-02,  1.54926E-02,  1.61731E-02,  1.69444E-02,  1.78406E-02,  1.89107E-02,  2.02240E-02,  2.18800E-02,NA,NA,NA,NA,NA,NA,NA,NA,NA,NA,NA,NA,NA,NA,NA,NA,NA,NA,NA,NA,NA,NA,NA,NA,NA,NA,NA,NA,NA,NA,NA,NA,NA,NA,NA,NA,NA,NA,NA,NA,NA,NA,NA,NA,NA,NA,NA,NA,  1.28120E-02,  1.06911E-02,  8.88585E-03,  7.33991E-03,  6.00851E-03,  4.85619E-03,  3.85475E-03,  2.98158E-03,  2.21837E-03,  1.55007E-03,  9.64198E-04,  4.50252E-04, -6.67916E-07, -3.96181E-04, -7.42854E-04, -1.04638E-03, -1.31172E-03,
  8.00479E-03,  8.26748E-03,  8.54111E-03,  8.82609E-03,  9.12283E-03,  9.43175E-03,  9.75330E-03,  1.00880E-02,  1.04363E-02,  1.07991E-02,  1.11771E-02,  1.15716E-02,  1.19842E-02,  1.24172E-02,  1.28738E-02,  1.33586E-02,  1.38780E-02,  1.44414E-02,  1.50618E-02,  1.57577E-02,  1.65553E-02,  1.74917E-02,  1.86199E-02,  2.00151E-02,  2.17854E-02,NA,NA,NA,NA,NA,NA,NA,NA,NA,NA,NA,NA,NA,NA,NA,NA,NA,NA,NA,NA,NA,NA,NA,NA,NA,NA,NA,NA,NA,NA,NA,NA,NA,NA,NA,NA,NA,NA,NA,NA,NA,NA,NA,NA,NA,NA,NA,  1.39426E-02,  1.18139E-02,  9.98021E-03,  8.39385E-03,  7.01544E-03,  5.81280E-03,  4.75975E-03,  3.83500E-03,  3.02105E-03,  2.30343E-03,  1.67002E-03,  1.11057E-03,  6.16315E-04,  1.79715E-04, -2.05777E-04, -5.45871E-04, -8.45575E-04, -1.10929E-03,
  7.81397E-03,  8.06494E-03,  8.32622E-03,  8.59821E-03,  8.88137E-03,  9.17616E-03,  9.48314E-03,  9.80292E-03,  1.01363E-02,  1.04841E-02,  1.08475E-02,  1.12282E-02,  1.16283E-02,  1.20505E-02,  1.24988E-02,  1.29785E-02,  1.34972E-02,  1.40651E-02,  1.46967E-02,  1.54119E-02,  1.62390E-02,  1.72176E-02,  1.84041E-02,  1.98788E-02,  2.17572E-02,NA,NA,NA,NA,NA,NA,NA,NA,NA,NA,NA,NA,NA,NA,NA,NA,NA,NA,NA,NA,NA,NA,NA,NA,NA,NA,NA,NA,NA,NA,NA,NA,NA,NA,NA,NA,NA,NA,NA,NA,NA,NA,NA,NA,NA,NA,NA,  1.26173E-02,  1.08264E-02,  9.25480E-03,  7.87230E-03,  6.65297E-03,  5.57488E-03,  4.61962E-03,  3.77177E-03,  3.01831E-03,  2.34818E-03,  1.75191E-03,  1.22128E-03,  7.49170E-04,  3.29307E-04, -4.38243E-05, -3.75110E-04, -6.68886E-04, -9.29016E-04,
  7.62991E-03,  7.87024E-03,  8.12035E-03,  8.38071E-03,  8.65181E-03,  8.93420E-03,  9.22852E-03,  9.53554E-03,  9.85618E-03,  1.01916E-02,  1.05433E-02,  1.09131E-02,  1.13037E-02,  1.17183E-02,  1.21614E-02,  1.26392E-02,  1.31599E-02,  1.37347E-02,  1.43790E-02,  1.51143E-02,  1.59701E-02,  1.69880E-02,  1.82268E-02,  1.97702E-02,  2.17384E-02,NA,NA,NA,NA,NA,NA,NA,NA,NA,NA,NA,NA,NA,NA,NA,NA,NA,NA,NA,NA,NA,NA,NA,NA,NA,NA,NA,NA,NA,NA,NA,NA,NA,NA,NA,NA,NA,NA,NA,NA,NA,NA,NA,NA,NA,NA,  1.30521E-02,  1.13776E-02,  9.87999E-03,  8.54102E-03,  7.34326E-03,  6.27094E-03,  5.31010E-03,  4.44854E-03,  3.67566E-03,  2.98217E-03,  2.35996E-03,  1.80184E-03,  1.30144E-03,  8.53078E-04,  4.51673E-04,  9.26575E-05, -2.28077E-04, -5.14230E-04, -7.69140E-04,
  7.45236E-03,  7.68296E-03,  7.92297E-03,  8.17287E-03,  8.43322E-03,  8.70465E-03,  8.98790E-03,  9.28388E-03,  9.59369E-03,  9.91869E-03,  1.02606E-02,  1.06217E-02,  1.10049E-02,  1.14139E-02,  1.18538E-02,  1.23311E-02,  1.28549E-02,  1.34369E-02,  1.40935E-02,  1.48467E-02,  1.57271E-02,  1.67773E-02,  1.80571E-02,  1.96515E-02,  2.16818E-02,NA,NA,NA,NA,NA,NA,NA,NA,NA,NA,NA,NA,NA,NA,NA,NA,NA,NA,NA,NA,NA,NA,NA,NA,NA,NA,NA,NA,NA,NA,NA,NA,NA,NA,NA,NA,NA,NA,NA,NA,NA,NA,NA,NA,NA,  1.31061E-02,  1.16118E-02,  1.02434E-02,  8.99468E-03,  7.85761E-03,  6.82358E-03,  5.88413E-03,  5.03124E-03,  4.25746E-03,  3.55598E-03,  2.92055E-03,  2.34547E-03,  1.82550E-03,  1.35585E-03,  9.32113E-04,  5.50261E-04,  2.06586E-04, -1.02305E-04, -3.79521E-04, -6.27906E-04,
  7.28097E-03,  7.50268E-03,  7.73349E-03,  7.97394E-03,  8.22463E-03,  8.48629E-03,  8.75976E-03,  9.04606E-03,  9.34646E-03,  9.66252E-03,  9.99619E-03,  1.03500E-02,  1.07271E-02,  1.11316E-02,  1.15690E-02,  1.20463E-02,  1.25728E-02,  1.31608E-02,  1.38271E-02,  1.45940E-02,  1.54924E-02,  1.65648E-02,  1.78704E-02,  1.94931E-02,  2.15513E-02,NA,NA,NA,NA,NA,NA,NA,NA,NA,NA,NA,NA,NA,NA,NA,NA,NA,NA,NA,NA,NA,NA,NA,NA,NA,NA,NA,NA,NA,NA,NA,NA,NA,NA,NA,NA,NA,NA,NA,NA,NA,NA,NA,NA,  1.28109E-02,  1.15396E-02,  1.03427E-02,  9.22331E-03,  8.18192E-03,  7.21686E-03,  6.32532E-03,  5.50380E-03,  4.74848E-03,  4.05542E-03,  3.42068E-03,  2.84036E-03,  2.31070E-03,  1.82805E-03,  1.38895E-03,  9.90086E-04,  6.28334E-04,  3.00756E-04,  4.59584E-06, -2.62716E-04, -5.03572E-04,
  7.11538E-03,  7.32891E-03,  7.55130E-03,  7.78314E-03,  8.02509E-03,  8.27794E-03,  8.54263E-03,  8.82030E-03,  9.11234E-03,  9.42047E-03,  9.74684E-03,  1.00942E-02,  1.04658E-02,  1.08663E-02,  1.13012E-02,  1.17777E-02,  1.23056E-02,  1.28972E-02,  1.35693E-02,  1.43443E-02,  1.52522E-02,  1.63346E-02,  1.76486E-02,  1.92742E-02,  2.13237E-02,NA,NA,NA,NA,NA,NA,NA,NA,NA,NA,NA,NA,NA,NA,NA,NA,NA,NA,NA,NA,NA,NA,NA,NA,NA,NA,NA,NA,NA,NA,NA,NA,NA,NA,NA,NA,NA,NA,NA,NA,NA,NA,  1.32917E-02,  1.22390E-02,  1.12053E-02,  1.02019E-02,  9.23730E-03,  8.31756E-03,  7.44639E-03,  6.62579E-03,  5.85643E-03,  5.13804E-03,  4.46962E-03,  3.84967E-03,  3.27633E-03,  2.74748E-03,  2.26085E-03,  1.81408E-03,  1.40475E-03,  1.03048E-03,  6.88926E-04,  3.77795E-04,  9.48990E-05, -1.61854E-04, -3.94446E-04,
  6.95520E-03,  7.16115E-03,  7.37578E-03,  7.59970E-03,  7.83364E-03,  8.07844E-03,  8.33513E-03,  8.60493E-03,  8.88935E-03,  9.19022E-03,  9.50984E-03,  9.85105E-03,  1.02175E-02,  1.06136E-02,  1.10452E-02,  1.15198E-02,  1.20468E-02,  1.26388E-02,  1.33120E-02,  1.40881E-02,  1.49962E-02,  1.60756E-02,  1.73798E-02,  1.89831E-02,  2.09881E-02,NA,NA,NA,NA,NA,NA,NA,NA,NA,NA,NA,NA,NA,NA,NA,NA,NA,NA,NA,NA,NA,NA,NA,NA,NA,NA,NA,NA,NA,NA,NA,NA,NA,NA,NA,NA,NA,NA,NA,NA,NA,  1.22908E-02,  1.14897E-02,  1.06793E-02,  9.86883E-03,  9.06719E-03,  8.28237E-03,  7.52093E-03,  6.78799E-03,  6.08734E-03,  5.42157E-03,  4.79231E-03,  4.20033E-03,  3.64577E-03,  3.12819E-03,  2.64677E-03,  2.20035E-03,  1.78754E-03,  1.40679E-03,  1.05645E-03,  7.34801E-04,  4.40132E-04,  1.70730E-04, -7.50781E-05, -2.98912E-04,
  6.80002E-03,  6.99892E-03,  7.20633E-03,  7.42290E-03,  7.64940E-03,  7.88673E-03,  8.13598E-03,  8.39844E-03,  8.67569E-03,  8.96967E-03,  9.28275E-03,  9.61787E-03,  9.97870E-03,  1.03698E-02,  1.07971E-02,  1.12678E-02,  1.17913E-02,  1.23798E-02,  1.30488E-02,  1.38191E-02,  1.47178E-02,  1.57811E-02,  1.70583E-02,  1.86158E-02,  2.05446E-02,NA,NA,NA,NA,NA,NA,NA,NA,NA,NA,NA,NA,NA,NA,NA,NA,NA,NA,NA,NA,NA,NA,NA,NA,NA,NA,NA,NA,NA,NA,NA,NA,NA,NA,NA,NA,NA,NA,NA,  1.18628E-02,  1.12742E-02,  1.06689E-02,  1.00455E-02,  9.40708E-03,  8.75928E-03,  8.10865E-03,  7.46183E-03,  6.82497E-03,  6.20340E-03,  5.60152E-03,  5.02280E-03,  4.46985E-03,  3.94448E-03,  3.44780E-03,  2.98034E-03,  2.54215E-03,  2.13286E-03,  1.75182E-03,  1.39814E-03,  1.07074E-03,  7.68440E-04,  4.89976E-04,  2.34048E-04, -6.59024E-07, -2.15447E-04,
  6.64947E-03,  6.84173E-03,  7.04236E-03,  7.25203E-03,  7.47153E-03,  7.70182E-03,  7.94402E-03,  8.19947E-03,  8.46981E-03,  8.75701E-03,  9.06350E-03,  9.39225E-03,  9.74692E-03,  1.01321E-02,  1.05535E-02,  1.10182E-02,  1.15352E-02,  1.21162E-02,  1.27758E-02,  1.35332E-02,  1.44132E-02,  1.54487E-02,  1.66833E-02,  1.81751E-02,  2.00022E-02,  2.22697E-02,NA,NA,NA,NA,NA,NA,NA,NA,NA,NA,NA,NA,NA,NA,NA,NA,NA,NA,NA,NA,NA,NA,NA,NA,NA,NA,NA,NA,NA,NA,NA,NA,NA,NA,NA,NA,NA,  1.08137E-02,  1.03433E-02,  9.87061E-03,  9.38577E-03,  8.88485E-03,  8.36805E-03,  7.83836E-03,  7.30026E-03,  6.75896E-03,  6.21968E-03,  5.68736E-03,  5.16633E-03,  4.66031E-03,  4.17225E-03,  3.70448E-03,  3.25864E-03,  2.83583E-03,  2.43667E-03,  2.06136E-03,  1.70974E-03,  1.38142E-03,  1.07578E-03,  7.92035E-04,  5.29307E-04,  2.86630E-04,  6.29931E-05, -1.42637E-04,
  6.50315E-03,  6.68914E-03,  6.88333E-03,  7.08644E-03,  7.29928E-03,  7.52282E-03,  7.75822E-03,  8.00684E-03,  8.27034E-03,  8.55070E-03,  8.85035E-03,  9.17225E-03,  9.51999E-03,  9.89802E-03,  1.03118E-02,  1.07683E-02,  1.12759E-02,  1.18454E-02,  1.24905E-02,  1.32284E-02,  1.40816E-02,  1.50789E-02,  1.62581E-02,  1.76687E-02,  1.93757E-02,  2.14647E-02,NA,NA,NA,NA,NA,NA,NA,NA,NA,NA,NA,NA,NA,NA,NA,NA,NA,NA,NA,NA,NA,NA,NA,NA,NA,NA,NA,NA,NA,NA,NA,NA,NA,NA,NA,NA,  9.98084E-03,  9.56370E-03,  9.16486E-03,  8.76843E-03,  8.36445E-03,  7.94772E-03,  7.51676E-03,  7.07269E-03,  6.61836E-03,  6.15759E-03,  5.69460E-03,  5.23360E-03,  4.77855E-03,  4.33296E-03,  3.89982E-03,  3.48157E-03,  3.08010E-03,  2.69682E-03,  2.33266E-03,  1.98818E-03,  1.66359E-03,  1.35882E-03,  1.07361E-03,  8.07493E-04,  5.59877E-04,  3.30073E-04,  1.17322E-04, -7.91801E-05,
  6.36072E-03,  6.54070E-03,  6.72874E-03,  6.92555E-03,  7.13196E-03,  7.34894E-03,  7.57767E-03,  7.81951E-03,  8.07611E-03,  8.34945E-03,  8.64189E-03,  8.95632E-03,  9.29623E-03,  9.66587E-03,  1.00705E-02,  1.05164E-02,  1.10117E-02,  1.15661E-02,  1.21920E-02,  1.29048E-02,  1.37241E-02,  1.46749E-02,  1.57891E-02,  1.71076E-02,  1.86830E-02,  2.05830E-02,  2.28934E-02,NA,NA,NA,NA,NA,NA,NA,NA,NA,NA,NA,NA,NA,NA,NA,NA,NA,NA,NA,NA,NA,NA,NA,NA,NA,NA,NA,NA,NA,NA,NA,NA,NA,  9.85423E-03,  9.37814E-03,  8.96623E-03,  8.59366E-03,  8.24121E-03,  7.89482E-03,  7.54501E-03,  7.18618E-03,  6.81588E-03,  6.43400E-03,  6.04212E-03,  5.64288E-03,  5.23953E-03,  4.83552E-03,  4.43422E-03,  4.03877E-03,  3.65196E-03,  3.27614E-03,  2.91324E-03,  2.56476E-03,  2.23180E-03,  1.91513E-03,  1.61519E-03,  1.33215E-03,  1.06598E-03,  8.16453E-04,  5.83214E-04,  3.65789E-04,  1.63624E-04, -2.38970E-05,
  6.22182E-03,  6.39603E-03,  6.57813E-03,  6.76882E-03,  6.96895E-03,  7.17950E-03,  7.40160E-03,  7.63663E-03,  7.88619E-03,  8.15221E-03,  8.43699E-03,  8.74329E-03,  9.07443E-03,  9.43444E-03,  9.82817E-03,  1.02616E-02,  1.07418E-02,  1.12779E-02,  1.18806E-02,  1.25635E-02,  1.33436E-02,  1.42417E-02,  1.52842E-02,  1.65042E-02,  1.79431E-02,  1.96526E-02,  2.16966E-02,NA,NA,NA,NA,NA,NA,NA,NA,NA,NA,NA,NA,NA,NA,NA,NA,NA,NA,NA,NA,NA,NA,NA,NA,NA,NA,NA,NA,NA,NA,NA,NA,  9.51707E-03,  8.99447E-03,  8.55539E-03,  8.17439E-03,  7.83083E-03,  7.50840E-03,  7.19481E-03,  6.88135E-03,  6.56248E-03,  6.23524E-03,  5.89874E-03,  5.55362E-03,  5.20158E-03,  4.84501E-03,  4.48660E-03,  4.12912E-03,  3.77526E-03,  3.42748E-03,  3.08793E-03,  2.75845E-03,  2.44050E-03,  2.13525E-03,  1.84356E-03,  1.56598E-03,  1.30285E-03,  1.05431E-03,  8.20302E-04,  6.00638E-04,  3.95018E-04,  2.03050E-04,  2.42746E-05,
  6.08617E-03,  6.25478E-03,  6.43109E-03,  6.61581E-03,  6.80976E-03,  7.01391E-03,  7.22937E-03,  7.45749E-03,  7.69980E-03,  7.95818E-03,  8.23481E-03,  8.53229E-03,  8.85376E-03,  9.20294E-03,  9.58430E-03,  1.00032E-02,  1.04662E-02,  1.09811E-02,  1.15575E-02,  1.22070E-02,  1.29437E-02,  1.37850E-02,  1.47521E-02,  1.58712E-02,  1.71738E-02,  1.86985E-02,  2.04910E-02,  2.26044E-02,NA,NA,NA,NA,NA,NA,NA,NA,NA,NA,NA,NA,NA,NA,NA,NA,NA,NA,NA,NA,NA,NA,NA,NA,NA,NA,NA,NA,NA,  1.01059E-02,  9.39063E-03,  8.80514E-03,  8.31880E-03,  7.90621E-03,  7.54631E-03,  7.22183E-03,  6.91895E-03,  6.62699E-03,  6.33812E-03,  6.04706E-03,  5.75067E-03,  5.44757E-03,  5.13773E-03,  4.82214E-03,  4.50244E-03,  4.18066E-03,  3.85901E-03,  3.53970E-03,  3.22482E-03,  2.91626E-03,  2.61568E-03,  2.32447E-03,  2.04376E-03,  1.77440E-03,  1.51704E-03,  1.27209E-03,  1.03978E-03,  8.20200E-04,  6.13274E-04,  4.18833E-04,  2.36614E-04,  6.62811E-05,
  5.95349E-03,  6.11664E-03,  6.28727E-03,  6.46610E-03,  6.65393E-03,  6.85168E-03,  7.06045E-03,  7.28152E-03,  7.51637E-03,  7.76675E-03,  8.03474E-03,  8.32277E-03,  8.63372E-03,  8.97100E-03,  9.33868E-03,  9.74156E-03,  1.01854E-02,  1.06770E-02,  1.12246E-02,  1.18380E-02,  1.25288E-02,  1.33112E-02,  1.42018E-02,  1.52206E-02,  1.63914E-02,  1.77416E-02,  1.93029E-02,  2.11103E-02,  2.32009E-02,NA,NA,NA,NA,NA,NA,NA,NA,NA,NA,NA,NA,NA,NA,NA,NA,NA,NA,NA,NA,NA,NA,NA,NA,NA,NA,  1.12047E-02,  1.02309E-02,  9.43432E-03,  8.77882E-03,  8.23453E-03,  7.77647E-03,  7.38374E-03,  7.03887E-03,  6.72739E-03,  6.43755E-03,  6.16014E-03,  5.88820E-03,  5.61682E-03,  5.34287E-03,  5.06468E-03,  4.78179E-03,  4.49462E-03,  4.20421E-03,  3.91205E-03,  3.61982E-03,  3.32929E-03,  3.04219E-03,  2.76014E-03,  2.48457E-03,  2.21675E-03,  1.95772E-03,  1.70831E-03,  1.46916E-03,  1.24074E-03,  1.02334E-03,  8.17104E-04,  6.22070E-04,  4.38157E-04,  2.65198E-04,  1.02959E-04,
  5.82355E-03,  5.98133E-03,  6.14638E-03,  6.31938E-03,  6.50110E-03,  6.69244E-03,  6.89443E-03,  7.10830E-03,  7.33544E-03,  7.57750E-03,  7.83640E-03,  8.11438E-03,  8.41408E-03,  8.73856E-03,  9.09146E-03,  9.47702E-03,  9.90025E-03,  1.03670E-02,  1.08842E-02,  1.14599E-02,  1.21036E-02,  1.28264E-02,  1.36413E-02,  1.45632E-02,  1.56092E-02,  1.67983E-02,  1.81516E-02,  1.96908E-02,  2.14370E-02,  2.34082E-02,NA,NA,NA,NA,NA,NA,NA,NA,NA,NA,NA,NA,NA,NA,NA,NA,NA,NA,NA,NA,NA,NA,  1.43131E-02,  1.27910E-02,  1.15251E-02,  1.04751E-02,  9.60424E-03,  8.88022E-03,  8.27518E-03,  7.76539E-03,  7.33065E-03,  6.95385E-03,  6.62049E-03,  6.31848E-03,  6.03786E-03,  5.77067E-03,  5.51079E-03,  5.25374E-03,  4.99650E-03,  4.73728E-03,  4.47529E-03,  4.21055E-03,  3.94367E-03,  3.67565E-03,  3.40774E-03,  3.14131E-03,  2.87775E-03,  2.61841E-03,  2.36452E-03,  2.11717E-03,  1.87729E-03,  1.64566E-03,  1.42290E-03,  1.20948E-03,  1.00571E-03,  8.11793E-04,  6.27817E-04,  4.53773E-04,  2.89567E-04,  1.35040E-04,
  5.69612E-03,  5.84863E-03,  6.00816E-03,  6.17537E-03,  6.35098E-03,  6.53586E-03,  6.73100E-03,  6.93752E-03,  7.15673E-03,  7.39017E-03,  7.63959E-03,  7.90702E-03,  8.19484E-03,  8.50580E-03,  8.84308E-03,  9.21038E-03,  9.61197E-03,  1.00528E-02,  1.05386E-02,  1.10760E-02,  1.16725E-02,  1.23366E-02,  1.30782E-02,  1.39081E-02,  1.48381E-02,  1.58811E-02,  1.70501E-02,  1.83574E-02,  1.98137E-02,  2.14254E-02,  2.31917E-02,NA,NA,NA,NA,NA,NA,NA,NA,NA,NA,NA,NA,NA,NA,NA,NA,NA,NA,NA,NA,  1.46939E-02,  1.31750E-02,  1.18790E-02,  1.07807E-02,  9.85328E-03,  9.07088E-03,  8.40974E-03,  7.84865E-03,  7.36900E-03,  6.95464E-03,  6.59162E-03,  6.26799E-03,  5.97364E-03,  5.70016E-03,  5.44071E-03,  5.18992E-03,  4.94376E-03,  4.69938E-03,  4.45496E-03,  4.20953E-03,  3.96282E-03,  3.71508E-03,  3.46694E-03,  3.21930E-03,  2.97318E-03,  2.72967E-03,  2.48987E-03,  2.25479E-03,  2.02537E-03,  1.80243E-03,  1.58666E-03,  1.37863E-03,  1.17880E-03,  9.87475E-04,  8.04891E-04,  6.31167E-04,  4.66341E-04,  3.10373E-04,  1.63163E-04,
  5.57105E-03,  5.71835E-03,  5.87241E-03,  6.03385E-03,  6.20335E-03,  6.38174E-03,  6.56992E-03,  6.76896E-03,  6.98007E-03,  7.20462E-03,  7.44423E-03,  7.70072E-03,  7.97620E-03,  8.27309E-03,  8.59415E-03,  8.94255E-03,  9.32190E-03,  9.73633E-03,  1.01905E-02,  1.06896E-02,  1.12396E-02,  1.18469E-02,  1.25188E-02,  1.32627E-02,  1.40867E-02,  1.49987E-02,  1.60062E-02,  1.71153E-02,  1.83297E-02,  1.96489E-02,  2.10664E-02,  2.25670E-02,  2.41245E-02,NA,NA,NA,NA,NA,NA,NA,NA,NA,NA,NA,NA,NA,NA,NA,NA,  1.65618E-02,  1.49306E-02,  1.34769E-02,  1.22001E-02,  1.10904E-02,  1.01329E-02,  9.31025E-03,  8.60467E-03,  7.99893E-03,  7.47710E-03,  7.02477E-03,  6.62914E-03,  6.27893E-03,  5.96434E-03,  5.67695E-03,  5.40968E-03,  5.15669E-03,  4.91329E-03,  4.67589E-03,  4.44184E-03,  4.20936E-03,  3.97738E-03,  3.74543E-03,  3.51351E-03,  3.28196E-03,  3.05137E-03,  2.82250E-03,  2.59618E-03,  2.37327E-03,  2.15459E-03,  1.94092E-03,  1.73297E-03,  1.53135E-03,  1.33657E-03,  1.14903E-03,  9.69066E-04,  7.96892E-04,  6.32652E-04,  4.76413E-04,  3.28175E-04,  1.87879E-04,
  5.44819E-03,  5.59034E-03,  5.73897E-03,  5.89465E-03,  6.05804E-03,  6.22990E-03,  6.41107E-03,  6.60252E-03,  6.80535E-03,  7.02083E-03,  7.25039E-03,  7.49565E-03,  7.75846E-03,  8.04091E-03,  8.34539E-03,  8.67457E-03,  9.03145E-03,  9.41939E-03,  9.84212E-03,  1.03037E-02,  1.08087E-02,  1.13619E-02,  1.19682E-02,  1.26329E-02,  1.33608E-02,  1.41567E-02,  1.50240E-02,  1.59648E-02,  1.69784E-02,  1.80608E-02,  1.92025E-02,  2.03879E-02,  2.15932E-02,  2.27856E-02,  2.39232E-02,NA,NA,NA,NA,NA,NA,NA,NA,NA,NA,NA,NA,  1.79608E-02,  1.64268E-02,  1.49796E-02,  1.36443E-02,  1.24342E-02,  1.13529E-02,  1.03969E-02,  9.55813E-03,  8.82560E-03,  8.18732E-03,  7.63105E-03,  7.14498E-03,  6.71810E-03,  6.34033E-03,  6.00265E-03,  5.69707E-03,  5.41662E-03,  5.15536E-03,  4.90832E-03,  4.67143E-03,  4.44152E-03,  4.21618E-03,  3.99369E-03,  3.77296E-03,  3.55339E-03,  3.33478E-03,  3.11726E-03,  2.90121E-03,  2.68712E-03,  2.47563E-03,  2.26739E-03,  2.06306E-03,  1.86329E-03,  1.66865E-03,  1.47967E-03,  1.29680E-03,  1.12042E-03,  9.50800E-04,  7.88179E-04,  6.32700E-04,  4.84446E-04,  3.43443E-04,  2.09662E-04,
  5.32743E-03,  5.46448E-03,  5.60771E-03,  5.75766E-03,  5.91494E-03,  6.08024E-03,  6.25434E-03,  6.43813E-03,  6.63260E-03,  6.83887E-03,  7.05821E-03,  7.29205E-03,  7.54200E-03,  7.80985E-03,  8.09761E-03,  8.40750E-03,  8.74199E-03,  9.10377E-03,  9.49576E-03,  9.92110E-03,  1.03831E-02,  1.08852E-02,  1.14307E-02,  1.20230E-02,  1.26648E-02,  1.33584E-02,  1.41047E-02,  1.49031E-02,  1.57508E-02,  1.66415E-02,  1.75653E-02,  1.85073E-02,  1.94469E-02,  2.03578E-02,  2.12077E-02,  2.19601E-02,  2.25756E-02,  2.30155E-02,NA,NA,NA,NA,NA,NA,  1.97597E-02,  1.85726E-02,  1.73265E-02,  1.60666E-02,  1.48313E-02,  1.36507E-02,  1.25458E-02,  1.15292E-02,  1.06067E-02,  9.77814E-03,  9.03975E-03,  8.38507E-03,  7.80617E-03,  7.29452E-03,  6.84148E-03,  6.43871E-03,  6.07839E-03,  5.75334E-03,  5.45710E-03,  5.18393E-03,  4.92889E-03,  4.68776E-03,  4.45705E-03,  4.23396E-03,  4.01631E-03,  3.80252E-03,  3.59148E-03,  3.38252E-03,  3.17533E-03,  2.96988E-03,  2.76635E-03,  2.56508E-03,  2.36650E-03,  2.17110E-03,  1.97941E-03,  1.79193E-03,  1.60914E-03,  1.43149E-03,  1.25936E-03,  1.09307E-03,  9.32900E-04,  7.79045E-04,  6.31653E-04,  4.90815E-04,  3.56571E-04,  2.28916E-04,
  5.20867E-03,  5.34067E-03,  5.47855E-03,  5.62279E-03,  5.77397E-03,  5.93272E-03,  6.09973E-03,  6.27581E-03,  6.46185E-03,  6.65884E-03,  6.86790E-03,  7.09025E-03,  7.32728E-03,  7.58051E-03,  7.85160E-03,  8.14239E-03,  8.45484E-03,  8.79109E-03,  9.15337E-03,  9.54401E-03,  9.96539E-03,  1.04198E-02,  1.09095E-02,  1.14362E-02,  1.20012E-02,  1.26052E-02,  1.32475E-02,  1.39259E-02,  1.46363E-02,  1.53720E-02,  1.61231E-02,  1.68763E-02,  1.76145E-02,  1.83164E-02,  1.89577E-02,  1.95114E-02,  1.99496E-02,  2.02459E-02,  2.03776E-02,  2.03288E-02,  2.00922E-02,  1.96705E-02,  1.90770E-02,  1.83340E-02,  1.74712E-02,  1.65223E-02,  1.55220E-02,  1.45032E-02,  1.34947E-02,  1.25198E-02,  1.15958E-02,  1.07342E-02,  9.94118E-03,  9.21882E-03,  8.56587E-03,  7.97881E-03,  7.45264E-03,  6.98151E-03,  6.55922E-03,  6.17954E-03,  5.83644E-03,  5.52427E-03,  5.23784E-03,  4.97248E-03,  4.72408E-03,  4.48909E-03,  4.26452E-03,  4.04794E-03,  3.83741E-03,  3.63145E-03,  3.42901E-03,  3.22939E-03,  3.03220E-03,  2.83729E-03,  2.64470E-03,  2.45464E-03,  2.26739E-03,  2.08332E-03,  1.90281E-03,  1.72627E-03,  1.55408E-03,  1.38661E-03,  1.22418E-03,  1.06707E-03,  9.15515E-04,  7.69706E-04,  6.29778E-04,  4.95823E-04,  3.67889E-04,  2.45984E-04,
  5.09184E-03,  5.21886E-03,  5.35142E-03,  5.49000E-03,  5.63511E-03,  5.78731E-03,  5.94724E-03,  6.11562E-03,  6.29322E-03,  6.48093E-03,  6.67970E-03,  6.89059E-03,  7.11477E-03,  7.35351E-03,  7.60816E-03,  7.88021E-03,  8.17122E-03,  8.48281E-03,  8.81666E-03,  9.17445E-03,  9.55779E-03,  9.96815E-03,  1.04068E-02,  1.08745E-02,  1.13715E-02,  1.18973E-02,  1.24504E-02,  1.30277E-02,  1.36246E-02,  1.42344E-02,  1.48482E-02,  1.54543E-02,  1.60385E-02,  1.65842E-02,  1.70726E-02,  1.74838E-02,  1.77979E-02,  1.79965E-02,  1.80645E-02,  1.79917E-02,  1.77740E-02,  1.74143E-02,  1.69229E-02,  1.63159E-02,  1.56149E-02,  1.48441E-02,  1.40287E-02,  1.31931E-02,  1.23590E-02,  1.15447E-02,  1.07643E-02,  1.00277E-02,  9.34130E-03,  8.70797E-03,  8.12809E-03,  7.60008E-03,  7.12094E-03,  6.68680E-03,  6.29328E-03,  5.93578E-03,  5.60973E-03,  5.31071E-03,  5.03459E-03,  4.77758E-03,  4.53631E-03,  4.30781E-03,  4.08953E-03,  3.87938E-03,  3.67563E-03,  3.47695E-03,  3.28235E-03,  3.09113E-03,  2.90285E-03,  2.71730E-03,  2.53442E-03,  2.35428E-03,  2.17709E-03,  2.00308E-03,  1.83254E-03,  1.66578E-03,  1.50311E-03,  1.34481E-03,  1.19116E-03,  1.04240E-03,  8.98735E-04,  7.60320E-04,  6.27285E-04,  4.99718E-04,  3.77670E-04,  2.61158E-04,
  4.97692E-03,  5.09899E-03,  5.22630E-03,  5.35926E-03,  5.49833E-03,  5.64403E-03,  5.79692E-03,  5.95764E-03,  6.12685E-03,  6.30533E-03,  6.49389E-03,  6.69344E-03,  6.90494E-03,  7.12943E-03,  7.36802E-03,  7.62187E-03,  7.89218E-03,  8.18017E-03,  8.48706E-03,  8.81399E-03,  9.16198E-03,  9.53186E-03,  9.92418E-03,  1.03390E-02,  1.07760E-02,  1.12339E-02,  1.17105E-02,  1.22026E-02,  1.27054E-02,  1.32129E-02,  1.37168E-02,  1.42075E-02,  1.46732E-02,  1.51007E-02,  1.54759E-02,  1.57837E-02,  1.60099E-02,  1.61415E-02,  1.61683E-02,  1.60835E-02,  1.58852E-02,  1.55761E-02,  1.51639E-02,  1.46610E-02,  1.40829E-02,  1.34476E-02,  1.27736E-02,  1.20793E-02,  1.13813E-02,  1.06938E-02,  1.00285E-02,  9.39382E-03,  8.79573E-03,  8.23754E-03,  7.72052E-03,  7.24429E-03,  6.80728E-03,  6.40699E-03,  6.04043E-03,  5.70425E-03,  5.39502E-03,  5.10935E-03,  4.84396E-03,  4.59582E-03,  4.36216E-03,  4.14052E-03,  3.92876E-03,  3.72507E-03,  3.52794E-03,  3.33619E-03,  3.14890E-03,  2.96539E-03,  2.78521E-03,  2.60809E-03,  2.43391E-03,  2.26268E-03,  2.09448E-03,  1.92948E-03,  1.76789E-03,  1.60993E-03,  1.45584E-03,  1.30586E-03,  1.16020E-03,  1.01906E-03,  8.82608E-04,  7.50996E-04,  6.24332E-04,  5.02697E-04,  3.86140E-04,  2.74684E-04,
  4.86385E-03,  4.98106E-03,  5.10317E-03,  5.23057E-03,  5.36367E-03,  5.50293E-03,  5.64885E-03,  5.80197E-03,  5.96289E-03,  6.13225E-03,  6.31075E-03,  6.49915E-03,  6.69823E-03,  6.90883E-03,  7.13184E-03,  7.36815E-03,  7.61865E-03,  7.88424E-03,  8.16574E-03,  8.46387E-03,  8.77922E-03,  9.11213E-03,  9.46264E-03,  9.83038E-03,  1.02145E-02,  1.06133E-02,  1.10245E-02,  1.14447E-02,  1.18695E-02,  1.22933E-02,  1.27090E-02,  1.31084E-02,  1.34820E-02,  1.38194E-02,  1.41097E-02,  1.43416E-02,  1.45048E-02,  1.45899E-02,  1.45899E-02,  1.45005E-02,  1.43207E-02,  1.40530E-02,  1.37034E-02,  1.32813E-02,  1.27982E-02,  1.22676E-02,  1.17035E-02,  1.11198E-02,  1.05292E-02,  9.94319E-03,  9.37111E-03,  8.82030E-03,  8.29601E-03,  7.80166E-03,  7.33898E-03,  6.90838E-03,  6.50918E-03,  6.13993E-03,  5.79862E-03,  5.48289E-03,  5.19020E-03,  4.91795E-03,  4.66360E-03,  4.42473E-03,  4.19909E-03,  3.98466E-03,  3.77965E-03,  3.58252E-03,  3.39195E-03,  3.20691E-03,  3.02655E-03,  2.85023E-03,  2.67752E-03,  2.50811E-03,  2.34184E-03,  2.17866E-03,  2.01859E-03,  1.86174E-03,  1.70824E-03,  1.55824E-03,  1.41194E-03,  1.26951E-03,  1.13113E-03,  9.96962E-04,  8.67146E-04,  7.41806E-04,  6.21038E-04,  5.04914E-04,  3.93483E-04,  2.86767E-04,
  4.75264E-03,  4.86504E-03,  4.98203E-03,  5.10395E-03,  5.23116E-03,  5.36407E-03,  5.50311E-03,  5.64875E-03,  5.80150E-03,  5.96190E-03,  6.13055E-03,  6.30805E-03,  6.49505E-03,  6.69222E-03,  6.90022E-03,  7.11974E-03,  7.35142E-03,  7.59587E-03,  7.85360E-03,  8.12504E-03,  8.41040E-03,  8.70968E-03,  9.02260E-03,  9.34844E-03,  9.68605E-03,  1.00337E-02,  1.03889E-02,  1.07484E-02,  1.11082E-02,  1.14633E-02,  1.18077E-02,  1.21344E-02,  1.24359E-02,  1.27039E-02,  1.29298E-02,  1.31053E-02,  1.32226E-02,  1.32752E-02,  1.32579E-02,  1.31681E-02,  1.30053E-02,  1.27717E-02,  1.24722E-02,  1.21138E-02,  1.17054E-02,  1.12570E-02,  1.07795E-02,  1.02834E-02,  9.77888E-03,  9.27491E-03,  8.77919E-03,  8.29792E-03,  7.83577E-03,  7.39598E-03,  6.98052E-03,  6.59023E-03,  6.22507E-03,  5.88429E-03,  5.56660E-03,  5.27041E-03,  4.99385E-03,  4.73499E-03,  4.49185E-03,  4.26254E-03,  4.04525E-03,  3.83832E-03,  3.64026E-03,  3.44978E-03,  3.26576E-03,  3.08727E-03,  2.91356E-03,  2.74405E-03,  2.57831E-03,  2.41604E-03,  2.25704E-03,  2.10123E-03,  1.94858E-03,  1.79914E-03,  1.65300E-03,  1.51026E-03,  1.37106E-03,  1.23553E-03,  1.10382E-03,  9.76047E-04,  8.52338E-04,  7.32792E-04,  6.17489E-04,  5.06495E-04,  3.99851E-04,  2.97579E-04,
  4.64327E-03,  4.75095E-03,  4.86291E-03,  4.97943E-03,  5.10085E-03,  5.22751E-03,  5.35979E-03,  5.49809E-03,  5.64284E-03,  5.79450E-03,  5.95355E-03,  6.12048E-03,  6.29580E-03,  6.48003E-03,  6.67367E-03,  6.87721E-03,  7.09110E-03,  7.31571E-03,  7.55134E-03,  7.79813E-03,  8.05606E-03,  8.32489E-03,  8.60408E-03,  8.89276E-03,  9.18960E-03,  9.49282E-03,  9.80004E-03,  1.01083E-02,  1.04138E-02,  1.07123E-02,  1.09986E-02,  1.12671E-02,  1.15116E-02,  1.17255E-02,  1.19021E-02,  1.20352E-02,  1.21188E-02,  1.21483E-02,  1.21200E-02,  1.20321E-02,  1.18847E-02,  1.16795E-02,  1.14204E-02,  1.11130E-02,  1.07639E-02,  1.03810E-02,  9.97264E-03,  9.54704E-03,  9.11218E-03,  8.67529E-03,  8.24268E-03,  7.81958E-03,  7.41009E-03,  7.01722E-03,  6.64296E-03,  6.28841E-03,  5.95392E-03,  5.63924E-03,  5.34362E-03,  5.06601E-03,  4.80510E-03,  4.55945E-03,  4.32758E-03,  4.10799E-03,  3.89926E-03,  3.70003E-03,  3.50909E-03,  3.32535E-03,  3.14786E-03,  2.97581E-03,  2.80855E-03,  2.64554E-03,  2.48639E-03,  2.33078E-03,  2.17854E-03,  2.02952E-03,  1.88370E-03,  1.74106E-03,  1.60166E-03,  1.46557E-03,  1.33287E-03,  1.20368E-03,  1.07810E-03,  9.56226E-04,  8.38156E-04,  7.23975E-04,  6.13750E-04,  5.07535E-04,  4.05367E-04,  3.07267E-04,
  4.53574E-03,  4.63880E-03,  4.74581E-03,  4.85704E-03,  4.97278E-03,  5.09332E-03,  5.21899E-03,  5.35012E-03,  5.48708E-03,  5.63024E-03,  5.77998E-03,  5.93670E-03,  6.10079E-03,  6.27264E-03,  6.45261E-03,  6.64103E-03,  6.83819E-03,  7.04428E-03,  7.25941E-03,  7.48355E-03,  7.71649E-03,  7.95781E-03,  8.20684E-03,  8.46259E-03,  8.72371E-03,  8.98842E-03,  9.25450E-03,  9.51920E-03,  9.77926E-03,  1.00309E-02,  1.02698E-02,  1.04913E-02,  1.06903E-02,  1.08617E-02,  1.10002E-02,  1.11009E-02,  1.11596E-02,  1.11725E-02,  1.11373E-02,  1.10527E-02,  1.09189E-02,  1.07374E-02,  1.05114E-02,  1.02452E-02,  9.94399E-03,  9.61392E-03,  9.26145E-03,  8.89313E-03,  8.51528E-03,  8.13377E-03,  7.75377E-03,  7.37971E-03,  7.01515E-03,  6.66282E-03,  6.32465E-03,  6.00186E-03,  5.69505E-03,  5.40429E-03,  5.12923E-03,  4.86923E-03,  4.62339E-03,  4.39069E-03,  4.17000E-03,  3.96018E-03,  3.76011E-03,  3.56871E-03,  3.38499E-03,  3.20804E-03,  3.03706E-03,  2.87137E-03,  2.71038E-03,  2.55362E-03,  2.40073E-03,  2.25142E-03,  2.10549E-03,  1.96281E-03,  1.82330E-03,  1.68695E-03,  1.55377E-03,  1.42380E-03,  1.29711E-03,  1.17376E-03,  1.05383E-03,  9.37406E-04,  8.24561E-04,  7.15361E-04,  6.09862E-04,  5.08109E-04,  4.10133E-04,  3.15952E-04,
  4.43008E-03,  4.52860E-03,  4.63077E-03,  4.73683E-03,  4.84702E-03,  4.96159E-03,  5.08081E-03,  5.20497E-03,  5.33436E-03,  5.46929E-03,  5.61005E-03,  5.75696E-03,  5.91030E-03,  6.07035E-03,  6.23737E-03,  6.41155E-03,  6.59305E-03,  6.78192E-03,  6.97813E-03,  7.18151E-03,  7.39173E-03,  7.60827E-03,  7.83037E-03,  8.05699E-03,  8.28680E-03,  8.51811E-03,  8.74885E-03,  8.97658E-03,  9.19842E-03,  9.41112E-03,  9.61107E-03,  9.79437E-03,  9.95692E-03,  1.00946E-02,  1.02032E-02,  1.02792E-02,  1.03190E-02,  1.03201E-02,  1.02807E-02,  1.02000E-02,  1.00782E-02,  9.91668E-03,  9.71796E-03,  9.48542E-03,  9.22325E-03,  8.93623E-03,  8.62948E-03,  8.30820E-03,  7.97749E-03,  7.64209E-03,  7.30631E-03,  6.97387E-03,  6.64786E-03,  6.33072E-03,  6.02428E-03,  5.72978E-03,  5.44796E-03,  5.17912E-03,  4.92318E-03,  4.67979E-03,  4.44839E-03,  4.22825E-03,  4.01856E-03,  3.81846E-03,  3.62707E-03,  3.44354E-03,  3.26707E-03,  3.09692E-03,  2.93242E-03,  2.77299E-03,  2.61812E-03,  2.46741E-03,  2.32051E-03,  2.17717E-03,  2.03720E-03,  1.90045E-03,  1.76684E-03,  1.63634E-03,  1.50893E-03,  1.38463E-03,  1.26349E-03,  1.14555E-03,  1.03086E-03,  9.19496E-04,  8.11506E-04,  7.06943E-04,  6.05854E-04,  5.08274E-04,  4.14229E-04,  3.23734E-04,
  4.32629E-03,  4.42038E-03,  4.51783E-03,  4.61885E-03,  4.72362E-03,  4.83238E-03,  4.94534E-03,  5.06275E-03,  5.18482E-03,  5.31181E-03,  5.44395E-03,  5.58146E-03,  5.72456E-03,  5.87343E-03,  6.02822E-03,  6.18904E-03,  6.35593E-03,  6.52884E-03,  6.70764E-03,  6.89206E-03,  7.08169E-03,  7.27593E-03,  7.47400E-03,  7.67487E-03,  7.87724E-03,  8.07955E-03,  8.27992E-03,  8.47615E-03,  8.66576E-03,  8.84596E-03,  9.01371E-03,  9.16578E-03,  9.29885E-03,  9.40958E-03,  9.49474E-03,  9.55140E-03,  9.57700E-03,  9.56957E-03,  9.52779E-03,  9.45114E-03,  9.33992E-03,  9.19530E-03,  9.01929E-03,  8.81460E-03,  8.58458E-03,  8.33302E-03,  8.06402E-03,  7.78176E-03,  7.49034E-03,  7.19367E-03,  6.89532E-03,  6.59843E-03,  6.30567E-03,  6.01921E-03,  5.74075E-03,  5.47150E-03,  5.21227E-03,  4.96349E-03,  4.72528E-03,  4.49752E-03,  4.27986E-03,  4.07185E-03,  3.87289E-03,  3.68236E-03,  3.49958E-03,  3.32389E-03,  3.15466E-03,  2.99127E-03,  2.83319E-03,  2.67992E-03,  2.53103E-03,  2.38617E-03,  2.24503E-03,  2.10739E-03,  1.97306E-03,  1.84190E-03,  1.71383E-03,  1.58879E-03,  1.46677E-03,  1.34776E-03,  1.23178E-03,  1.11887E-03,  1.00906E-03,  9.02407E-04,  7.98942E-04,  6.98708E-04,  6.01743E-04,  5.08075E-04,  4.17723E-04,  3.30700E-04,
  4.22439E-03,  4.31416E-03,  4.40702E-03,  4.50312E-03,  4.60264E-03,  4.70576E-03,  4.81267E-03,  4.92354E-03,  5.03857E-03,  5.15794E-03,  5.28183E-03,  5.41038E-03,  5.54376E-03,  5.68205E-03,  5.82535E-03,  5.97367E-03,  6.12698E-03,  6.28514E-03,  6.44796E-03,  6.61509E-03,  6.78608E-03,  6.96031E-03,  7.13697E-03,  7.31507E-03,  7.49339E-03,  7.67050E-03,  7.84469E-03,  8.01404E-03,  8.17638E-03,  8.32934E-03,  8.47036E-03,  8.59677E-03,  8.70585E-03,  8.79490E-03,  8.86139E-03,  8.90298E-03,  8.91772E-03,  8.90411E-03,  8.86118E-03,  8.78860E-03,  8.68669E-03,  8.55643E-03,  8.39947E-03,  8.21799E-03,  8.01470E-03,  7.79264E-03,  7.55509E-03,  7.30545E-03,  7.04706E-03,  6.78316E-03,  6.51670E-03,  6.25035E-03,  5.98641E-03,  5.72681E-03,  5.47310E-03,  5.22642E-03,  4.98762E-03,  4.75720E-03,  4.53541E-03,  4.32229E-03,  4.11768E-03,  3.92129E-03,  3.73273E-03,  3.55154E-03,  3.37723E-03,  3.20929E-03,  3.04721E-03,  2.89052E-03,  2.73876E-03,  2.59154E-03,  2.44849E-03,  2.30931E-03,  2.17372E-03,  2.04154E-03,  1.91257E-03,  1.78671E-03,  1.66386E-03,  1.54396E-03,  1.42699E-03,  1.31292E-03,  1.20177E-03,  1.09356E-03,  9.88312E-04,  8.86054E-04,  7.86819E-04,  6.90639E-04,  5.97540E-04,  5.07545E-04,  4.20670E-04,  3.36922E-04,
  4.12440E-03,  4.20998E-03,  4.29836E-03,  4.38970E-03,  4.48413E-03,  4.58180E-03,  4.68286E-03,  4.78745E-03,  4.89571E-03,  5.00779E-03,  5.12380E-03,  5.24385E-03,  5.36802E-03,  5.49636E-03,  5.62888E-03,  5.76555E-03,  5.90626E-03,  6.05083E-03,  6.19901E-03,  6.35041E-03,  6.50456E-03,  6.66082E-03,  6.81841E-03,  6.97639E-03,  7.13362E-03,  7.28880E-03,  7.44040E-03,  7.58674E-03,  7.72594E-03,  7.85598E-03,  7.97470E-03,  8.07990E-03,  8.16935E-03,  8.24085E-03,  8.29239E-03,  8.32212E-03,  8.32852E-03,  8.31044E-03,  8.26719E-03,  8.19854E-03,  8.10482E-03,  7.98686E-03,  7.84600E-03,  7.68403E-03,  7.50315E-03,  7.30581E-03,  7.09469E-03,  6.87255E-03,  6.64214E-03,  6.40613E-03,  6.16701E-03,  5.92704E-03,  5.68821E-03,  5.45221E-03,  5.22044E-03,  4.99398E-03,  4.77366E-03,  4.56004E-03,  4.35344E-03,  4.15400E-03,  3.96171E-03,  3.77640E-03,  3.59785E-03,  3.42574E-03,  3.25970E-03,  3.09935E-03,  2.94432E-03,  2.79421E-03,  2.64867E-03,  2.50737E-03,  2.37001E-03,  2.23633E-03,  2.10610E-03,  1.97915E-03,  1.85532E-03,  1.73449E-03,  1.61658E-03,  1.50154E-03,  1.38931E-03,  1.27990E-03,  1.17328E-03,  1.06947E-03,  9.68491E-04,  8.70356E-04,  7.75089E-04,  6.82714E-04,  5.93249E-04,  5.06712E-04,  4.23114E-04,  3.42461E-04,
  4.02634E-03,  4.10784E-03,  4.19190E-03,  4.27862E-03,  4.36813E-03,  4.46054E-03,  4.55597E-03,  4.65453E-03,  4.75632E-03,  4.86144E-03,  4.96996E-03,  5.08194E-03,  5.19743E-03,  5.31642E-03,  5.43887E-03,  5.56470E-03,  5.69376E-03,  5.82583E-03,  5.96062E-03,  6.09773E-03,  6.23667E-03,  6.37682E-03,  6.51743E-03,  6.65762E-03,  6.79634E-03,  6.93241E-03,  7.06448E-03,  7.19108E-03,  7.31058E-03,  7.42126E-03,  7.52132E-03,  7.60890E-03,  7.68218E-03,  7.73939E-03,  7.77888E-03,  7.79921E-03,  7.79918E-03,  7.77791E-03,  7.73487E-03,  7.66996E-03,  7.58345E-03,  7.47607E-03,  7.34892E-03,  7.20349E-03,  7.04154E-03,  6.86510E-03,  6.67635E-03,  6.47755E-03,  6.27100E-03,  6.05890E-03,  5.84335E-03,  5.62627E-03,  5.40939E-03,  5.19420E-03,  4.98194E-03,  4.77364E-03,  4.57006E-03,  4.37180E-03,  4.17922E-03,  3.99254E-03,  3.81184E-03,  3.63707E-03,  3.46811E-03,  3.30474E-03,  3.14673E-03,  2.99379E-03,  2.84563E-03,  2.70197E-03,  2.56251E-03,  2.42699E-03,  2.29517E-03,  2.16682E-03,  2.04177E-03,  1.91985E-03,  1.80093E-03,  1.68491E-03,  1.57170E-03,  1.46125E-03,  1.35351E-03,  1.24848E-03,  1.14613E-03,  1.04646E-03,  9.49498E-04,  8.55241E-04,  7.63707E-04,  6.74912E-04,  5.88871E-04,  5.05596E-04,  4.25094E-04,  3.47370E-04,
