 -4.35619E-03, -4.44933E-03, -4.54231E-03, -4.63481E-03, -4.72651E-03, -4.81701E-03, -4.90593E-03, -4.99279E-03, -5.07711E-03, -5.15835E-03, -5.23593E-03, -5.30923E-03, -5.37756E-03, -5.44021E-03, -5.49643E-03, -5.54540E-03, -5.58628E-03, -5.61819E-03, -5.64022E-03, -5.65144E-03, -5.65088E-03, -5.63761E-03, -5.61065E-03, -5.56907E-03, -5.51196E-03, -5.43847E-03, -5.34779E-03, -5.23921E-03, -5.11214E-03, -4.96608E-03, -4.80072E-03, -4.61590E-03, -4.41167E-03, -4.18832E-03, -3.94635E-03, -3.68656E-03, -3.41003E-03, -3.11814E-03, -2.81256E-03, -2.49528E-03, -2.16859E-03, -1.83505E-03, -1.49745E-03, -1.15879E-03, -8.22211E-04, -4.90921E-04, -1.68135E-04,  1.43018E-04,  4.39575E-04,  7.18816E-04,  9.78344E-04,  1.21614E-03,  1.43063E-03,  1.62067E-03,  1.78563E-03,  1.92533E-03,  2.04002E-03,  2.13037E-03,  2.19742E-03,  2.24247E-03,  2.26710E-03,  2.27303E-03,  2.26209E-03,  2.23617E-03,  2.19717E-03,  2.14694E-03,  2.08727E-03,  2.01982E-03,  1.94616E-03,  1.86772E-03,  1.78578E-03,  1.70150E-03,  1.61590E-03,  1.52985E-03,  1.44411E-03,  1.35933E-03,  1.27603E-03,  1.19467E-03,  1.11559E-03,  1.03908E-03,  9.65341E-04,  8.94533E-04,  8.26758E-04,  7.62076E-04,
 -4.45558E-03, -4.55406E-03, -4.65255E-03, -4.75075E-03, -4.84831E-03, -4.94484E-03, -5.03991E-03, -5.13305E-03, -5.22374E-03, -5.31141E-03, -5.39545E-03, -5.47517E-03, -5.54987E-03, -5.61876E-03, -5.68103E-03, -5.73579E-03, -5.78212E-03, -5.81906E-03, -5.84560E-03, -5.86069E-03, -5.86328E-03, -5.85229E-03, -5.82663E-03, -5.78524E-03, -5.72707E-03, -5.65112E-03, -5.55644E-03, -5.44220E-03, -5.30765E-03, -5.15218E-03, -4.97535E-03, -4.77691E-03, -4.55681E-03, -4.31529E-03, -4.05284E-03, -3.77026E-03, -3.46868E-03, -3.14959E-03, -2.81484E-03, -2.46663E-03, -2.10754E-03, -1.74047E-03, -1.36863E-03, -9.95475E-04, -6.24659E-04, -2.59929E-04,  9.49504E-05,  4.36306E-04,  7.60658E-04,  1.06482E-03,  1.34599E-03,  1.60186E-03,  1.83060E-03,  2.03101E-03,  2.20241E-03,  2.34473E-03,  2.45841E-03,  2.54440E-03,  2.60405E-03,  2.63904E-03,  2.65132E-03,  2.64304E-03,  2.61642E-03,  2.57373E-03,  2.51721E-03,  2.44904E-03,  2.37128E-03,  2.28585E-03,  2.19450E-03,  2.09883E-03,  2.00026E-03,  1.90004E-03,  1.79925E-03,  1.69882E-03,  1.59953E-03,  1.50203E-03,  1.40686E-03,  1.31444E-03,  1.22510E-03,  1.13908E-03,  1.05657E-03,  9.77681E-04,  9.02477E-04,  8.30979E-04,
 -4.55586E-03, -4.65990E-03, -4.76416E-03, -4.86833E-03, -4.97205E-03, -5.07493E-03, -5.17651E-03, -5.27630E-03, -5.37376E-03, -5.46828E-03, -5.55922E-03, -5.64585E-03, -5.72741E-03, -5.80306E-03, -5.87190E-03, -5.93300E-03, -5.98533E-03, -6.02785E-03, -6.05943E-03, -6.07892E-03, -6.08514E-03, -6.07688E-03, -6.05291E-03, -6.01201E-03, -5.95299E-03, -5.87468E-03, -5.77599E-03, -5.65590E-03, -5.51350E-03, -5.34805E-03, -5.15894E-03, -4.94580E-03, -4.70849E-03, -4.44713E-03, -4.16220E-03, -3.85447E-03, -3.52513E-03, -3.17577E-03, -2.80840E-03, -2.42546E-03, -2.02986E-03, -1.62490E-03, -1.21425E-03, -8.01924E-04, -3.92177E-04,  1.05926E-05,  4.01954E-04,  7.77568E-04,  1.13332E-03,  1.46546E-03,  1.77070E-03,  2.04633E-03,  2.29031E-03,  2.50129E-03,  2.67864E-03,  2.82240E-03,  2.93328E-03,  3.01258E-03,  3.06207E-03,  3.08390E-03,  3.08053E-03,  3.05458E-03,  3.00877E-03,  2.94581E-03,  2.86838E-03,  2.77901E-03,  2.68007E-03,  2.57376E-03,  2.46205E-03,  2.34670E-03,  2.22926E-03,  2.11108E-03,  1.99330E-03,  1.87688E-03,  1.76262E-03,  1.65116E-03,  1.54302E-03,  1.43858E-03,  1.33815E-03,  1.24192E-03,  1.15002E-03,  1.06253E-03,  9.79449E-04,  9.00759E-04,
 -4.65682E-03, -4.76664E-03, -4.87692E-03, -4.98733E-03, -5.09752E-03, -5.20706E-03, -5.31551E-03, -5.42233E-03, -5.52697E-03, -5.62878E-03, -5.72709E-03, -5.82112E-03, -5.91005E-03, -5.99300E-03, -6.06899E-03, -6.13700E-03, -6.19592E-03, -6.24459E-03, -6.28179E-03, -6.30624E-03, -6.31662E-03, -6.31157E-03, -6.28972E-03, -6.24967E-03, -6.19006E-03, -6.10953E-03, -6.00681E-03, -5.88070E-03, -5.73009E-03, -5.55405E-03, -5.35181E-03, -5.12283E-03, -4.86683E-03, -4.58383E-03, -4.27420E-03, -3.93871E-03, -3.57857E-03, -3.19544E-03, -2.79153E-03, -2.36952E-03, -1.93268E-03, -1.48474E-03, -1.02995E-03, -5.72960E-04, -1.18748E-04,  3.27502E-04,  7.60539E-04,  1.17521E-03,  1.56661E-03,  1.93029E-03,  2.26237E-03,  2.55968E-03,  2.81988E-03,  3.04151E-03,  3.22396E-03,  3.36750E-03,  3.47320E-03,  3.54280E-03,  3.57863E-03,  3.58344E-03,  3.56031E-03,  3.51246E-03,  3.44322E-03,  3.35584E-03,  3.25348E-03,  3.13908E-03,  3.01539E-03,  2.88488E-03,  2.74976E-03,  2.61197E-03,  2.47318E-03,  2.33483E-03,  2.19809E-03,  2.06395E-03,  1.93320E-03,  1.80645E-03,  1.68419E-03,  1.56675E-03,  1.45438E-03,  1.34721E-03,  1.24531E-03,  1.14870E-03,  1.05731E-03,  9.71066E-04,
 -4.75822E-03, -4.87404E-03, -4.99058E-03, -5.10751E-03, -5.22445E-03, -5.34099E-03, -5.45665E-03, -5.57089E-03, -5.68312E-03, -5.79268E-03, -5.89883E-03, -6.00077E-03, -6.09763E-03, -6.18843E-03, -6.27215E-03, -6.34767E-03, -6.41380E-03, -6.46925E-03, -6.51269E-03, -6.54270E-03, -6.55782E-03, -6.55652E-03, -6.53725E-03, -6.49845E-03, -6.43854E-03, -6.35597E-03, -6.24924E-03, -6.11693E-03, -5.95774E-03, -5.77049E-03, -5.55421E-03, -5.30816E-03, -5.03188E-03, -4.72523E-03, -4.38848E-03, -4.02232E-03, -3.62795E-03, -3.20712E-03, -2.76219E-03, -2.29611E-03, -1.81253E-03, -1.31570E-03, -8.10507E-04, -3.02359E-04,  2.02891E-04,  6.99101E-04,  1.18001E-03,  1.63945E-03,  2.07155E-03,  2.47097E-03,  2.83310E-03,  3.15420E-03,  3.43159E-03,  3.66367E-03,  3.84995E-03,  3.99099E-03,  4.08833E-03,  4.14433E-03,  4.16204E-03,  4.14497E-03,  4.09699E-03,  4.02209E-03,  3.92429E-03,  3.80751E-03,  3.67545E-03,  3.53156E-03,  3.37897E-03,  3.22048E-03,  3.05851E-03,  2.89520E-03,  2.73231E-03,  2.57135E-03,  2.41352E-03,  2.25981E-03,  2.11095E-03,  1.96754E-03,  1.82997E-03,  1.69851E-03,  1.57334E-03,  1.45451E-03,  1.34200E-03,  1.23576E-03,  1.13564E-03,  1.04150E-03,
 -4.85979E-03, -4.98183E-03, -5.10486E-03, -5.22857E-03, -5.35257E-03, -5.47642E-03, -5.59965E-03, -5.72170E-03, -5.84194E-03, -5.95970E-03, -6.07418E-03, -6.18456E-03, -6.28988E-03, -6.38913E-03, -6.48119E-03, -6.56486E-03, -6.63883E-03, -6.70173E-03, -6.75206E-03, -6.78827E-03, -6.80874E-03, -6.81177E-03, -6.79561E-03, -6.75848E-03, -6.69860E-03, -6.61418E-03, -6.50348E-03, -6.36482E-03, -6.19665E-03, -5.99754E-03, -5.76625E-03, -5.50180E-03, -5.20351E-03, -4.87103E-03, -4.50446E-03, -4.10438E-03, -3.67196E-03, -3.20896E-03, -2.71788E-03, -2.20198E-03, -1.66527E-03, -1.11261E-03, -5.49603E-04,  1.74267E-05,  5.81577E-04,  1.13553E-03,  1.67177E-03,  2.18286E-03,  2.66171E-03,  3.10186E-03,  3.49776E-03,  3.84500E-03,  4.14048E-03,  4.38248E-03,  4.57066E-03,  4.70603E-03,  4.79079E-03,  4.82812E-03,  4.82201E-03,  4.77695E-03,  4.69780E-03,  4.58949E-03,  4.45693E-03,  4.30477E-03,  4.13741E-03,  3.95881E-03,  3.77255E-03,  3.58173E-03,  3.38905E-03,  3.19677E-03,  3.00676E-03,  2.82055E-03,  2.63934E-03,  2.46407E-03,  2.29542E-03,  2.13389E-03,  1.97979E-03,  1.83330E-03,  1.69447E-03,  1.56326E-03,  1.43956E-03,  1.32320E-03,  1.21396E-03,  1.11160E-03,
 -4.96125E-03, -5.08970E-03, -5.21946E-03, -5.35020E-03, -5.48154E-03, -5.61303E-03, -5.74417E-03, -5.87441E-03, -6.00309E-03, -6.12949E-03, -6.25280E-03, -6.37214E-03, -6.48650E-03, -6.59479E-03, -6.69582E-03, -6.78829E-03, -6.87079E-03, -6.94180E-03, -6.99972E-03, -7.04282E-03, -7.06929E-03, -7.07726E-03, -7.06475E-03, -7.02977E-03, -6.97027E-03, -6.88422E-03, -6.76959E-03, -6.62443E-03, -6.44687E-03, -6.23518E-03, -5.98785E-03, -5.70356E-03, -5.38136E-03, -5.02065E-03, -4.62128E-03, -4.18367E-03, -3.70886E-03, -3.19862E-03, -2.65554E-03, -2.08313E-03, -1.48584E-03, -8.69159E-04, -2.39539E-04,  3.95630E-04,  1.02816E-03,  1.64929E-03,  2.24994E-03,  2.82105E-03,  3.35397E-03,  3.84081E-03,  4.27487E-03,  4.65086E-03,  4.96517E-03,  5.21599E-03,  5.40326E-03,  5.52862E-03,  5.59517E-03,  5.60721E-03,  5.56994E-03,  5.48916E-03,  5.37095E-03,  5.22144E-03,  5.04656E-03,  4.85190E-03,  4.64258E-03,  4.42319E-03,  4.19774E-03,  3.96969E-03,  3.74194E-03,  3.51687E-03,  3.29642E-03,  3.08211E-03,  2.87507E-03,  2.67616E-03,  2.48597E-03,  2.30484E-03,  2.13298E-03,  1.97042E-03,  1.81708E-03,  1.67281E-03,  1.53735E-03,  1.41043E-03,  1.29172E-03,  1.18087E-03,
 -5.06228E-03, -5.19733E-03, -5.33403E-03, -5.47205E-03, -5.61099E-03, -5.75042E-03, -5.88982E-03, -6.02862E-03, -6.16615E-03, -6.30165E-03, -6.43429E-03, -6.56311E-03, -6.68708E-03, -6.80502E-03, -6.91567E-03, -7.01761E-03, -7.10932E-03, -7.18917E-03, -7.25539E-03, -7.30607E-03, -7.33924E-03, -7.35278E-03, -7.34450E-03, -7.31215E-03, -7.25342E-03, -7.16596E-03, -7.04745E-03, -6.89559E-03, -6.70819E-03, -6.48317E-03, -6.21864E-03, -5.91295E-03, -5.56476E-03, -5.17316E-03, -4.73769E-03, -4.25849E-03, -3.73642E-03, -3.17316E-03, -2.57133E-03, -1.93466E-03, -1.26804E-03, -5.77626E-04,  1.29158E-04,  8.43654E-04,  1.55613E-03,  2.25600E-03,  2.93220E-03,  3.57363E-03,  4.16959E-03,  4.71038E-03,  5.18776E-03,  5.59536E-03,  5.92898E-03,  6.18672E-03,  6.36901E-03,  6.47837E-03,  6.51916E-03,  6.49719E-03,  6.41932E-03,  6.29297E-03,  6.12584E-03,  5.92549E-03,  5.69912E-03,  5.45338E-03,  5.19425E-03,  4.92696E-03,  4.65601E-03,  4.38515E-03,  4.11746E-03,  3.85542E-03,  3.60093E-03,  3.35545E-03,  3.12000E-03,  2.89529E-03,  2.68173E-03,  2.47953E-03,  2.28867E-03,  2.10904E-03,  1.94039E-03,  1.78240E-03,  1.63467E-03,  1.49679E-03,  1.36829E-03,  1.24872E-03,
 -5.16252E-03, -5.30435E-03, -5.44819E-03, -5.59370E-03, -5.74051E-03, -5.88817E-03, -6.03616E-03, -6.18389E-03, -6.33066E-03, -6.47571E-03, -6.61816E-03, -6.75701E-03, -6.89115E-03, -7.01935E-03, -7.14025E-03, -7.25234E-03, -7.35399E-03, -7.44339E-03, -7.51863E-03, -7.57763E-03, -7.61819E-03, -7.63796E-03, -7.63451E-03, -7.60529E-03, -7.54769E-03, -7.45903E-03, -7.33665E-03, -7.17788E-03, -6.98012E-03, -6.74089E-03, -6.45788E-03, -6.12903E-03, -5.75255E-03, -5.32711E-03, -4.85183E-03, -4.32650E-03, -3.75166E-03, -3.12877E-03, -2.46043E-03, -1.75046E-03, -1.00417E-03, -2.28426E-04,  5.68258E-04,  1.37573E-03,  2.18237E-03,  2.97532E-03,  3.74098E-03,  4.46555E-03,  5.13572E-03,  5.73936E-03,  6.26624E-03,  6.70858E-03,  7.06148E-03,  7.32307E-03,  7.49448E-03,  7.57954E-03,  7.58439E-03,  7.51691E-03,  7.38613E-03,  7.20165E-03,  6.97317E-03,  6.71005E-03,  6.42101E-03,  6.11392E-03,  5.79570E-03,  5.47227E-03,  5.14856E-03,  4.82860E-03,  4.51559E-03,  4.21197E-03,  3.91957E-03,  3.63967E-03,  3.37312E-03,  3.12038E-03,  2.88165E-03,  2.65687E-03,  2.44583E-03,  2.24818E-03,  2.06347E-03,  1.89117E-03,  1.73072E-03,  1.58153E-03,  1.44300E-03,  1.31453E-03,
 -5.26160E-03, -5.41037E-03, -5.56152E-03, -5.71474E-03, -5.86965E-03, -6.02581E-03, -6.18269E-03, -6.33969E-03, -6.49611E-03, -6.65113E-03, -6.80386E-03, -6.95324E-03, -7.09812E-03, -7.23719E-03, -7.36899E-03, -7.49192E-03, -7.60419E-03, -7.70388E-03, -7.78888E-03, -7.85692E-03, -7.90557E-03, -7.93223E-03, -7.93419E-03, -7.90858E-03, -7.85245E-03, -7.76277E-03, -7.63646E-03, -7.47045E-03, -7.26169E-03, -7.00725E-03, -6.70431E-03, -6.35030E-03, -5.94293E-03, -5.48032E-03, -4.96108E-03, -4.38448E-03, -3.75061E-03, -3.06055E-03, -2.31667E-03, -1.52282E-03, -6.84594E-04,  1.90429E-04,  1.09253E-03,  2.00982E-03,  2.92833E-03,  3.83237E-03,  4.70504E-03,  5.52902E-03,  6.28747E-03,  6.96504E-03,  7.54887E-03,  8.02936E-03,  8.40073E-03,  8.66129E-03,  8.81330E-03,  8.86252E-03,  8.81760E-03,  8.68927E-03,  8.48949E-03,  8.23071E-03,  7.92519E-03,  7.58449E-03,  7.21912E-03,  6.83835E-03,  6.45009E-03,  6.06094E-03,  5.67622E-03,  5.30012E-03,  4.93583E-03,  4.58567E-03,  4.25123E-03,  3.93353E-03,  3.63309E-03,  3.35008E-03,  3.08437E-03,  2.83559E-03,  2.60324E-03,  2.38668E-03,  2.18523E-03,  1.99811E-03,  1.82457E-03,  1.66382E-03,  1.51509E-03,  1.37762E-03,
 -5.35912E-03, -5.51494E-03, -5.67357E-03, -5.83468E-03, -5.99791E-03, -6.16281E-03, -6.32887E-03, -6.49546E-03, -6.66188E-03, -6.82728E-03, -6.99074E-03, -7.15116E-03, -7.30732E-03, -7.45785E-03, -7.60118E-03, -7.73560E-03, -7.85921E-03, -7.96990E-03, -8.06539E-03, -8.14318E-03, -8.20061E-03, -8.23479E-03, -8.24270E-03, -8.22113E-03, -8.16675E-03, -8.07612E-03, -7.94572E-03, -7.77200E-03, -7.55143E-03, -7.28052E-03, -6.95592E-03, -6.57445E-03, -6.13321E-03, -5.62965E-03, -5.06173E-03, -4.42803E-03, -3.72796E-03, -2.96204E-03, -2.13216E-03, -1.24194E-03, -2.97127E-04,  6.94076E-04,  1.72068E-03,  2.76876E-03,  3.82150E-03,  4.85958E-03,  5.86178E-03,  6.80606E-03,  7.67085E-03,  8.43642E-03,  9.08631E-03,  9.60852E-03,  9.99625E-03,  1.02483E-02,  1.03685E-02,  1.03657E-02,  1.02521E-02,  1.00423E-02,  9.75237E-03,  9.39838E-03,  8.99588E-03,  8.55912E-03,  8.10073E-03,  7.63147E-03,  7.16029E-03,  6.69436E-03,  6.23927E-03,  5.79920E-03,  5.37714E-03,  4.97511E-03,  4.59430E-03,  4.23530E-03,  3.89819E-03,  3.58270E-03,  3.28827E-03,  3.01415E-03,  2.75945E-03,  2.52323E-03,  2.30446E-03,  2.10214E-03,  1.91524E-03,  1.74276E-03,  1.58374E-03,  1.43725E-03,
 -5.45464E-03, -5.61763E-03, -5.78384E-03, -5.95300E-03, -6.12473E-03, -6.29859E-03, -6.47408E-03, -6.65056E-03, -6.82730E-03, -7.00347E-03, -7.17808E-03, -7.35001E-03, -7.51797E-03, -7.68050E-03, -7.83597E-03, -7.98254E-03, -8.11815E-03, -8.24053E-03, -8.34720E-03, -8.43543E-03, -8.50227E-03, -8.54455E-03, -8.55888E-03, -8.54169E-03, -8.48922E-03, -8.39756E-03, -8.26271E-03, -8.08059E-03, -7.84710E-03, -7.55816E-03, -7.20977E-03, -6.79808E-03, -6.31946E-03, -5.77059E-03, -5.14855E-03, -4.45105E-03, -3.67658E-03, -2.82475E-03, -1.89663E-03, -8.95285E-04,  1.73723E-04,  1.30175E-03,  2.47654E-03,  3.68185E-03,  4.89739E-03,  6.09914E-03,  7.26021E-03,  8.35217E-03,  9.34687E-03,  1.02185E-02,  1.09458E-02,  1.15134E-02,  1.19133E-02,  1.21452E-02,  1.22159E-02,  1.21383E-02,  1.19298E-02,  1.16107E-02,  1.12024E-02,  1.07260E-02,  1.02012E-02,  9.64528E-03,  9.07341E-03,  8.49793E-03,  7.92869E-03,  7.37329E-03,  6.83729E-03,  6.32461E-03,  5.83779E-03,  5.37826E-03,  4.94661E-03,  4.54279E-03,  4.16627E-03,  3.81618E-03,  3.49142E-03,  3.19075E-03,  2.91283E-03,  2.65631E-03,  2.41982E-03,  2.20202E-03,  2.00161E-03,  1.81736E-03,  1.64807E-03,  1.49264E-03,
 -5.54771E-03, -5.71792E-03, -5.89183E-03, -6.06914E-03, -6.24952E-03, -6.43253E-03, -6.61766E-03, -6.80427E-03, -6.99165E-03, -7.17891E-03, -7.36506E-03, -7.54892E-03, -7.72916E-03, -7.90423E-03, -8.07240E-03, -8.23171E-03, -8.37995E-03, -8.51467E-03, -8.63316E-03, -8.73244E-03, -8.80926E-03, -8.86012E-03, -8.88124E-03, -8.86861E-03, -8.81800E-03, -8.72501E-03, -8.58507E-03, -8.39350E-03, -8.14557E-03, -7.83653E-03, -7.46168E-03, -7.01638E-03, -6.49617E-03, -5.89678E-03, -5.21430E-03, -4.44524E-03, -3.58686E-03, -2.63742E-03, -1.59673E-03, -4.66709E-04,  7.47757E-04,  2.03799E-03,  3.39060E-03,  4.78682E-03,  6.20209E-03,  7.60639E-03,  8.96515E-03,  1.02412E-02,  1.13971E-02,  1.23987E-02,  1.32176E-02,  1.38341E-02,  1.42388E-02,  1.44331E-02,  1.44281E-02,  1.42432E-02,  1.39035E-02,  1.34372E-02,  1.28731E-02,  1.22388E-02,  1.15590E-02,  1.08552E-02,  1.01448E-02,  9.44191E-03,  8.75694E-03,  8.09754E-03,  7.46889E-03,  6.87421E-03,  6.31518E-03,  5.79234E-03,  5.30534E-03,  4.85325E-03,  4.43470E-03,  4.04807E-03,  3.69157E-03,  3.36334E-03,  3.06152E-03,  2.78426E-03,  2.52979E-03,  2.29641E-03,  2.08250E-03,  1.88656E-03,  1.70715E-03,  1.54296E-03,
 -5.63783E-03, -5.81531E-03, -5.99696E-03, -6.18252E-03, -6.37165E-03, -6.56394E-03, -6.75888E-03, -6.95584E-03, -7.15409E-03, -7.35274E-03, -7.55076E-03, -7.74694E-03, -7.93987E-03, -8.12796E-03, -8.30934E-03, -8.48193E-03, -8.64337E-03, -8.79100E-03, -8.92187E-03, -9.03272E-03, -9.11998E-03, -9.17976E-03, -9.20784E-03, -9.19974E-03, -9.15070E-03, -9.05572E-03, -8.90960E-03, -8.70702E-03, -8.44253E-03, -8.11064E-03, -7.70583E-03, -7.22264E-03, -6.65562E-03, -5.99946E-03, -5.24898E-03, -4.39925E-03, -3.44585E-03, -2.38517E-03, -1.21501E-03,  6.45979E-05,  1.45030E-03,  2.93410E-03,  4.50190E-03,  6.13227E-03,  7.79557E-03,  9.45395E-03,  1.10625E-02,  1.25717E-02,NA,NA,NA,NA,NA,  1.72190E-02,  1.71002E-02,  1.67618E-02,  1.62402E-02,  1.55748E-02,  1.48047E-02,  1.39659E-02,  1.30896E-02,  1.22017E-02,  1.13224E-02,  1.04667E-02,  9.64552E-03,  8.86572E-03,  8.13147E-03,  7.44471E-03,  6.80573E-03,  6.21368E-03,  5.66691E-03,  5.16329E-03,  4.70035E-03,  4.27550E-03,  3.88612E-03,  3.52960E-03,  3.20344E-03,  2.90524E-03,  2.63276E-03,  2.38388E-03,  2.15665E-03,  1.94924E-03,  1.75999E-03,  1.58735E-03,
 -5.72451E-03, -5.90925E-03, -6.09866E-03, -6.29250E-03, -6.49045E-03, -6.69211E-03, -6.89698E-03, -7.10444E-03, -7.31375E-03, -7.52402E-03, -7.73419E-03, -7.94300E-03, -8.14899E-03, -8.35049E-03, -8.54552E-03, -8.73186E-03, -8.90697E-03, -9.06799E-03, -9.21170E-03, -9.33452E-03, -9.43251E-03, -9.50134E-03, -9.53633E-03, -9.53241E-03, -9.48423E-03, -9.38612E-03, -9.23217E-03, -9.01630E-03, -8.73227E-03, -8.37376E-03, -7.93439E-03, -7.40774E-03, -6.78734E-03, -6.06663E-03, -5.23899E-03, -4.29772E-03, -3.23621E-03, -2.04825E-03, -7.28708E-04,  7.25454E-04,  2.31368E-03,  4.02988E-03,  5.86014E-03,  7.78056E-03,  9.75549E-03,NA,NA,NA,NA,NA,NA,NA,NA,NA,NA,NA,NA,  1.80885E-02,  1.70450E-02,  1.59408E-02,  1.48148E-02,  1.36979E-02,  1.26125E-02,  1.15743E-02,  1.05933E-02,  9.67476E-03,  8.82089E-03,  8.03146E-03,  7.30466E-03,  6.63764E-03,  6.02696E-03,  5.46888E-03,  4.95956E-03,  4.49520E-03,  4.07216E-03,  3.68694E-03,  3.33632E-03,  3.01725E-03,  2.72697E-03,  2.46290E-03,  2.22271E-03,  2.00426E-03,  1.80558E-03,  1.62492E-03,
 -5.80721E-03, -5.99917E-03, -6.19631E-03, -6.39841E-03, -6.60519E-03, -6.81625E-03, -7.03112E-03, -7.24917E-03, -7.46968E-03, -7.69173E-03, -7.91424E-03, -8.13593E-03, -8.35527E-03, -8.57049E-03, -8.77952E-03, -8.97998E-03, -9.16914E-03, -9.34390E-03, -9.50075E-03, -9.63577E-03, -9.74457E-03, -9.82234E-03, -9.86383E-03, -9.86334E-03, -9.81480E-03, -9.71176E-03, -9.54751E-03, -9.31508E-03, -9.00736E-03, -8.61709E-03, -8.13696E-03, -7.55953E-03, -6.87722E-03, -6.08213E-03, -5.16600E-03, -4.11999E-03, -2.93473E-03, -1.60055E-03, -1.08120E-04,  1.55032E-03,  3.37894E-03,  5.37553E-03,  7.52803E-03,NA,NA,NA,NA,NA,NA,NA,NA,NA,NA,NA,NA,NA,NA,NA,NA,  1.82009E-02,  1.67576E-02,  1.53560E-02,  1.40200E-02,  1.27645E-02,  1.15968E-02,  1.05195E-02,  9.53113E-03,  8.62822E-03,  7.80588E-03,  7.05849E-03,  6.38023E-03,  5.76531E-03,  5.20814E-03,  4.70348E-03,  4.24645E-03,  3.83256E-03,  3.45771E-03,  3.11818E-03,  2.81059E-03,  2.53188E-03,  2.27932E-03,  2.05040E-03,  1.84290E-03,  1.65478E-03,
 -5.88539E-03, -6.08448E-03, -6.28927E-03, -6.49957E-03, -6.71513E-03, -6.93557E-03, -7.16043E-03, -7.38910E-03, -7.62086E-03, -7.85477E-03, -8.08976E-03, -8.32447E-03, -8.55734E-03, -8.78650E-03, -9.00977E-03, -9.22460E-03, -9.42805E-03, -9.61676E-03, -9.78688E-03, -9.93408E-03, -1.00535E-02, -1.01398E-02, -1.01869E-02, -1.01886E-02, -1.01378E-02, -1.00272E-02, -9.84906E-03, -9.59550E-03, -9.25833E-03, -8.82929E-03, -8.30003E-03, -7.66206E-03, -6.90663E-03, -6.02447E-03, -5.00549E-03, -3.83843E-03, -2.51056E-03, -1.00766E-03,  6.85395E-04,  2.58332E-03,  4.69782E-03,NA,NA,NA,NA,NA,NA,NA,NA,NA,NA,NA,NA,NA,NA,NA,NA,NA,NA,NA,  1.89404E-02,  1.71860E-02,  1.55465E-02,  1.40335E-02,  1.26497E-02,  1.13920E-02,  1.02539E-02,  9.22690E-03,  8.30182E-03,  7.46937E-03,  6.72062E-03,  6.04719E-03,  5.44140E-03,  4.89627E-03,  4.40549E-03,  3.96342E-03,  3.56502E-03,  3.20579E-03,  2.88170E-03,  2.58919E-03,  2.32507E-03,  2.08648E-03,  1.87090E-03,  1.67605E-03,
 -5.95850E-03, -6.16456E-03, -6.37688E-03, -6.59527E-03, -6.81949E-03, -7.04922E-03, -7.28399E-03, -7.52323E-03, -7.76620E-03, -8.01199E-03, -8.25947E-03, -8.50727E-03, -8.75375E-03, -8.99695E-03, -9.23457E-03, -9.46387E-03, -9.68169E-03, -9.88436E-03, -1.00677E-02, -1.02268E-02, -1.03563E-02, -1.04502E-02, -1.05017E-02, -1.05035E-02, -1.04477E-02, -1.03257E-02, -1.01289E-02, -9.84785E-03, -9.47340E-03, -8.99607E-03, -8.40639E-03, -7.69477E-03, -6.85132E-03, -5.86540E-03, -4.72509E-03, -3.41646E-03, -1.92281E-03, -2.24264E-04,  1.70208E-03,NA,NA,NA,NA,NA,NA,NA,NA,NA,NA,NA,NA,NA,NA,NA,NA,NA,NA,NA,NA,NA,NA,  1.91930E-02,  1.71888E-02,  1.53735E-02,  1.37415E-02,  1.22813E-02,  1.09783E-02,  9.81736E-03,  8.78337E-03,  7.86224E-03,  7.04113E-03,  6.30852E-03,  5.65421E-03,  5.06919E-03,  4.54556E-03,  4.07638E-03,  3.65558E-03,  3.27780E-03,  2.93838E-03,  2.63317E-03,  2.35855E-03,  2.11130E-03,  1.88858E-03,  1.68787E-03,
 -6.02596E-03, -6.23882E-03, -6.45846E-03, -6.68475E-03, -6.91748E-03, -7.15632E-03, -7.40086E-03, -7.65053E-03, -7.90461E-03, -8.16216E-03, -8.42205E-03, -8.68287E-03, -8.94292E-03, -9.20014E-03, -9.45207E-03, -9.69579E-03, -9.92787E-03, -1.01443E-02, -1.03404E-02, -1.05109E-02, -1.06497E-02, -1.07498E-02, -1.08037E-02, -1.08028E-02, -1.07381E-02, -1.05997E-02, -1.03774E-02, -1.00605E-02, -9.63819E-03, -9.09977E-03, -8.43449E-03, -7.63163E-03, -6.68021E-03, -5.56837E-03, -4.28246E-03, -2.80585E-03,NA,NA,NA,NA,NA,NA,NA,NA,NA,NA,NA,NA,NA,NA,NA,NA,NA,NA,NA,NA,NA,NA,NA,NA,NA,NA,  1.89359E-02,  1.67700E-02,  1.48568E-02,  1.31722E-02,  1.16906E-02,  1.03873E-02,  9.23985E-03,  8.22796E-03,  7.33401E-03,  6.54276E-03,  5.84106E-03,  5.21764E-03,  4.66279E-03,  4.16819E-03,  3.72665E-03,  3.33195E-03,  2.97870E-03,  2.66222E-03,  2.37842E-03,  2.12371E-03,  1.89496E-03,  1.68940E-03,
 -6.08721E-03, -6.30662E-03, -6.53335E-03, -6.76729E-03, -7.00827E-03, -7.25599E-03, -7.51007E-03, -7.76994E-03, -8.03490E-03, -8.30401E-03, -8.57612E-03, -8.84979E-03, -9.12323E-03, -9.39427E-03, -9.66031E-03, -9.91820E-03, -1.01642E-02, -1.03940E-02, -1.06023E-02, -1.07832E-02, -1.09298E-02, -1.10343E-02, -1.10877E-02, -1.10805E-02, -1.10018E-02, -1.08402E-02, -1.05836E-02, -1.02196E-02, -9.73555E-03, -9.11905E-03, -8.35793E-03, -7.44029E-03, -6.35413E-03, -5.08663E-03,NA,NA,NA,NA,NA,NA,NA,NA,NA,NA,NA,NA,NA,NA,NA,NA,NA,NA,NA,NA,NA,NA,NA,NA,NA,NA,NA,NA,NA,  1.82004E-02,  1.59740E-02,  1.40453E-02,  1.23737E-02,  1.09224E-02,  9.65916E-03,  8.55643E-03,  7.59091E-03,  6.74299E-03,  5.99625E-03,  5.33689E-03,  4.75329E-03,  4.23563E-03,  3.77557E-03,  3.36599E-03,  3.00081E-03,  2.67478E-03,  2.38336E-03,  2.12263E-03,  1.88914E-03,  1.67990E-03,
 -6.14170E-03, -6.36735E-03, -6.60085E-03, -6.84213E-03, -7.09104E-03, -7.34733E-03, -7.61061E-03, -7.88037E-03, -8.15589E-03, -8.43624E-03, -8.72026E-03, -9.00645E-03, -9.29295E-03, -9.57747E-03, -9.85724E-03, -1.01289E-02, -1.03883E-02, -1.06306E-02, -1.08502E-02, -1.10401E-02, -1.11927E-02, -1.12989E-02, -1.13484E-02, -1.13299E-02, -1.12306E-02, -1.10371E-02, -1.07350E-02, -1.03094E-02, -9.74549E-03, -9.02870E-03, -8.14506E-03, -7.08129E-03,NA,NA,NA,NA,NA,NA,NA,NA,NA,NA,NA,NA,NA,NA,NA,NA,NA,NA,NA,NA,NA,NA,NA,NA,NA,NA,NA,NA,NA,NA,NA,NA,  1.70648E-02,  1.48767E-02,  1.30078E-02,  1.14062E-02,  1.00280E-02,  8.83688E-03,  7.80308E-03,  6.90214E-03,  6.11404E-03,  5.42228E-03,  4.81324E-03,  4.27557E-03,  3.79977E-03,  3.37783E-03,  3.00298E-03,  2.66942E-03,  2.37221E-03,  2.10707E-03,  1.87030E-03,  1.65869E-03,
 -6.18885E-03, -6.42039E-03, -6.66030E-03, -6.90854E-03, -7.16499E-03, -7.42943E-03, -7.70151E-03, -7.98072E-03, -8.26638E-03, -8.55754E-03, -8.85301E-03, -9.15125E-03, -9.45033E-03, -9.74781E-03, -1.00407E-02, -1.03254E-02, -1.05974E-02, -1.08513E-02, -1.10808E-02, -1.12780E-02, -1.14342E-02, -1.15387E-02, -1.15798E-02, -1.15438E-02, -1.14158E-02, -1.11795E-02, -1.08176E-02, -1.03122E-02, -9.64538E-03, -8.79970E-03, -7.75878E-03,NA,NA,NA,NA,NA,NA,NA,NA,NA,NA,NA,NA,NA,NA,NA,NA,NA,NA,NA,NA,NA,NA,NA,NA,NA,NA,NA,NA,NA,NA,NA,NA,NA,  1.80936E-02,  1.56379E-02,  1.35704E-02,  1.18210E-02,  1.03323E-02,  9.05824E-03,  7.96178E-03,  7.01326E-03,  6.18888E-03,  5.46937E-03,  4.83907E-03,  4.28513E-03,  3.79690E-03,  3.36555E-03,  2.98364E-03,  2.64487E-03,  2.34391E-03,  2.07618E-03,  1.83774E-03,  1.62519E-03,
 -6.22813E-03, -6.46514E-03, -6.71103E-03, -6.96577E-03, -7.22929E-03, -7.50140E-03, -7.78178E-03, -8.06993E-03, -8.36517E-03, -8.66657E-03, -8.97291E-03, -9.28259E-03, -9.59359E-03, -9.90333E-03, -1.02086E-02, -1.05054E-02, -1.07889E-02, -1.10531E-02, -1.12907E-02, -1.14930E-02, -1.16497E-02, -1.17486E-02, -1.17757E-02, -1.17149E-02, -1.15481E-02, -1.12558E-02, -1.08167E-02, -1.02089E-02, -9.41035E-03, -8.39961E-03,NA,NA,NA,NA,NA,NA,NA,NA,NA,NA,NA,NA,NA,NA,NA,NA,NA,NA,NA,NA,NA,NA,NA,NA,NA,NA,NA,NA,NA,NA,NA,NA,NA,NA,NA,  1.62968E-02,  1.40371E-02,  1.21482E-02,  1.05580E-02,  9.20970E-03,  8.05864E-03,  7.06984E-03,  6.21567E-03,  5.47413E-03,  4.82759E-03,  4.26175E-03,  3.76494E-03,  3.32752E-03,  2.94147E-03,  2.60006E-03,  2.29760E-03,  2.02927E-03,  1.79090E-03,  1.57895E-03,
 -6.25902E-03, -6.50104E-03, -6.75240E-03, -7.01313E-03, -7.28318E-03, -7.56239E-03, -7.85045E-03, -8.14691E-03, -8.45108E-03, -8.76204E-03, -9.07851E-03, -9.39887E-03, -9.72096E-03, -1.00420E-02, -1.03587E-02, -1.06665E-02, -1.09602E-02, -1.12329E-02, -1.14766E-02, -1.16812E-02, -1.18349E-02, -1.19233E-02, -1.19299E-02, -1.18354E-02, -1.16182E-02, -1.12540E-02, -1.07170E-02, -9.97956E-03, -9.01407E-03,NA,NA,NA,NA,NA,NA,NA,NA,NA,NA,NA,NA,NA,NA,NA,NA,NA,NA,NA,NA,NA,NA,NA,NA,NA,NA,NA,NA,NA,NA,NA,NA,NA,NA,NA,NA,  1.68197E-02,  1.43833E-02,  1.23700E-02,  1.06919E-02,  9.28133E-03,  8.08619E-03,  7.06620E-03,  6.19005E-03,  5.43318E-03,  4.77615E-03,  4.20337E-03,  3.70224E-03,  3.26243E-03,  2.87544E-03,  2.53417E-03,  2.23264E-03,  1.96581E-03,  1.72938E-03,  1.51967E-03,
 -6.28103E-03, -6.52753E-03, -6.78382E-03, -7.04995E-03, -7.32591E-03, -7.61156E-03, -7.90662E-03, -8.21065E-03, -8.52299E-03, -8.84267E-03, -9.16842E-03, -9.49851E-03, -9.83069E-03, -1.01620E-02, -1.04888E-02, -1.08063E-02, -1.11084E-02, -1.13878E-02, -1.16350E-02, -1.18388E-02, -1.19852E-02, -1.20576E-02, -1.20362E-02, -1.18981E-02, -1.16168E-02, -1.11627E-02, -1.05034E-02, -9.60436E-03,NA,NA,NA,NA,NA,NA,NA,NA,NA,NA,NA,NA,NA,NA,NA,NA,NA,NA,NA,NA,NA,NA,NA,NA,NA,NA,NA,NA,NA,NA,NA,NA,NA,NA,NA,NA,NA,NA,  1.45861E-02,  1.24701E-02,  1.07224E-02,  9.26487E-03,  8.03839E-03,  6.99784E-03,  6.10863E-03,  5.34396E-03,  4.68279E-03,  4.10848E-03,  3.60763E-03,  3.16940E-03,  2.78487E-03,  2.44667E-03,  2.14862E-03,  1.88552E-03,  1.65296E-03,  1.44717E-03,
 -6.29371E-03, -6.54412E-03, -6.80472E-03, -7.07560E-03, -7.35678E-03, -7.64813E-03, -7.94941E-03, -8.26019E-03, -8.57980E-03, -8.90727E-03, -9.24128E-03, -9.58003E-03, -9.92112E-03, -1.02614E-02, -1.05969E-02, -1.09223E-02, -1.12311E-02, -1.15147E-02, -1.17627E-02, -1.19620E-02, -1.20964E-02, -1.21465E-02, -1.20889E-02, -1.18959E-02, -1.15354E-02, -1.09711E-02, -1.01622E-02,NA,NA,NA,NA,NA,NA,NA,NA,NA,NA,NA,NA,NA,NA,NA,NA,NA,NA,NA,NA,NA,NA,NA,NA,NA,NA,NA,NA,NA,NA,NA,NA,NA,NA,NA,NA,NA,NA,NA,  1.46266E-02,  1.24359E-02,  1.06409E-02,  9.15440E-03,  7.91108E-03,  6.86182E-03,  5.96930E-03,  5.20491E-03,  4.54638E-03,  3.97623E-03,  3.48051E-03,  3.04797E-03,  2.66943E-03,  2.33734E-03,  2.04540E-03,  1.78832E-03,  1.56162E-03,  1.36149E-03,
 -6.29664E-03, -6.55034E-03, -6.81459E-03, -7.08951E-03, -7.37514E-03, -7.67139E-03, -7.97803E-03, -8.29463E-03, -8.62052E-03, -8.95472E-03, -9.29585E-03, -9.64202E-03, -9.99068E-03, -1.03385E-02, -1.06810E-02, -1.10125E-02, -1.13256E-02, -1.16109E-02, -1.18565E-02, -1.20472E-02, -1.21646E-02, -1.21856E-02, -1.20827E-02, -1.18228E-02, -1.13669E-02, -1.06702E-02,NA,NA,NA,NA,NA,NA,NA,NA,NA,NA,NA,NA,NA,NA,NA,NA,NA,NA,NA,NA,NA,NA,NA,NA,NA,NA,NA,NA,NA,NA,NA,NA,NA,NA,NA,NA,NA,NA,NA,NA,  1.44924E-02,  1.22599E-02,  1.04428E-02,  8.94700E-03,  7.70244E-03,  6.65698E-03,  5.77134E-03,  5.01560E-03,  4.36667E-03,  3.80652E-03,  3.32084E-03,  2.89818E-03,  2.52922E-03,  2.20632E-03,  1.92314E-03,  1.67437E-03,  1.45552E-03,  1.26280E-03,
 -6.28946E-03, -6.54578E-03, -6.81297E-03, -7.09117E-03, -7.38044E-03, -7.68071E-03, -7.99176E-03, -8.31316E-03, -8.64425E-03, -8.98401E-03, -9.33099E-03, -9.68320E-03, -1.00379E-02, -1.03915E-02, -1.07393E-02, -1.10748E-02, -1.13898E-02, -1.16739E-02, -1.19135E-02, -1.20914E-02, -1.21861E-02, -1.21710E-02, -1.20134E-02, -1.16739E-02, -1.11057E-02,NA,NA,NA,NA,NA,NA,NA,NA,NA,NA,NA,NA,NA,NA,NA,NA,NA,NA,NA,NA,NA,NA,NA,NA,NA,NA,NA,NA,NA,NA,NA,NA,NA,NA,NA,NA,NA,NA,NA,NA,NA,  1.41794E-02,  1.19405E-02,  1.01280E-02,  8.64317E-03,  7.41322E-03,  6.38416E-03,  5.51556E-03,  4.77680E-03,  4.14437E-03,  3.59998E-03,  3.12923E-03,  2.72059E-03,  2.36475E-03,  2.05408E-03,  1.78228E-03,  1.54409E-03,  1.33507E-03,  1.15148E-03,
 -6.27187E-03, -6.53011E-03, -6.79948E-03, -7.08015E-03, -7.37218E-03, -7.67553E-03, -7.98998E-03, -8.31510E-03, -8.65021E-03, -8.99425E-03, -9.34570E-03, -9.70245E-03, -1.00616E-02, -1.04192E-02, -1.07701E-02, -1.11073E-02, -1.14216E-02, -1.17014E-02, -1.19313E-02, -1.20917E-02, -1.21580E-02, -1.20994E-02, -1.18776E-02, -1.14460E-02, -1.07483E-02,NA,NA,NA,NA,NA,NA,NA,NA,NA,NA,NA,NA,NA,NA,NA,NA,NA,NA,NA,NA,NA,NA,NA,NA,NA,NA,NA,NA,NA,NA,NA,NA,NA,NA,NA,NA,NA,NA,NA,NA,NA,  1.36937E-02,  1.14833E-02,  9.70124E-03,  8.24699E-03,  7.04681E-03,  6.04615E-03,  5.20429E-03,  4.49044E-03,  3.88110E-03,  3.35802E-03,  2.90687E-03,  2.51624E-03,  2.17693E-03,  1.88143E-03,  1.62355E-03,  1.39814E-03,  1.20087E-03,  1.02806E-03,
 -6.24361E-03, -6.50303E-03, -6.77380E-03, -7.05609E-03, -7.34997E-03, -7.65541E-03, -7.97219E-03, -8.29988E-03, -8.63776E-03, -8.98473E-03, -9.33918E-03, -9.69885E-03, -1.00606E-02, -1.04203E-02, -1.07721E-02, -1.11085E-02, -1.14194E-02, -1.16915E-02, -1.19078E-02, -1.20460E-02, -1.20782E-02, -1.19687E-02, -1.16734E-02, -1.11375E-02,NA,NA,NA,NA,NA,NA,NA,NA,NA,NA,NA,NA,NA,NA,NA,NA,NA,NA,NA,NA,NA,NA,NA,NA,NA,NA,NA,NA,NA,NA,NA,NA,NA,NA,NA,NA,NA,NA,NA,NA,NA,NA,  1.30510E-02,  1.09006E-02,  9.17203E-03,  7.76583E-03,  6.60902E-03,  5.64759E-03,  4.84123E-03,  4.15956E-03,  3.57937E-03,  3.08271E-03,  2.65553E-03,  2.28664E-03,  1.96707E-03,  1.68952E-03,  1.44797E-03,  1.23743E-03,  1.05372E-03,  8.93288E-04,
 -6.20450E-03, -6.46435E-03, -6.73569E-03, -7.01872E-03, -7.31350E-03, -7.62001E-03, -7.93801E-03, -8.26706E-03, -8.60641E-03, -8.95488E-03, -9.31077E-03, -9.67168E-03, -1.00343E-02, -1.03939E-02, -1.07444E-02, -1.10774E-02, -1.13817E-02, -1.16428E-02, -1.18415E-02, -1.19528E-02, -1.19451E-02, -1.17779E-02, -1.14002E-02, -1.07488E-02,NA,NA,NA,NA,NA,NA,NA,NA,NA,NA,NA,NA,NA,NA,NA,NA,NA,NA,NA,NA,NA,NA,NA,NA,NA,NA,NA,NA,NA,NA,NA,NA,NA,NA,NA,NA,NA,NA,NA,NA,NA,NA,  1.22755E-02,  1.02102E-02,  8.55370E-03,  7.20985E-03,  6.10769E-03,  5.19460E-03,  4.43129E-03,  3.78811E-03,  3.24243E-03,  2.77678E-03,  2.37749E-03,  2.03374E-03,  1.73686E-03,  1.47981E-03,  1.25681E-03,  1.06308E-03,  8.94617E-04,  7.48042E-04,
 -6.15441E-03, -6.41392E-03, -6.68501E-03, -6.96786E-03, -7.26258E-03, -7.56910E-03, -7.88718E-03, -8.21636E-03, -8.55583E-03, -8.90434E-03, -9.26008E-03, -9.62047E-03, -9.98188E-03, -1.03394E-02, -1.06861E-02, -1.10130E-02, -1.13079E-02, -1.15544E-02, -1.17315E-02, -1.18113E-02, -1.17583E-02, -1.15268E-02, -1.10590E-02,NA,NA,NA,NA,NA,NA,NA,NA,NA,NA,NA,NA,NA,NA,NA,NA,NA,NA,NA,NA,NA,NA,NA,NA,NA,NA,NA,NA,NA,NA,NA,NA,NA,NA,NA,NA,NA,NA,NA,NA,NA,NA,NA,  1.13969E-02,  9.43347E-03,  7.86215E-03,  6.59104E-03,  5.55203E-03,  4.69443E-03,  3.98025E-03,  3.38079E-03,  2.87414E-03,  2.44343E-03,  2.07547E-03,  1.75986E-03,  1.48828E-03,  1.25402E-03,  1.05158E-03,  8.76420E-04,  7.24746E-04,  5.93373E-04,
 -6.09330E-03, -6.35168E-03, -6.62167E-03, -6.90345E-03, -7.19711E-03, -7.50258E-03, -7.81959E-03, -8.14765E-03, -8.48587E-03, -8.83294E-03, -9.18691E-03, -9.54499E-03, -9.90329E-03, -1.02564E-02, -1.05970E-02, -1.09152E-02, -1.11974E-02, -1.14261E-02, -1.15777E-02, -1.16216E-02, -1.15182E-02, -1.12167E-02, -1.06523E-02,NA,NA,NA,NA,NA,NA,NA,NA,NA,NA,NA,NA,NA,NA,NA,NA,NA,NA,NA,NA,NA,NA,NA,NA,NA,NA,NA,NA,NA,NA,NA,NA,NA,NA,NA,NA,NA,NA,NA,NA,NA,NA,NA,  1.04468E-02,  8.59335E-03,  7.11427E-03,  5.92219E-03,  4.95198E-03,  4.15493E-03,  3.49442E-03,  2.94275E-03,  2.47879E-03,  2.08627E-03,  1.75253E-03,  1.46761E-03,  1.22361E-03,  1.01414E-03,  8.34020E-04,  6.78971E-04,  5.45447E-04,  4.30472E-04,
 -6.02119E-03, -6.27766E-03, -6.54570E-03, -6.82550E-03, -7.11712E-03, -7.42047E-03, -7.73527E-03, -8.06095E-03, -8.39658E-03, -8.74073E-03, -9.09131E-03, -9.44531E-03, -9.79855E-03, -1.01452E-02, -1.04773E-02, -1.07840E-02, -1.10508E-02, -1.12582E-02, -1.13807E-02, -1.13846E-02, -1.12266E-02, -1.08503E-02, -1.01843E-02,NA,NA,NA,NA,NA,NA,NA,NA,NA,NA,NA,NA,NA,NA,NA,NA,NA,NA,NA,NA,NA,NA,NA,NA,NA,NA,NA,NA,NA,NA,NA,NA,NA,NA,NA,NA,NA,NA,NA,NA,NA,NA,NA,  9.45465E-03,  7.71144E-03,  6.32633E-03,  5.21585E-03,  4.31743E-03,  3.58406E-03,  2.98033E-03,  2.47943E-03,  2.06094E-03,  1.70917E-03,  1.41198E-03,  1.15988E-03,  9.45331E-04,  7.62335E-04,  6.06022E-04,  4.72410E-04,  3.58203E-04,  2.60654E-04,
 -5.93815E-03, -6.19194E-03, -6.45721E-03, -6.73412E-03, -7.02273E-03, -7.32292E-03, -7.63437E-03, -7.95645E-03, -8.28816E-03, -8.62795E-03, -8.97356E-03, -9.32178E-03, -9.66807E-03, -1.00062E-02, -1.03274E-02, -1.06202E-02, -1.08687E-02, -1.10519E-02, -1.11420E-02, -1.11025E-02, -1.08860E-02, -1.04315E-02,NA,NA,NA,NA,NA,NA,NA,NA,NA,NA,NA,NA,NA,NA,NA,NA,NA,NA,NA,NA,NA,NA,NA,NA,NA,NA,NA,NA,NA,NA,NA,NA,NA,NA,NA,NA,NA,NA,NA,NA,NA,NA,NA,NA,NA,  6.80611E-03,  5.51263E-03,  4.48343E-03,  3.65766E-03,  2.98951E-03,  2.44444E-03,  1.99630E-03,  1.62527E-03,  1.31617E-03,  1.05733E-03,  8.39679E-04,  6.56096E-04,  5.00930E-04,  3.69642E-04,  2.58547E-04,  1.64618E-04,  8.53433E-05,
 -5.84435E-03, -6.09470E-03, -6.35637E-03, -6.62952E-03, -6.91418E-03, -7.21019E-03, -7.51719E-03, -7.83449E-03, -8.16100E-03, -8.49505E-03, -8.83421E-03, -9.17501E-03, -9.51258E-03, -9.84017E-03, -1.01485E-02, -1.04250E-02, -1.06528E-02, -1.08091E-02, -1.08639E-02, -1.07782E-02, -1.05007E-02, -9.96559E-03,NA,NA,NA,NA,NA,NA,NA,NA,NA,NA,NA,NA,NA,NA,NA,NA,NA,NA,NA,NA,NA,NA,NA,NA,NA,NA,NA,NA,NA,NA,NA,NA,NA,NA,NA,NA,NA,NA,NA,NA,NA,NA,NA,NA,NA,  5.89114E-03,  4.68461E-03,  3.73459E-03,  2.98094E-03,  2.37840E-03,  1.89289E-03,  1.49871E-03,  1.17645E-03,  9.11353E-04,  6.92154E-04,  5.10178E-04,  3.58684E-04,  2.32376E-04,  1.27044E-04,  3.93017E-05, -3.36065E-05, -9.39480E-05,
 -5.74001E-03, -5.98617E-03, -6.24346E-03, -6.51200E-03, -6.79180E-03, -7.08266E-03, -7.38416E-03, -7.69557E-03, -8.01568E-03, -8.34269E-03, -8.67400E-03, -9.00588E-03, -9.33311E-03, -9.64847E-03, -9.94204E-03, -1.02003E-02, -1.04052E-02, -1.05324E-02, -1.05500E-02, -1.04159E-02, -1.00758E-02, -9.45942E-03,NA,NA,NA,NA,NA,NA,NA,NA,NA,NA,NA,NA,NA,NA,NA,NA,NA,NA,NA,NA,NA,NA,NA,NA,NA,NA,NA,NA,NA,NA,NA,NA,NA,NA,NA,NA,NA,NA,NA,NA,NA,NA,NA,NA,NA,  4.97533E-03,  3.85061E-03,  2.97705E-03,  2.29432E-03,  1.75711E-03,  1.33144E-03,  9.91817E-04,  7.19082E-04,  4.98809E-04,  3.20083E-04,  1.74592E-04,  5.59524E-05, -4.07894E-05, -1.19520E-04, -1.83327E-04, -2.34693E-04, -2.75638E-04,
 -5.62539E-03, -5.86666E-03, -6.11881E-03, -6.38193E-03, -6.65600E-03, -6.94079E-03, -7.23583E-03, -7.54029E-03, -7.85288E-03, -8.17168E-03, -8.49388E-03, -8.81552E-03, -9.13101E-03, -9.43266E-03, -9.70990E-03, -9.94838E-03, -1.01288E-02, -1.02254E-02, -1.02043E-02, -1.00210E-02, -9.61806E-03, -8.92124E-03,NA,NA,NA,NA,NA,NA,NA,NA,NA,NA,NA,NA,NA,NA,NA,NA,NA,NA,NA,NA,NA,NA,NA,NA,NA,NA,NA,NA,NA,NA,NA,NA,NA,NA,NA,NA,NA,NA,NA,NA,NA,NA,NA,NA,NA,  4.06307E-03,  3.01610E-03,  2.21673E-03,  1.60372E-03,  1.13134E-03,  7.65440E-04,  4.80536E-04,  2.57641E-04,  8.25832E-05, -5.52451E-05, -1.63822E-04, -2.49193E-04, -3.15975E-04, -3.67741E-04, -4.07282E-04, -4.36809E-04, -4.58093E-04,
 -5.50084E-03, -5.73655E-03, -5.98283E-03, -6.23977E-03, -6.50730E-03, -6.78516E-03, -7.07281E-03, -7.36938E-03, -7.67345E-03, -7.98299E-03, -8.29499E-03, -8.60524E-03, -8.90784E-03, -9.19461E-03, -9.45436E-03, -9.67192E-03, -9.82691E-03, -9.89220E-03, -9.83204E-03, -9.59981E-03, -9.13520E-03, -8.36072E-03,NA,NA,NA,NA,NA,NA,NA,NA,NA,NA,NA,NA,NA,NA,NA,NA,NA,NA,NA,NA,NA,NA,NA,NA,NA,NA,NA,NA,NA,NA,NA,NA,NA,NA,NA,NA,NA,NA,NA,NA,NA,NA,NA,NA,NA,  3.15558E-03,  2.18453E-03,  1.45818E-03,  9.14204E-04,  5.06245E-04,  1.99871E-04, -3.04263E-05, -2.03514E-04, -3.33338E-04, -4.30217E-04, -5.01808E-04, -5.53825E-04, -5.90562E-04, -6.15277E-04, -6.30472E-04, -6.38087E-04, -6.39648E-04,
 -5.36674E-03, -5.59624E-03, -5.83599E-03, -6.08603E-03, -6.34627E-03, -6.61640E-03, -6.89585E-03, -7.18366E-03, -7.47833E-03, -7.77769E-03, -8.07858E-03, -8.37654E-03, -8.66534E-03, -8.93640E-03, -9.17794E-03, -9.37404E-03, -9.50331E-03, -9.53738E-03, -9.43892E-03, -9.15936E-03, -8.63603E-03, -7.78872E-03,NA,NA,NA,NA,NA,NA,NA,NA,NA,NA,NA,NA,NA,NA,NA,NA,NA,NA,NA,NA,NA,NA,NA,NA,NA,NA,NA,NA,NA,NA,NA,NA,NA,NA,NA,NA,NA,NA,NA,NA,NA,NA,NA,NA,NA,  2.25266E-03,  1.35830E-03,  7.05277E-04,  2.30334E-04, -1.13384E-04, -3.60502E-04, -5.36510E-04, -6.60119E-04, -7.45026E-04, -8.01249E-04, -8.36120E-04, -8.55021E-04, -8.61923E-04, -8.59777E-04, -8.50794E-04, -8.36649E-04, -8.18625E-04,
 -5.22353E-03, -5.44622E-03, -5.67879E-03, -5.92127E-03, -6.17353E-03, -6.43522E-03, -6.70573E-03, -6.98401E-03, -7.26852E-03, -7.55695E-03, -7.84599E-03, -8.13097E-03, -8.40539E-03, -8.66027E-03, -8.88334E-03, -9.05800E-03, -9.16204E-03, -9.16597E-03, -9.03113E-03, -8.70734E-03, -8.13006E-03, -7.21694E-03,NA,NA,NA,NA,NA,NA,NA,NA,NA,NA,NA,NA,NA,NA,NA,NA,NA,NA,NA,NA,NA,NA,NA,NA,NA,NA,NA,NA,NA,NA,NA,NA,NA,NA,NA,NA,NA,NA,NA,NA,NA,NA,NA,NA,NA,  1.35437E-03,  5.39907E-04, -3.81450E-05, -4.43394E-04, -7.22822E-04, -9.10997E-04, -1.03323E-03, -1.10797E-03, -1.14860E-03, -1.16480E-03, -1.16354E-03, -1.14988E-03, -1.12745E-03, -1.09890E-03, -1.06615E-03, -1.03062E-03, -9.93350E-04,
 -5.07166E-03, -5.28699E-03, -5.51181E-03, -5.74612E-03, -5.98976E-03, -6.24237E-03, -6.50327E-03, -6.77138E-03, -7.04508E-03, -7.32196E-03, -7.59860E-03, -7.87015E-03, -8.12987E-03, -8.36847E-03, -8.57327E-03, -8.72714E-03, -8.80715E-03, -8.78298E-03, -8.61492E-03, -8.25156E-03, -7.62697E-03, -6.65737E-03,NA,NA,NA,NA,NA,NA,NA,NA,NA,NA,NA,NA,NA,NA,NA,NA,NA,NA,NA,NA,NA,NA,NA,NA,NA,NA,NA,NA,NA,NA,NA,NA,NA,NA,NA,NA,NA,NA,NA,NA,NA,NA,NA,NA,NA,  4.62489E-04, -2.67175E-04, -7.67697E-04, -1.10220E-03, -1.31721E-03, -1.44689E-03, -1.51611E-03, -1.54291E-03, -1.54023E-03, -1.51736E-03, -1.48091E-03, -1.43554E-03, -1.38458E-03, -1.33034E-03, -1.27448E-03, -1.21816E-03, -1.16217E-03,
 -4.91165E-03, -5.11910E-03, -5.33563E-03, -5.56121E-03, -5.79567E-03, -6.03861E-03, -6.28933E-03, -6.54671E-03, -6.80907E-03, -7.07393E-03, -7.33779E-03, -7.59566E-03, -7.84063E-03, -8.06320E-03, -8.25036E-03, -8.38462E-03, -8.44255E-03, -8.39323E-03, -8.19627E-03, -7.79945E-03, -7.13606E-03, -6.12157E-03,NA,NA,NA,NA,NA,NA,NA,NA,NA,NA,NA,NA,NA,NA,NA,NA,NA,NA,NA,NA,NA,NA,NA,NA,NA,NA,NA,NA,NA,NA,NA,NA,NA,NA,NA,NA,NA,NA,NA,NA,NA,NA,NA,NA,NA, -4.18522E-04, -1.05785E-03, -1.47803E-03, -1.74074E-03, -1.89141E-03, -1.96332E-03, -1.98064E-03, -1.96076E-03, -1.91612E-03, -1.85551E-03, -1.78511E-03, -1.70922E-03, -1.63079E-03, -1.55185E-03, -1.47378E-03, -1.39746E-03, -1.32349E-03,
 -4.74401E-03, -4.94312E-03, -5.15086E-03, -5.36722E-03, -5.59198E-03, -5.82474E-03, -6.06478E-03, -6.31095E-03, -6.56153E-03, -6.81403E-03, -7.06487E-03, -7.30899E-03, -7.53940E-03, -7.74645E-03, -7.91698E-03, -8.03328E-03, -8.07168E-03, -8.00097E-03, -7.78043E-03, -7.35758E-03, -6.66550E-03, -5.61972E-03,NA,NA,NA,NA,NA,NA,NA,NA,NA,NA,NA,NA,NA,NA,NA,NA,NA,NA,NA,NA,NA,NA,NA,NA,NA,NA,NA,NA,NA,NA,NA,NA,NA,NA,NA,NA,NA,NA,NA,NA,NA,NA,NA,NA,NA, -1.28120E-03, -1.82515E-03, -2.16269E-03, -2.35306E-03, -2.43994E-03, -2.45529E-03, -2.42225E-03, -2.35741E-03, -2.27254E-03, -2.17588E-03, -2.07313E-03, -1.96819E-03, -1.86366E-03, -1.76127E-03, -1.66209E-03, -1.56679E-03, -1.47574E-03,
 -4.56931E-03, -4.75964E-03, -4.95816E-03, -5.16483E-03, -5.37944E-03, -5.60157E-03, -5.83048E-03, -6.06504E-03, -6.30351E-03, -6.54338E-03, -6.78106E-03, -7.01152E-03, -7.22771E-03, -7.41997E-03, -7.57515E-03, -7.67550E-03, -7.69736E-03, -7.60958E-03, -7.37156E-03, -6.93106E-03, -6.22166E-03, -5.15976E-03,NA,NA,NA,NA,NA,NA,NA,NA,NA,NA,NA,NA,NA,NA,NA,NA,NA,NA,NA,NA,NA,NA,NA,NA,NA,NA,NA,NA,NA,NA,NA,NA,NA,NA,NA,NA,NA,NA,NA,NA,NA,NA,NA,NA,NA, -2.11531E-03, -2.56040E-03, -2.81417E-03, -2.93259E-03, -2.95701E-03, -2.91766E-03, -2.83639E-03, -2.72880E-03, -2.60587E-03, -2.47523E-03, -2.34208E-03, -2.20988E-03, -2.08089E-03, -1.95651E-03, -1.83758E-03, -1.72451E-03, -1.61747E-03,
 -4.38812E-03, -4.56928E-03, -4.75818E-03, -4.95475E-03, -5.15880E-03, -5.36989E-03, -5.58730E-03, -5.80989E-03, -6.03595E-03, -6.26301E-03, -6.48750E-03, -6.70443E-03, -6.90686E-03, -7.08520E-03, -7.22644E-03, -7.31304E-03, -7.32162E-03, -7.22141E-03, -6.97240E-03, -6.52317E-03, -5.80849E-03, -4.74651E-03,NA,NA,NA,NA,NA,NA,NA,NA,NA,NA,NA,NA,NA,NA,NA,NA,NA,NA,NA,NA,NA,NA,NA,NA,NA,NA,NA,NA,NA,NA,NA,NA,NA,NA,NA,NA,NA,NA,NA,NA,NA,NA,NA,NA,NA, -2.90847E-03, -3.25360E-03, -3.42421E-03, -3.47239E-03, -3.43669E-03, -3.34530E-03, -3.21857E-03, -3.07097E-03, -2.91262E-03, -2.75048E-03, -2.58921E-03, -2.43185E-03, -2.28030E-03, -2.13567E-03, -1.99853E-03, -1.86908E-03, -1.74731E-03,
 -4.20103E-03, -4.37267E-03, -4.55157E-03, -4.73769E-03, -4.93080E-03, -5.13049E-03, -5.33605E-03, -5.54637E-03, -5.75979E-03, -5.97388E-03, -6.18517E-03, -6.38877E-03, -6.57791E-03, -6.74321E-03, -6.87196E-03, -6.94702E-03, -6.94556E-03, -6.83757E-03, -6.58405E-03, -6.13500E-03, -5.42708E-03, -4.38106E-03,NA,NA,NA,NA,NA,NA,NA,NA,NA,NA,NA,NA,NA,NA,NA,NA,NA,NA,NA,NA,NA,NA,NA,NA,NA,NA,NA,NA,NA,NA,NA,NA,NA,NA,NA,NA,NA,NA,NA,NA,NA,NA,NA,NA, -3.17983E-03, -3.64720E-03, -3.89412E-03, -3.98425E-03, -3.96541E-03, -3.87307E-03, -3.73319E-03, -3.56448E-03, -3.38019E-03, -3.18953E-03, -2.99875E-03, -2.81198E-03, -2.63184E-03, -2.45989E-03, -2.29694E-03, -2.14334E-03, -1.99910E-03, -1.86399E-03,
 -4.00862E-03, -4.17043E-03, -4.33903E-03, -4.51435E-03, -4.69620E-03, -4.88416E-03, -5.07757E-03, -5.27534E-03, -5.47589E-03, -5.67687E-03, -5.87494E-03, -6.06539E-03, -6.24167E-03, -6.39475E-03, -6.51234E-03, -6.57790E-03, -6.56942E-03, -6.45796E-03, -6.20600E-03, -5.76544E-03, -5.07556E-03, -4.06056E-03,NA,NA,NA,NA,NA,NA,NA,NA,NA,NA,NA,NA,NA,NA,NA,NA,NA,NA,NA,NA,NA,NA,NA,NA,NA,NA,NA,NA,NA,NA,NA,NA,NA,NA,NA,NA,NA,NA,NA,NA,NA,NA,NA,NA, -3.96798E-03, -4.31792E-03, -4.47136E-03, -4.48587E-03, -4.40483E-03, -4.26055E-03, -4.07665E-03, -3.87014E-03, -3.65303E-03, -3.43361E-03, -3.21743E-03, -3.00811E-03, -2.80784E-03, -2.61787E-03, -2.43876E-03, -2.27062E-03, -2.11329E-03, -1.96639E-03,
 -3.81152E-03, -3.96323E-03, -4.12123E-03, -4.28546E-03, -4.45574E-03, -4.63169E-03, -4.81265E-03, -4.99761E-03, -5.18507E-03, -5.37279E-03, -5.55759E-03, -5.73500E-03, -5.89875E-03, -6.04026E-03, -6.14779E-03, -6.20557E-03, -6.19263E-03, -6.08141E-03, -5.83621E-03, -5.41138E-03, -4.74934E-03, -3.77848E-03,NA,NA,NA,NA,NA,NA,NA,NA,NA,NA,NA,NA,NA,NA,NA,NA,NA,NA,NA,NA,NA,NA,NA,NA,NA,NA,NA,NA,NA,NA,NA,NA,NA,NA,NA,NA,NA,NA,NA,NA,NA,NA,NA, -4.18571E-03, -4.66710E-03, -4.90800E-03, -4.97554E-03, -4.92133E-03, -4.78446E-03, -4.59405E-03, -4.37145E-03, -4.13199E-03, -3.88646E-03, -3.64225E-03, -3.40426E-03, -3.17560E-03, -2.95809E-03, -2.75269E-03, -2.55973E-03, -2.37913E-03, -2.21057E-03, -2.05355E-03,
 -3.61035E-03, -3.75170E-03, -3.89885E-03, -4.05174E-03, -4.21019E-03, -4.37384E-03, -4.54209E-03, -4.71400E-03, -4.88813E-03, -5.06241E-03, -5.23384E-03, -5.39821E-03, -5.54963E-03, -5.67998E-03, -5.77823E-03, -5.82950E-03, -5.81403E-03, -5.70589E-03, -5.47151E-03, -5.06805E-03, -4.44160E-03, -3.52528E-03,NA,NA,NA,NA,NA,NA,NA,NA,NA,NA,NA,NA,NA,NA,NA,NA,NA,NA,NA,NA,NA,NA,NA,NA,NA,NA,NA,NA,NA,NA,NA,NA,NA,NA,NA,NA,NA,NA,NA,NA,NA,NA,NA, -4.90805E-03, -5.26307E-03, -5.40660E-03, -5.39823E-03, -5.28402E-03, -5.09898E-03, -4.86926E-03, -4.61402E-03, -4.34703E-03, -4.07792E-03, -3.81325E-03, -3.55732E-03, -3.31277E-03, -3.08112E-03, -2.86305E-03, -2.65870E-03, -2.46785E-03, -2.29003E-03, -2.12464E-03,
 -3.40573E-03, -3.53653E-03, -3.67261E-03, -3.81393E-03, -3.96030E-03, -4.11142E-03, -4.26671E-03, -4.42530E-03, -4.58587E-03, -4.74649E-03, -4.90437E-03, -5.05560E-03, -5.19467E-03, -5.31404E-03, -5.40340E-03, -5.44890E-03, -5.43211E-03, -5.32889E-03, -5.10802E-03, -4.72974E-03, -4.14413E-03, -3.28950E-03,NA,NA,NA,NA,NA,NA,NA,NA,NA,NA,NA,NA,NA,NA,NA,NA,NA,NA,NA,NA,NA,NA,NA,NA,NA,NA,NA,NA,NA,NA,NA,NA,NA,NA,NA,NA,NA,NA,NA,NA,NA,NA, -5.00068E-03, -5.49907E-03, -5.74497E-03, -5.80528E-03, -5.73285E-03, -5.56874E-03, -5.34425E-03, -5.08281E-03, -4.80160E-03, -4.51295E-03, -4.22546E-03, -3.94493E-03, -3.67514E-03, -3.41836E-03, -3.17580E-03, -2.94795E-03, -2.73479E-03, -2.53598E-03, -2.35096E-03, -2.17903E-03,
 -3.19829E-03, -3.31837E-03, -3.44321E-03, -3.57275E-03, -3.70685E-03, -3.84520E-03, -3.98730E-03, -4.13233E-03, -4.27909E-03, -4.42579E-03, -4.56988E-03, -4.70774E-03, -4.83429E-03, -4.94257E-03, -5.02307E-03, -5.06297E-03, -5.04529E-03, -4.94777E-03, -4.74166E-03, -4.39043E-03, -3.84835E-03, -3.05905E-03, -1.95421E-03,NA,NA,NA,NA,NA,NA,NA,NA,NA,NA,NA,NA,NA,NA,NA,NA,NA,NA,NA,NA,NA,NA,NA,NA,NA,NA,NA,NA,NA,NA,NA,NA,NA,NA,NA,NA,NA,NA,NA,NA,NA, -5.57098E-03, -5.94943E-03, -6.10549E-03, -6.09832E-03, -5.97493E-03, -5.77195E-03, -5.51744E-03, -5.23240E-03, -4.93229E-03, -4.62816E-03, -4.32771E-03, -4.03612E-03, -3.75672E-03, -3.49146E-03, -3.24134E-03, -3.00668E-03, -2.78737E-03, -2.58296E-03, -2.39284E-03, -2.21627E-03,
 -2.98867E-03, -3.09790E-03, -3.21135E-03, -3.32897E-03, -3.45062E-03, -3.57602E-03, -3.70470E-03, -3.83594E-03, -3.96863E-03, -4.10114E-03, -4.23112E-03, -4.35528E-03, -4.46897E-03, -4.56581E-03, -4.63709E-03, -4.67108E-03, -4.65223E-03, -4.56020E-03, -4.36874E-03, -4.04459E-03, -3.54619E-03, -2.82257E-03, -1.81219E-03,NA,NA,NA,NA,NA,NA,NA,NA,NA,NA,NA,NA,NA,NA,NA,NA,NA,NA,NA,NA,NA,NA,NA,NA,NA,NA,NA,NA,NA,NA,NA,NA,NA,NA,NA,NA,NA,NA,NA,NA, -5.42562E-03, -5.97102E-03, -6.25458E-03, -6.34098E-03, -6.28285E-03, -6.12219E-03, -5.89187E-03, -5.61711E-03, -5.31689E-03, -5.00514E-03, -4.69185E-03, -4.38400E-03, -4.08623E-03, -3.80153E-03, -3.53161E-03, -3.27731E-03, -3.03887E-03, -2.81608E-03, -2.60847E-03, -2.41539E-03, -2.23607E-03,
 -2.77752E-03, -2.87581E-03, -2.97777E-03, -3.08334E-03, -3.19240E-03, -3.30469E-03, -3.41978E-03, -3.53701E-03, -3.65538E-03, -3.77339E-03, -3.88893E-03, -3.99899E-03, -4.09935E-03, -4.18420E-03, -4.24561E-03, -4.27294E-03, -4.25203E-03, -4.16443E-03, -3.98635E-03, -3.68770E-03, -3.23103E-03, -2.57054E-03, -1.65124E-03, -4.08279E-04,NA,NA,NA,NA,NA,NA,NA,NA,NA,NA,NA,NA,NA,NA,NA,NA,NA,NA,NA,NA,NA,NA,NA,NA,NA,NA,NA,NA,NA,NA,NA,NA,NA,NA,NA,NA,NA,NA,NA, -5.75323E-03, -6.20096E-03, -6.41442E-03, -6.45129E-03, -6.35873E-03, -6.17455E-03, -5.92844E-03, -5.64326E-03, -5.33626E-03, -5.02015E-03, -4.70404E-03, -4.39431E-03, -4.09524E-03, -3.80953E-03, -3.53876E-03, -3.28368E-03, -3.04445E-03, -2.82087E-03, -2.61245E-03, -2.41853E-03, -2.23838E-03,
 -2.56548E-03, -2.65278E-03, -2.74318E-03, -2.83663E-03, -2.93301E-03, -3.03207E-03, -3.13343E-03, -3.23646E-03, -3.34027E-03, -3.44351E-03, -3.54426E-03, -3.63977E-03, -3.72625E-03, -3.79843E-03, -3.84914E-03, -3.86873E-03, -3.84443E-03, -3.75957E-03, -3.59270E-03, -3.31678E-03, -2.89822E-03, -2.29611E-03, -1.46157E-03, -3.37308E-04,NA,NA,NA,NA,NA,NA,NA,NA,NA,NA,NA,NA,NA,NA,NA,NA,NA,NA,NA,NA,NA,NA,NA,NA,NA,NA,NA,NA,NA,NA,NA,NA,NA,NA,NA,NA,NA,NA, -5.23328E-03, -5.88657E-03, -6.26574E-03, -6.43268E-03, -6.43932E-03, -6.32828E-03, -6.13390E-03, -5.88323E-03, -5.59720E-03, -5.29163E-03, -4.97824E-03, -4.66550E-03, -4.35932E-03, -4.06370E-03, -3.78120E-03, -3.51331E-03, -3.26075E-03, -3.02369E-03, -2.80194E-03, -2.59506E-03, -2.40242E-03, -2.22331E-03,
 -2.35318E-03, -2.42948E-03, -2.50831E-03, -2.58962E-03, -2.67326E-03, -2.75903E-03, -2.84655E-03, -2.93526E-03, -3.02433E-03, -3.11254E-03, -3.19815E-03, -3.27869E-03, -3.35073E-03, -3.40949E-03, -3.44853E-03, -3.45916E-03, -3.42986E-03, -3.34565E-03, -3.18728E-03, -2.93052E-03, -2.54537E-03, -1.99543E-03, -1.23740E-03, -2.20818E-04,  1.11189E-03,NA,NA,NA,NA,NA,NA,NA,NA,NA,NA,NA,NA,NA,NA,NA,NA,NA,NA,NA,NA,NA,NA,NA,NA,NA,NA,NA,NA,NA,NA,NA,NA,NA,NA,NA,NA, -4.34433E-03, -5.24855E-03, -5.83678E-03, -6.17399E-03, -6.31619E-03, -6.31054E-03, -6.19596E-03, -6.00391E-03, -5.75930E-03, -5.48146E-03, -5.18513E-03, -4.88124E-03, -4.57776E-03, -4.28030E-03, -3.99271E-03, -3.71747E-03, -3.45604E-03, -3.20920E-03, -2.97716E-03, -2.75980E-03, -2.55672E-03, -2.36739E-03, -2.19115E-03,
 -2.14127E-03, -2.20660E-03, -2.27390E-03, -2.34307E-03, -2.41400E-03, -2.48645E-03, -2.56009E-03, -2.63439E-03, -2.70859E-03, -2.78158E-03, -2.85178E-03, -2.91696E-03, -2.97401E-03, -3.01865E-03, -3.04506E-03, -3.04544E-03, -3.00944E-03, -2.92363E-03, -2.77079E-03, -2.52926E-03, -2.17232E-03, -1.66764E-03, -9.76925E-04, -5.57600E-05,  1.14623E-03,NA,NA,NA,NA,NA,NA,NA,NA,NA,NA,NA,NA,NA,NA,NA,NA,NA,NA,NA,NA,NA,NA,NA,NA,NA,NA,NA,NA,NA,NA,NA,NA,NA,NA,NA, -3.01775E-03, -4.22117E-03, -5.06571E-03, -5.61797E-03, -5.93705E-03, -6.07412E-03, -6.07246E-03, -5.96796E-03, -5.78973E-03, -5.56093E-03, -5.29968E-03, -5.01981E-03, -4.73172E-03, -4.44302E-03, -4.15916E-03, -3.88389E-03, -3.61971E-03, -3.36815E-03, -3.13006E-03, -2.90575E-03, -2.69519E-03, -2.49810E-03, -2.31402E-03, -2.14240E-03,
 -1.93036E-03, -1.98482E-03, -2.04065E-03, -2.09777E-03, -2.15603E-03, -2.21522E-03, -2.27500E-03, -2.33488E-03, -2.39415E-03, -2.45181E-03, -2.50640E-03, -2.55591E-03, -2.59753E-03, -2.62741E-03, -2.64031E-03, -2.62922E-03, -2.58490E-03, -2.49530E-03, -2.34503E-03, -2.11480E-03, -1.78081E-03, -1.31440E-03, -6.81677E-04,  1.56474E-04,  1.24424E-03,  2.63036E-03,NA,NA,NA,NA,NA,NA,NA,NA,NA,NA,NA,NA,NA,NA,NA,NA,NA,NA,NA,NA,NA,NA,NA,NA,NA,NA,NA,NA,NA,NA,NA,NA,NA, -1.18330E-03, -2.73662E-03, -3.88812E-03, -4.70427E-03, -5.24612E-03, -5.56805E-03, -5.71734E-03, -5.73413E-03, -5.65184E-03, -5.49770E-03, -5.29350E-03, -5.05638E-03, -4.79955E-03, -4.53299E-03, -4.26412E-03, -3.99830E-03, -3.73931E-03, -3.48973E-03, -3.25118E-03, -3.02465E-03, -2.81060E-03, -2.60911E-03, -2.42004E-03, -2.24306E-03, -2.07770E-03,
 -1.72107E-03, -1.76477E-03, -1.80928E-03, -1.85447E-03, -1.90019E-03, -1.94622E-03, -1.99223E-03, -2.03776E-03, -2.08214E-03, -2.12443E-03, -2.16332E-03, -2.19696E-03, -2.22283E-03, -2.23744E-03, -2.23610E-03, -2.21251E-03, -2.15839E-03, -2.06300E-03, -1.91259E-03, -1.68996E-03, -1.37399E-03, -9.39210E-04, -3.55640E-04,  4.11275E-04,  1.40045E-03,  2.65471E-03,NA,NA,NA,NA,NA,NA,NA,NA,NA,NA,NA,NA,NA,NA,NA,NA,NA,NA,NA,NA,NA,NA,NA,NA,NA,NA,NA,NA,NA,NA,NA,NA,NA, -7.22453E-04, -2.23587E-03, -3.36928E-03, -4.18444E-03, -4.73817E-03, -5.08124E-03, -5.25785E-03, -5.30567E-03, -5.25617E-03, -5.13510E-03, -4.96320E-03, -4.75687E-03, -4.52887E-03, -4.28893E-03, -4.04439E-03, -3.80061E-03, -3.56147E-03, -3.32967E-03, -3.10700E-03, -2.89461E-03, -2.69312E-03, -2.50279E-03, -2.32363E-03, -2.15542E-03, -1.99786E-03,
 -1.51399E-03, -1.54712E-03, -1.58047E-03, -1.61391E-03, -1.64727E-03, -1.68033E-03, -1.71274E-03, -1.74406E-03, -1.77366E-03, -1.80067E-03, -1.82387E-03, -1.84158E-03, -1.85151E-03, -1.85053E-03, -1.83439E-03, -1.79748E-03, -1.73237E-03, -1.62946E-03, -1.47653E-03, -1.25825E-03, -9.55841E-04, -5.46700E-04, -4.23466E-06,  7.02170E-04,  1.60698E-03,  2.74812E-03,NA,NA,NA,NA,NA,NA,NA,NA,NA,NA,NA,NA,NA,NA,NA,NA,NA,NA,NA,NA,NA,NA,NA,NA,NA,NA,NA,NA,NA,NA,NA,NA,NA,NA, -1.54287E-03, -2.68828E-03, -3.52651E-03, -4.11152E-03, -4.49148E-03, -4.70835E-03, -4.79795E-03, -4.79025E-03, -4.70991E-03, -4.57687E-03, -4.40703E-03, -4.21285E-03, -4.00394E-03, -3.78763E-03, -3.56939E-03, -3.35322E-03, -3.14202E-03, -2.93777E-03, -2.74180E-03, -2.55495E-03, -2.37766E-03, -2.21009E-03, -2.05221E-03, -1.90384E-03,
 -1.30969E-03, -1.33246E-03, -1.35488E-03, -1.37681E-03, -1.39806E-03, -1.41838E-03, -1.43743E-03, -1.45478E-03, -1.46982E-03, -1.48172E-03, -1.48937E-03, -1.49123E-03, -1.48521E-03, -1.46846E-03, -1.43720E-03, -1.38637E-03, -1.30935E-03, -1.19756E-03, -1.04011E-03, -8.23388E-04, -5.30673E-04, -1.41888E-04,  3.66607E-04,  1.02205E-03,  1.85516E-03,  2.89985E-03,NA,NA,NA,NA,NA,NA,NA,NA,NA,NA,NA,NA,NA,NA,NA,NA,NA,NA,NA,NA,NA,NA,NA,NA,NA,NA,NA,NA,NA,NA,NA,NA,NA,  8.59977E-04, -6.83865E-04, -1.86822E-03, -2.75067E-03, -3.38371E-03, -3.81398E-03, -4.08200E-03, -4.22232E-03, -4.26390E-03, -4.23060E-03, -4.14185E-03, -4.01322E-03, -3.85699E-03, -3.68278E-03, -3.49799E-03, -3.30823E-03, -3.11770E-03, -2.92951E-03, -2.74586E-03, -2.56831E-03, -2.39791E-03, -2.23530E-03, -2.08082E-03, -1.93463E-03, -1.79669E-03,
 -1.10871E-03, -1.12138E-03, -1.13316E-03, -1.14386E-03, -1.15329E-03, -1.16118E-03, -1.16719E-03, -1.17087E-03, -1.17165E-03, -1.16874E-03, -1.16110E-03, -1.14731E-03, -1.12547E-03, -1.09299E-03, -1.04648E-03, -9.81385E-04, -8.91798E-04, -7.70079E-04, -6.06522E-04, -3.89009E-04, -1.02676E-04,  2.70353E-04,  7.51156E-04,  1.36408E-03,  2.13672E-03,  3.09972E-03,NA,NA,NA,NA,NA,NA,NA,NA,NA,NA,NA,NA,NA,NA,NA,NA,NA,NA,NA,NA,NA,NA,NA,NA,NA,NA,NA,NA,NA,NA,NA,NA,NA,  1.92288E-03,  3.15094E-04, -9.32140E-04, -1.87715E-03, -2.57243E-03, -3.06416E-03, -3.39221E-03, -3.59046E-03, -3.68724E-03, -3.70600E-03, -3.66581E-03, -3.58210E-03, -3.46712E-03, -3.33054E-03, -3.17989E-03, -3.02100E-03, -2.85829E-03, -2.69509E-03, -2.53387E-03, -2.37641E-03, -2.22398E-03, -2.07745E-03, -1.93736E-03, -1.80404E-03, -1.67762E-03,
 -9.11568E-04, -9.14438E-04, -9.15880E-04, -9.15699E-04, -9.13662E-04, -9.09489E-04, -9.02829E-04, -8.93240E-04, -8.80153E-04, -8.62820E-04, -8.40257E-04, -8.11153E-04, -7.73759E-04, -7.25749E-04, -6.64034E-04, -5.84553E-04, -4.82012E-04, -3.49598E-04, -1.78667E-04,  4.15709E-05,  3.24359E-04,  6.85652E-04,  1.14432E-03,  1.72227E-03,  2.44448E-03,  3.33900E-03,NA,NA,NA,NA,NA,NA,NA,NA,NA,NA,NA,NA,NA,NA,NA,NA,NA,NA,NA,NA,NA,NA,NA,NA,NA,NA,NA,NA,NA,NA,NA,NA,NA,  3.12638E-03,  1.42700E-03,  9.63619E-05, -9.26541E-04, -1.69562E-03, -2.25765E-03, -2.65261E-03, -2.91422E-03, -3.07065E-03, -3.14512E-03, -3.15664E-03, -3.12057E-03, -3.04924E-03, -2.95246E-03, -2.83795E-03, -2.71175E-03, -2.57853E-03, -2.44188E-03, -2.30451E-03, -2.16848E-03, -2.03527E-03, -1.90597E-03, -1.78133E-03, -1.66186E-03, -1.54786E-03,
 -7.18730E-04, -7.12138E-04, -7.03606E-04, -6.92916E-04, -6.79815E-04, -6.64003E-04, -6.45118E-04, -6.22714E-04, -5.96229E-04, -5.64943E-04, -5.27925E-04, -4.83953E-04, -4.31420E-04, -3.68204E-04, -2.91515E-04, -1.97701E-04, -8.20227E-05,  6.16057E-05,  2.40895E-04,  4.65473E-04,  7.47172E-04,  1.10029E-03,  1.54181E-03,  2.09160E-03,  2.77252E-03,  3.61054E-03,NA,NA,NA,NA,NA,NA,NA,NA,NA,NA,NA,NA,NA,NA,NA,NA,NA,NA,NA,NA,NA,NA,NA,NA,NA,NA,NA,NA,NA,NA,NA,NA,NA,  4.43615E-03,  2.62275E-03,  1.19246E-03,  7.98705E-05, -7.71633E-04, -1.41033E-03, -1.87696E-03, -2.20561E-03, -2.42456E-03, -2.55711E-03, -2.62231E-03, -2.63562E-03, -2.60951E-03, -2.55395E-03, -2.47689E-03, -2.38462E-03, -2.28206E-03, -2.17307E-03, -2.06062E-03, -1.94701E-03, -1.83396E-03, -1.72278E-03, -1.61443E-03, -1.50960E-03, -1.40877E-03,
 -5.30639E-04, -5.14953E-04, -4.96840E-04, -4.76061E-04, -4.52340E-04, -4.25360E-04, -3.94746E-04, -3.60044E-04, -3.20697E-04, -2.76007E-04, -2.25085E-04, -1.66787E-04, -9.96247E-05, -2.16569E-05,  6.96490E-05,  1.77587E-04,  3.06415E-04,  4.61585E-04,  6.49997E-04,  8.80276E-04,  1.16304E-03,  1.51118E-03,  1.94010E-03,  2.46797E-03,  3.11595E-03,  3.90849E-03,  4.87364E-03,NA,NA,NA,NA,NA,NA,NA,NA,NA,NA,NA,NA,NA,NA,NA,NA,NA,NA,NA,NA,NA,NA,NA,NA,NA,NA,NA,NA,NA,NA,NA,NA,  5.81321E-03,  3.87046E-03,  2.32975E-03,  1.11993E-03,  1.80754E-04, -5.38250E-04, -1.07911E-03, -1.47661E-03, -1.75942E-03, -1.95109E-03, -2.07082E-03, -2.13426E-03, -2.15405E-03, -2.14039E-03, -2.10147E-03, -2.04380E-03, -1.97258E-03, -1.89193E-03, -1.80507E-03, -1.71453E-03, -1.62229E-03, -1.52986E-03, -1.43841E-03, -1.34881E-03, -1.26169E-03,
 -3.47692E-04, -3.23308E-04, -2.96039E-04, -2.65622E-04, -2.31764E-04, -1.94129E-04, -1.52326E-04, -1.05894E-04, -5.42781E-05,  3.20483E-06,  6.74082E-05,  1.39414E-04,  2.20608E-04,  3.12778E-04,  4.18237E-04,  5.39971E-04,  6.81826E-04,  8.48710E-04,  1.04683E-03,  1.28396E-03,  1.56970E-03,  1.91575E-03,  2.33621E-03,  2.84788E-03,  3.47061E-03,  4.22771E-03,  5.14653E-03,NA,NA,NA,NA,NA,NA,NA,NA,NA,NA,NA,NA,NA,NA,NA,NA,NA,NA,NA,NA,NA,NA,NA,NA,NA,NA,NA,NA,NA,NA,NA,NA,  7.21390E-03,  5.13554E-03,  3.48029E-03,  2.17068E-03,  1.14240E-03,  3.42408E-04, -2.72866E-04, -7.39114E-04, -1.08555E-03, -1.33603E-03, -1.51002E-03, -1.62337E-03, -1.68894E-03, -1.71714E-03, -1.71638E-03, -1.69344E-03, -1.65376E-03, -1.60169E-03, -1.54071E-03, -1.47359E-03, -1.40252E-03, -1.32922E-03, -1.25504E-03, -1.18105E-03, -1.10804E-03,
 -1.70245E-04, -1.37583E-04, -1.01607E-04, -6.20357E-05, -1.85538E-05,  2.91917E-05,  8.16052E-05,  1.39157E-04,  2.02404E-04,  2.72019E-04,  3.48827E-04,  4.33859E-04,  5.28419E-04,  6.34165E-04,  7.53227E-04,  8.88334E-04,  1.04298E-03,  1.22162E-03,  1.42989E-03,  1.67484E-03,  1.96521E-03,  2.31175E-03,  2.72749E-03,  3.22814E-03,  3.83253E-03,  4.56320E-03,  5.44712E-03,NA,NA,NA,NA,NA,NA,NA,NA,NA,NA,NA,NA,NA,NA,NA,NA,NA,NA,NA,NA,NA,NA,NA,NA,NA,NA,NA,NA,NA,NA,NA,NA,  8.59136E-03,  6.38161E-03,  4.61527E-03,  3.20888E-03,  2.09418E-03,  1.21565E-03,  5.28216E-04, -4.73806E-06, -4.12961E-04, -7.20662E-04, -9.47549E-04, -1.10967E-03, -1.22008E-03, -1.28939E-03, -1.32625E-03, -1.33763E-03, -1.32920E-03, -1.30556E-03, -1.27040E-03, -1.22671E-03, -1.17687E-03, -1.12282E-03, -1.06609E-03, -1.00790E-03, -9.49207E-04,
  1.38674E-06,  4.18870E-05,  8.60983E-05,  1.34322E-04,  1.86890E-04,  2.44172E-04,  3.06588E-04,  3.74618E-04,  4.48823E-04,  5.29869E-04,  6.18561E-04,  7.15893E-04,  8.23098E-04,  9.41734E-04,  1.07378E-03,  1.22175E-03,  1.38886E-03,  1.57918E-03,  1.79788E-03,  2.05141E-03,  2.34784E-03,  2.69710E-03,  3.11138E-03,  3.60554E-03,  4.19764E-03,  4.90964E-03,  5.76838E-03,  6.80695E-03,NA,NA,NA,NA,NA,NA,NA,NA,NA,NA,NA,NA,NA,NA,NA,NA,NA,NA,NA,NA,NA,NA,NA,NA,NA,NA,NA,NA,NA,NA,NA,  9.89829E-03,  7.57233E-03,  5.70622E-03,  4.21173E-03,  3.01750E-03,  2.06606E-03,  1.31113E-03,  7.15426E-04,  2.48768E-04, -1.13300E-04, -3.90664E-04, -5.99523E-04, -7.53084E-04, -8.62128E-04, -9.35456E-04, -9.80252E-04, -1.00238E-03, -1.00662E-03, -9.96877E-04, -9.76321E-04, -9.47540E-04, -9.12630E-04, -8.73294E-04, -8.30907E-04, -7.86575E-04,
  1.66931E-04,  2.14815E-04,  2.66775E-04,  3.23129E-04,  3.84225E-04,  4.50452E-04,  5.22240E-04,  6.00082E-04,  6.84544E-04,  7.76291E-04,  8.76116E-04,  9.84979E-04,  1.10407E-03,  1.23486E-03,  1.37920E-03,  1.53946E-03,  1.71860E-03,  1.92041E-03,  2.14965E-03,  2.41232E-03,  2.71591E-03,  3.06972E-03,  3.48527E-03,  3.97672E-03,  4.56150E-03,  5.26116E-03,  6.10242E-03,  7.11878E-03,  8.35263E-03,NA,NA,NA,NA,NA,NA,NA,NA,NA,NA,NA,NA,NA,NA,NA,NA,NA,NA,NA,NA,NA,NA,NA,NA,NA,NA,NA,NA,NA,NA,  1.10906E-02,  8.67377E-03,  6.72651E-03,  5.15794E-03,  3.89501E-03,  2.87923E-03,  2.06378E-03,  1.41105E-03,  8.90743E-04,  4.78320E-04,  1.53854E-04, -9.89034E-05, -2.93235E-04, -4.40017E-04, -5.48172E-04, -6.25024E-04, -6.76591E-04, -7.07817E-04, -7.22768E-04, -7.24785E-04, -7.16615E-04, -7.00513E-04, -6.78327E-04, -6.51575E-04, -6.21493E-04,
  3.26158E-04,  3.80960E-04,  4.40169E-04,  5.04119E-04,  5.73174E-04,  6.47736E-04,  7.28251E-04,  8.15222E-04,  9.09222E-04,  1.01092E-03,  1.12110E-03,  1.24070E-03,  1.37087E-03,  1.51303E-03,  1.66894E-03,  1.84082E-03,  2.03147E-03,  2.24443E-03,  2.48415E-03,  2.75626E-03,  3.06778E-03,  3.42752E-03,  3.84640E-03,  4.33802E-03,  4.91930E-03,  5.61132E-03,  6.44062E-03,  7.44077E-03,  8.65473E-03,NA,NA,NA,NA,NA,NA,NA,NA,NA,NA,NA,NA,NA,NA,NA,NA,NA,NA,NA,NA,NA,NA,NA,NA,NA,NA,NA,NA,NA,NA,  1.21310E-02,  9.65684E-03,  7.65302E-03,  6.02882E-03,  4.71136E-03,  3.64239E-03,  2.77534E-03,  2.07287E-03,  1.50493E-03,  1.04719E-03,  6.79845E-04,  3.86744E-04,  1.54637E-04, -2.73655E-05, -1.68235E-04, -2.75377E-04, -3.54912E-04, -4.11904E-04, -4.50547E-04, -4.74317E-04, -4.86093E-04, -4.88261E-04, -4.82801E-04, -4.71349E-04, -4.55261E-04,
  4.78877E-04,  5.40124E-04,  6.06075E-04,  6.77079E-04,  7.53514E-04,  8.35794E-04,  9.24380E-04,  1.01978E-03,  1.12259E-03,  1.23347E-03,  1.35320E-03,  1.48272E-03,  1.62315E-03,  1.77585E-03,  1.94253E-03,  2.12531E-03,  2.32683E-03,  2.55046E-03,  2.80040E-03,  3.08196E-03,  3.40181E-03,  3.76830E-03,  4.19188E-03,  4.68563E-03,  5.26592E-03,  5.95334E-03,  6.77396E-03,  7.76099E-03,  8.95708E-03,  1.04173E-02,NA,NA,NA,NA,NA,NA,NA,NA,NA,NA,NA,NA,NA,NA,NA,NA,NA,NA,NA,NA,NA,NA,NA,NA,NA,NA,NA,NA,NA,  1.29925E-02,  1.04994E-02,  8.46758E-03,  6.80930E-03,  5.45391E-03,  4.34479E-03,  3.43659E-03,  2.69291E-03,  2.08438E-03,  1.58718E-03,  1.18188E-03,  8.52587E-04,  5.86213E-04,  3.71958E-04,  2.00881E-04,  6.55660E-05, -4.01555E-05, -1.21418E-04, -1.82501E-04, -2.26978E-04, -2.57832E-04, -2.77555E-04, -2.88230E-04, -2.91599E-04, -2.89114E-04,
  6.24937E-04,  6.92151E-04,  7.64334E-04,  8.41846E-04,  9.25077E-04,  1.01445E-03,  1.11045E-03,  1.21359E-03,  1.32446E-03,  1.44374E-03,  1.57222E-03,  1.71081E-03,  1.86064E-03,  2.02302E-03,  2.19963E-03,  2.39248E-03,  2.60414E-03,  2.83779E-03,  3.09746E-03,  3.38820E-03,  3.71634E-03,  4.08988E-03,  4.51879E-03,  5.01564E-03,  5.59620E-03,  6.28041E-03,  7.09356E-03,  8.06790E-03,  9.24488E-03,  1.06778E-02,  1.24352E-02,NA,NA,NA,NA,NA,NA,NA,NA,NA,NA,NA,NA,NA,NA,NA,NA,NA,NA,NA,NA,NA,NA,NA,NA,NA,NA,NA,NA,  1.36597E-02,  1.11876E-02,  9.15791E-03,  7.48860E-03,  6.11321E-03,  4.97814E-03,  4.04025E-03,  3.26472E-03,  2.62334E-03,  2.09315E-03,  1.65536E-03,  1.29448E-03,  9.97753E-04,  7.54570E-04,  5.56113E-04,  3.95026E-04,  2.65158E-04,  1.61355E-04,  7.92957E-05,  1.53478E-05, -3.35424E-05, -6.99449E-05, -9.60235E-05, -1.13601E-04, -1.24211E-04,
  7.64224E-04,  8.36928E-04,  9.14832E-04,  9.98305E-04,  1.08775E-03,  1.18360E-03,  1.28634E-03,  1.39651E-03,  1.51470E-03,  1.64160E-03,  1.77800E-03,  1.92482E-03,  2.08316E-03,  2.25433E-03,  2.43994E-03,  2.64198E-03,  2.86291E-03,  3.10579E-03,  3.37448E-03,  3.67380E-03,  4.00982E-03,  4.39013E-03,  4.82429E-03,  5.32428E-03,  5.90521E-03,  6.58613E-03,  7.39119E-03,  8.35115E-03,  9.50527E-03,  1.09038E-02,  1.26106E-02,  1.47064E-02,NA,NA,NA,NA,NA,NA,NA,NA,NA,NA,NA,NA,NA,NA,NA,NA,NA,NA,NA,NA,NA,NA,NA,NA,NA,NA,NA,  1.41294E-02,  1.17163E-02,  9.71803E-03,  8.06057E-03,  6.68330E-03,  5.53684E-03,  4.58110E-03,  3.78348E-03,  3.11740E-03,  2.56107E-03,  2.09656E-03,  1.70903E-03,  1.38614E-03,  1.11761E-03,  8.94837E-04,  7.10599E-04,  5.58825E-04,  4.34398E-04,  3.32997E-04,  2.50972E-04,  1.85232E-04,  1.33159E-04,  9.25324E-05,  6.14704E-05,  3.83757E-05,
  8.96662E-04,  9.74380E-04,  1.05749E-03,  1.14638E-03,  1.24146E-03,  1.34316E-03,  1.45199E-03,  1.56849E-03,  1.69326E-03,  1.82699E-03,  1.97048E-03,  2.12466E-03,  2.29060E-03,  2.46962E-03,  2.66329E-03,  2.87354E-03,  3.10276E-03,  3.35392E-03,  3.63070E-03,  3.93772E-03,  4.28078E-03,  4.66710E-03,  5.10576E-03,  5.60813E-03,  6.18850E-03,  6.86483E-03,  7.65980E-03,  8.60210E-03,  9.72808E-03,  1.10837E-02,  1.27267E-02,  1.47290E-02,NA,NA,NA,NA,NA,NA,NA,NA,NA,NA,NA,NA,NA,NA,NA,NA,NA,NA,NA,NA,NA,NA,NA,NA,NA,NA,NA,  1.44093E-02,  1.20884E-02,  1.01480E-02,  8.52361E-03,  7.16169E-03,  6.01795E-03,  5.05603E-03,  4.24608E-03,  3.56351E-03,  2.98801E-03,  2.50272E-03,  2.09360E-03,  1.74890E-03,  1.45876E-03,  1.21489E-03,  1.01027E-03,  8.38979E-04,  6.95977E-04,  5.77000E-04,  4.78414E-04,  3.97126E-04,  3.30498E-04,  2.76280E-04,  2.32551E-04,  1.97670E-04,
  1.02221E-03,  1.10447E-03,  1.19229E-03,  1.28606E-03,  1.38619E-03,  1.49313E-03,  1.60739E-03,  1.72952E-03,  1.86012E-03,  1.99991E-03,  2.14966E-03,  2.31031E-03,  2.48294E-03,  2.66884E-03,  2.86955E-03,  3.08697E-03,  3.32342E-03,  3.58174E-03,  3.86549E-03,  4.17908E-03,  4.52800E-03,  4.91912E-03,  5.36099E-03,  5.86428E-03,  6.44235E-03,  7.11188E-03,  7.89378E-03,  8.81427E-03,  9.90614E-03,  1.12104E-02,  1.27776E-02,  1.46696E-02,NA,NA,NA,NA,NA,NA,NA,NA,NA,NA,NA,NA,NA,NA,NA,NA,NA,NA,NA,NA,NA,NA,NA,NA,NA,NA,  1.71220E-02,  1.45156E-02,  1.23134E-02,  1.04529E-02,  8.88018E-03,  7.54909E-03,  6.42108E-03,  5.46400E-03,  4.65106E-03,  3.95998E-03,  3.37214E-03,  2.87195E-03,  2.44632E-03,  2.08421E-03,  1.77627E-03,  1.51459E-03,  1.29244E-03,  1.10409E-03,  9.44653E-04,  8.09951E-04,  6.96408E-04,  6.00958E-04,  5.20974E-04,  4.54199E-04,  3.98695E-04,  3.52797E-04,
  1.14084E-03,  1.22718E-03,  1.31921E-03,  1.41733E-03,  1.52195E-03,  1.63353E-03,  1.75258E-03,  1.87965E-03,  2.01536E-03,  2.16040E-03,  2.31559E-03,  2.48184E-03,  2.66021E-03,  2.85200E-03,  3.05871E-03,  3.28220E-03,  3.52470E-03,  3.78897E-03,  4.07840E-03,  4.39719E-03,  4.75053E-03,  5.14488E-03,  5.58822E-03,  6.09047E-03,  6.66394E-03,  7.32388E-03,  8.08921E-03,  8.98337E-03,  1.00353E-02,  1.12805E-02,  1.27622E-02,  1.45318E-02,  1.66490E-02,NA,NA,NA,NA,NA,NA,NA,NA,NA,NA,NA,NA,NA,NA,NA,NA,NA,NA,NA,NA,NA,NA,NA,NA,NA,  1.68854E-02,  1.44704E-02,  1.24057E-02,  1.06423E-02,  9.13611E-03,  7.84897E-03,  6.74812E-03,  5.80578E-03,  4.99848E-03,  4.30637E-03,  3.71271E-03,  3.20330E-03,  2.76610E-03,  2.39088E-03,  2.06889E-03,  1.79268E-03,  1.55587E-03,  1.35297E-03,  1.17928E-03,  1.03075E-03,  9.03904E-04,  7.95734E-04,  7.03648E-04,  6.25408E-04,  5.59078E-04,  5.02986E-04,
  1.25259E-03,  1.34255E-03,  1.43831E-03,  1.54025E-03,  1.64881E-03,  1.76443E-03,  1.88763E-03,  2.01896E-03,  2.15905E-03,  2.30860E-03,  2.46839E-03,  2.63935E-03,  2.82253E-03,  3.01920E-03,  3.23084E-03,  3.45924E-03,  3.70658E-03,  3.97547E-03,  4.26917E-03,  4.59163E-03,  4.94774E-03,  5.34349E-03,  5.78628E-03,  6.28521E-03,  6.85144E-03,  7.49871E-03,  8.24382E-03,  9.10730E-03,  1.01141E-02,  1.12943E-02,  1.26836E-02,  1.43235E-02,  1.62609E-02,NA,NA,NA,NA,NA,NA,NA,NA,NA,NA,NA,NA,NA,NA,NA,NA,NA,NA,NA,NA,NA,NA,NA,NA,  1.90617E-02,  1.65119E-02,  1.42983E-02,  1.23828E-02,  1.07280E-02,  9.29970E-03,  8.06696E-03,  7.00278E-03,  6.08376E-03,  5.28972E-03,  4.60338E-03,  4.00990E-03,  3.49658E-03,  3.05251E-03,  2.66831E-03,  2.33592E-03,  2.04839E-03,  1.79972E-03,  1.58475E-03,  1.39898E-03,  1.23854E-03,  1.10007E-03,  9.80647E-04,  8.77746E-04,  7.89167E-04,  7.12996E-04,  6.47573E-04,
  1.35749E-03,  1.45063E-03,  1.54964E-03,  1.65490E-03,  1.76685E-03,  1.88594E-03,  2.01267E-03,  2.14761E-03,  2.29137E-03,  2.44465E-03,  2.60823E-03,  2.78303E-03,  2.97008E-03,  3.17063E-03,  3.38611E-03,  3.61825E-03,  3.86914E-03,  4.14130E-03,  4.43777E-03,  4.76227E-03,  5.11935E-03,  5.51453E-03,  5.95459E-03,  6.44774E-03,  7.00400E-03,  7.63550E-03,  8.35692E-03,  9.18588E-03,  1.01434E-02,  1.12544E-02,  1.25475E-02,  1.40553E-02,  1.58132E-02,  1.78574E-02,NA,NA,NA,NA,NA,NA,NA,NA,NA,NA,NA,NA,NA,NA,NA,NA,NA,NA,NA,NA,NA,NA,  2.09036E-02,  1.83214E-02,  1.60356E-02,  1.40249E-02,  1.22632E-02,  1.07239E-02,  9.38088E-03,  8.21023E-03,  7.19020E-03,  6.30154E-03,  5.52729E-03,  4.85266E-03,  4.26476E-03,  3.75237E-03,  3.30575E-03,  2.91645E-03,  2.57710E-03,  2.28131E-03,  2.02352E-03,  1.79888E-03,  1.60317E-03,  1.43270E-03,  1.28427E-03,  1.15507E-03,  1.04265E-03,  9.44874E-04,  8.59869E-04,  7.85999E-04,
  1.45563E-03,  1.55151E-03,  1.65330E-03,  1.76140E-03,  1.87621E-03,  1.99820E-03,  2.12787E-03,  2.26576E-03,  2.41250E-03,  2.56877E-03,  2.73535E-03,  2.91313E-03,  3.10313E-03,  3.30654E-03,  3.52477E-03,  3.75948E-03,  4.01266E-03,  4.28667E-03,  4.58438E-03,  4.90925E-03,  5.26546E-03,  5.65806E-03,  6.09315E-03,  6.57808E-03,  7.12169E-03,  7.73454E-03,  8.42920E-03,  9.22052E-03,  1.01259E-02,  1.11652E-02,  1.23612E-02,  1.37385E-02,  1.53228E-02,  1.71392E-02,  1.92086E-02,NA,NA,NA,NA,NA,NA,NA,NA,NA,NA,NA,NA,NA,NA,NA,NA,NA,NA,NA,NA,  2.22897E-02,  1.97887E-02,  1.75220E-02,  1.54874E-02,  1.36739E-02,  1.20654E-02,  1.06438E-02,  9.39035E-03,  8.28688E-03,  7.31647E-03,  6.46367E-03,  5.71454E-03,  5.05665E-03,  4.47899E-03,  3.97183E-03,  3.52659E-03,  3.13573E-03,  2.79262E-03,  2.49145E-03,  2.22711E-03,  1.99511E-03,  1.79150E-03,  1.61284E-03,  1.45608E-03,  1.31855E-03,  1.19790E-03,  1.09206E-03,  9.99234E-04,  9.17812E-04,
  1.54708E-03,  1.64529E-03,  1.74942E-03,  1.85987E-03,  1.97704E-03,  2.10139E-03,  2.23340E-03,  2.37363E-03,  2.52268E-03,  2.68123E-03,  2.85003E-03,  3.02995E-03,  3.22198E-03,  3.42729E-03,  3.64721E-03,  3.88332E-03,  4.13751E-03,  4.41199E-03,  4.70943E-03,  5.03300E-03,  5.38653E-03,  5.77456E-03,  6.20253E-03,  6.67692E-03,  7.20542E-03,  7.79706E-03,  8.46243E-03,  9.21381E-03,  1.00652E-02,  1.10324E-02,  1.21326E-02,  1.33840E-02,  1.48045E-02,  1.64104E-02,  1.82133E-02,  2.02173E-02,NA,NA,NA,NA,NA,NA,NA,NA,NA,NA,NA,NA,NA,NA,NA,NA,NA,NA,  2.31413E-02,  2.08297E-02,  1.86755E-02,  1.66953E-02,  1.48935E-02,  1.32668E-02,  1.18067E-02,  1.05017E-02,  9.33896E-03,  8.30540E-03,  7.38821E-03,  6.57528E-03,  5.85540E-03,  5.21835E-03,  4.65487E-03,  4.15663E-03,  3.71621E-03,  3.32697E-03,  2.98302E-03,  2.67911E-03,  2.41061E-03,  2.17342E-03,  1.96387E-03,  1.77877E-03,  1.61525E-03,  1.47079E-03,  1.34316E-03,  1.23039E-03,  1.13074E-03,  1.04266E-03,
  1.63197E-03,  1.73210E-03,  1.83815E-03,  1.95049E-03,  2.06953E-03,  2.19571E-03,  2.32952E-03,  2.47149E-03,  2.62220E-03,  2.78232E-03,  2.95260E-03,  3.13385E-03,  3.32705E-03,  3.53330E-03,  3.75387E-03,  3.99026E-03,  4.24423E-03,  4.51784E-03,  4.81354E-03,  5.13422E-03,  5.48333E-03,  5.86491E-03,  6.28377E-03,  6.74552E-03,  7.25674E-03,  7.82507E-03,  8.45926E-03,  9.16926E-03,  9.96615E-03,  1.08620E-02,  1.18697E-02,  1.30020E-02,  1.42708E-02,  1.56858E-02,  1.72520E-02,  1.89679E-02,  2.08213E-02,NA,NA,NA,NA,NA,NA,NA,NA,NA,NA,NA,NA,NA,NA,NA,NA,  2.34371E-02,  2.14008E-02,  1.94417E-02,  1.75905E-02,  1.58654E-02,  1.42753E-02,  1.28221E-02,  1.15024E-02,  1.03102E-02,  9.23715E-03,  8.27428E-03,  7.41223E-03,  6.64181E-03,  5.95420E-03,  5.34115E-03,  4.79503E-03,  4.30883E-03,  3.87619E-03,  3.49135E-03,  3.14914E-03,  2.84489E-03,  2.57443E-03,  2.33404E-03,  2.12038E-03,  1.93048E-03,  1.76169E-03,  1.61165E-03,  1.47826E-03,  1.35965E-03,  1.25414E-03,  1.16027E-03,
  1.71043E-03,  1.81210E-03,  1.91965E-03,  2.03345E-03,  2.15389E-03,  2.28140E-03,  2.41647E-03,  2.55960E-03,  2.71137E-03,  2.87241E-03,  3.04344E-03,  3.22526E-03,  3.41879E-03,  3.62507E-03,  3.84531E-03,  4.08091E-03,  4.33349E-03,  4.60496E-03,  4.89754E-03,  5.21384E-03,  5.55692E-03,  5.93035E-03,  6.33831E-03,  6.78560E-03,  7.27778E-03,  7.82117E-03,  8.42289E-03,  9.09086E-03,  9.83363E-03,  1.06603E-02,  1.15799E-02,  1.26013E-02,  1.37316E-02,  1.49759E-02,  1.63347E-02,  1.78029E-02,  1.93671E-02,  2.10037E-02,  2.26773E-02,NA,NA,NA,NA,NA,NA,NA,NA,NA,NA,NA,NA,  2.48783E-02,  2.32144E-02,  2.15060E-02,  1.98022E-02,  1.81411E-02,  1.65508E-02,  1.50500E-02,  1.36496E-02,  1.23548E-02,  1.11660E-02,  1.00808E-02,  9.09462E-03,  8.20160E-03,  7.39524E-03,  6.66875E-03,  6.01541E-03,  5.42868E-03,  4.90239E-03,  4.43073E-03,  4.00834E-03,  3.63029E-03,  3.29207E-03,  2.98960E-03,  2.71915E-03,  2.47739E-03,  2.26129E-03,  2.06813E-03,  1.89547E-03,  1.74112E-03,  1.60312E-03,  1.47971E-03,  1.36930E-03,  1.27050E-03,
  1.78261E-03,  1.88545E-03,  1.99412E-03,  2.10895E-03,  2.23035E-03,  2.35873E-03,  2.49454E-03,  2.63829E-03,  2.79053E-03,  2.95187E-03,  3.12298E-03,  3.30464E-03,  3.49771E-03,  3.70317E-03,  3.92216E-03,  4.15596E-03,  4.40606E-03,  4.67421E-03,  4.96240E-03,  5.27296E-03,  5.60859E-03,  5.97237E-03,  6.36790E-03,  6.79923E-03,  7.27098E-03,  7.78831E-03,  8.35690E-03,  8.98289E-03,  9.67274E-03,  1.04330E-02,  1.12700E-02,  1.21892E-02,  1.31947E-02,  1.42878E-02,  1.54665E-02,  1.67237E-02,  1.80457E-02,  1.94115E-02,  2.07912E-02,  2.21463E-02,  2.34308E-02,  2.45935E-02,NA,NA,NA,NA,NA,NA,  2.58627E-02,  2.49410E-02,  2.38225E-02,  2.25566E-02,  2.11924E-02,  1.97755E-02,  1.83454E-02,  1.69342E-02,  1.55669E-02,  1.42611E-02,  1.30289E-02,  1.18770E-02,  1.08085E-02,  9.82352E-03,  8.92011E-03,  8.09490E-03,  7.34361E-03,  6.66148E-03,  6.04350E-03,  5.48464E-03,  4.97999E-03,  4.52481E-03,  4.11467E-03,  3.74539E-03,  3.41310E-03,  3.11424E-03,  2.84556E-03,  2.60406E-03,  2.38703E-03,  2.19202E-03,  2.01679E-03,  1.85932E-03,  1.71780E-03,  1.59057E-03,  1.47616E-03,  1.37324E-03,
  1.84870E-03,  1.95236E-03,  2.06175E-03,  2.17724E-03,  2.29917E-03,  2.42796E-03,  2.56405E-03,  2.70791E-03,  2.86007E-03,  3.02111E-03,  3.19168E-03,  3.37250E-03,  3.56438E-03,  3.76823E-03,  3.98510E-03,  4.21618E-03,  4.46283E-03,  4.72659E-03,  5.00926E-03,  5.31288E-03,  5.63979E-03,  5.99267E-03,  6.37451E-03,  6.78873E-03,  7.23907E-03,  7.72968E-03,  8.26498E-03,  8.84965E-03,  9.48843E-03,  1.01859E-02,  1.09460E-02,  1.17721E-02,  1.26656E-02,  1.36259E-02,  1.46491E-02,  1.57273E-02,  1.68476E-02,  1.79914E-02,  1.91337E-02,  2.02438E-02,  2.12859E-02,  2.22211E-02,  2.30100E-02,  2.36162E-02,  2.40095E-02,  2.41694E-02,  2.40868E-02,  2.37656E-02,  2.32212E-02,  2.24792E-02,  2.15724E-02,  2.05373E-02,  1.94113E-02,  1.82297E-02,  1.70242E-02,  1.58217E-02,  1.46437E-02,  1.35066E-02,  1.24221E-02,  1.13982E-02,  1.04391E-02,  9.54685E-03,  8.72131E-03,  7.96095E-03,  7.26327E-03,  6.62509E-03,  6.04281E-03,  5.51269E-03,  5.03088E-03,  4.59363E-03,  4.19729E-03,  3.83838E-03,  3.51363E-03,  3.21996E-03,  2.95455E-03,  2.71476E-03,  2.49817E-03,  2.30258E-03,  2.12595E-03,  1.96646E-03,  1.82242E-03,  1.69230E-03,  1.57474E-03,  1.46848E-03,
  1.90885E-03,  2.01300E-03,  2.12279E-03,  2.23855E-03,  2.36062E-03,  2.48941E-03,  2.62532E-03,  2.76882E-03,  2.92039E-03,  3.08060E-03,  3.25004E-03,  3.42938E-03,  3.61940E-03,  3.82092E-03,  4.03491E-03,  4.26243E-03,  4.50472E-03,  4.76316E-03,  5.03932E-03,  5.33497E-03,  5.65213E-03,  5.99306E-03,  6.36026E-03,  6.75652E-03,  7.18485E-03,  7.64850E-03,  8.15085E-03,  8.69535E-03,  9.28533E-03,  9.92380E-03,  1.06132E-02,  1.13548E-02,  1.21487E-02,  1.29928E-02,  1.38822E-02,  1.48091E-02,  1.57614E-02,  1.67231E-02,  1.76736E-02,  1.85882E-02,  1.94390E-02,  2.01964E-02,  2.08308E-02,  2.13151E-02,  2.16272E-02,  2.17520E-02,  2.16826E-02,  2.14213E-02,  2.09793E-02,  2.03749E-02,  1.96321E-02,  1.87783E-02,  1.78418E-02,  1.68503E-02,  1.58291E-02,  1.48004E-02,  1.37827E-02,  1.27907E-02,  1.18356E-02,  1.09253E-02,  1.00651E-02,  9.25784E-03,  8.50480E-03,  7.80578E-03,  7.15959E-03,  6.56428E-03,  6.01745E-03,  5.51635E-03,  5.05810E-03,  4.63974E-03,  4.25835E-03,  3.91107E-03,  3.59515E-03,  3.30799E-03,  3.04713E-03,  2.81029E-03,  2.59534E-03,  2.40030E-03,  2.22336E-03,  2.06283E-03,  1.91720E-03,  1.78507E-03,  1.66515E-03,  1.55628E-03,
  1.96329E-03,  2.06762E-03,  2.17746E-03,  2.29314E-03,  2.41500E-03,  2.54339E-03,  2.67871E-03,  2.82140E-03,  2.97192E-03,  3.13078E-03,  3.29856E-03,  3.47587E-03,  3.66341E-03,  3.86195E-03,  4.07235E-03,  4.29559E-03,  4.53275E-03,  4.78505E-03,  5.05385E-03,  5.34069E-03,  5.64726E-03,  5.97545E-03,  6.32731E-03,  6.70508E-03,  7.11114E-03,  7.54797E-03,  8.01808E-03,  8.52391E-03,  9.06770E-03,  9.65126E-03,  1.02757E-02,  1.09413E-02,  1.16469E-02,  1.23895E-02,  1.31641E-02,  1.39630E-02,  1.47755E-02,  1.55877E-02,  1.63827E-02,  1.71407E-02,  1.78399E-02,  1.84575E-02,  1.89711E-02,  1.93605E-02,  1.96092E-02,  1.97058E-02,  1.96453E-02,  1.94291E-02,  1.90651E-02,  1.85669E-02,  1.79520E-02,  1.72412E-02,  1.64562E-02,  1.56186E-02,  1.47488E-02,  1.38651E-02,  1.29831E-02,  1.21158E-02,  1.12734E-02,  1.04636E-02,  9.69206E-03,  8.96223E-03,  8.27616E-03,  7.63461E-03,  7.03733E-03,  6.48336E-03,  5.97120E-03,  5.49896E-03,  5.06452E-03,  4.66563E-03,  4.29998E-03,  3.96526E-03,  3.65919E-03,  3.37959E-03,  3.12438E-03,  2.89156E-03,  2.67928E-03,  2.48579E-03,  2.30947E-03,  2.14882E-03,  2.00245E-03,  1.86908E-03,  1.74754E-03,  1.63674E-03,
  2.01220E-03,  2.11642E-03,  2.22602E-03,  2.34130E-03,  2.46259E-03,  2.59023E-03,  2.72458E-03,  2.86606E-03,  3.01509E-03,  3.17216E-03,  3.33779E-03,  3.51254E-03,  3.69706E-03,  3.89205E-03,  4.09827E-03,  4.31658E-03,  4.54795E-03,  4.79343E-03,  5.05419E-03,  5.33153E-03,  5.62686E-03,  5.94174E-03,  6.27781E-03,  6.63685E-03,  7.02068E-03,  7.43113E-03,  7.87002E-03,  8.33897E-03,  8.83936E-03,  9.37210E-03,  9.93745E-03,  1.05348E-02,  1.11622E-02,  1.18165E-02,  1.24925E-02,  1.31831E-02,  1.38788E-02,  1.45679E-02,  1.52364E-02,  1.58684E-02,  1.64467E-02,  1.69537E-02,  1.73722E-02,  1.76871E-02,  1.78859E-02,  1.79600E-02,  1.79056E-02,  1.77236E-02,  1.74198E-02,  1.70042E-02,  1.64899E-02,  1.58928E-02,  1.52296E-02,  1.45173E-02,  1.37723E-02,  1.30096E-02,  1.22424E-02,  1.14820E-02,  1.07377E-02,  1.00167E-02,  9.32434E-03,  8.66462E-03,  8.04001E-03,  7.45187E-03,  6.90067E-03,  6.38615E-03,  5.90753E-03,  5.46360E-03,  5.05288E-03,  4.67369E-03,  4.32425E-03,  4.00273E-03,  3.70728E-03,  3.43609E-03,  3.18739E-03,  2.95948E-03,  2.75075E-03,  2.55968E-03,  2.38483E-03,  2.22485E-03,  2.07850E-03,  1.94462E-03,  1.82212E-03,  1.71003E-03,
  2.05580E-03,  2.15964E-03,  2.26872E-03,  2.38331E-03,  2.50371E-03,  2.63026E-03,  2.76330E-03,  2.90320E-03,  3.05036E-03,  3.20523E-03,  3.36827E-03,  3.54002E-03,  3.72105E-03,  3.91197E-03,  4.11348E-03,  4.32634E-03,  4.55136E-03,  4.78946E-03,  5.04163E-03,  5.30896E-03,  5.59261E-03,  5.89381E-03,  6.21389E-03,  6.55419E-03,  6.91607E-03,  7.30086E-03,  7.70976E-03,  8.14380E-03,  8.60366E-03,  9.08961E-03,  9.60127E-03,  1.01375E-02,  1.06960E-02,  1.12733E-02,  1.18646E-02,  1.24634E-02,  1.30614E-02,  1.36487E-02,  1.42137E-02,  1.47436E-02,  1.52249E-02,  1.56437E-02,  1.59870E-02,  1.62430E-02,  1.64022E-02,  1.64583E-02,  1.64082E-02,  1.62527E-02,  1.59958E-02,  1.56452E-02,  1.52108E-02,  1.47047E-02,  1.41400E-02,  1.35303E-02,  1.28885E-02,  1.22272E-02,  1.15574E-02,  1.08889E-02,  1.02298E-02,  9.58678E-03,  8.96508E-03,  8.36860E-03,  7.80009E-03,  7.26131E-03,  6.75320E-03,  6.27604E-03,  5.82956E-03,  5.41310E-03,  5.02570E-03,  4.66616E-03,  4.33315E-03,  4.02524E-03,  3.74094E-03,  3.47878E-03,  3.23728E-03,  3.01501E-03,  2.81058E-03,  2.62266E-03,  2.45000E-03,  2.29140E-03,  2.14574E-03,  2.01199E-03,  1.88916E-03,  1.77635E-03,
  2.09432E-03,  2.19753E-03,  2.30582E-03,  2.41944E-03,  2.53869E-03,  2.66385E-03,  2.79525E-03,  2.93324E-03,  3.07818E-03,  3.23049E-03,  3.39058E-03,  3.55893E-03,  3.73604E-03,  3.92248E-03,  4.11885E-03,  4.32579E-03,  4.54403E-03,  4.77432E-03,  5.01750E-03,  5.27446E-03,  5.54613E-03,  5.83349E-03,  6.13754E-03,  6.45931E-03,  6.79975E-03,  7.15976E-03,  7.54009E-03,  7.94127E-03,  8.36350E-03,  8.80655E-03,  9.26962E-03,  9.75119E-03,  1.02489E-02,  1.07593E-02,  1.12778E-02,  1.17985E-02,  1.23145E-02,  1.28172E-02,  1.32971E-02,  1.37439E-02,  1.41468E-02,  1.44948E-02,  1.47779E-02,  1.49870E-02,  1.51148E-02,  1.51564E-02,  1.51096E-02,  1.49747E-02,  1.47549E-02,  1.44560E-02,  1.40856E-02,  1.36531E-02,  1.31688E-02,  1.26434E-02,  1.20875E-02,  1.15114E-02,  1.09244E-02,  1.03348E-02,  9.74981E-03,  9.17542E-03,  8.61653E-03,  8.07692E-03,  7.55943E-03,  7.06603E-03,  6.59799E-03,  6.15594E-03,  5.74003E-03,  5.35001E-03,  4.98531E-03,  4.64514E-03,  4.32854E-03,  4.03441E-03,  3.76161E-03,  3.50893E-03,  3.27516E-03,  3.05910E-03,  2.85957E-03,  2.67543E-03,  2.50558E-03,  2.34897E-03,  2.20461E-03,  2.07156E-03,  1.94895E-03,  1.83594E-03,
  2.12798E-03,  2.23033E-03,  2.33759E-03,  2.45001E-03,  2.56783E-03,  2.69133E-03,  2.82082E-03,  2.95661E-03,  3.09903E-03,  3.24845E-03,  3.40525E-03,  3.56986E-03,  3.74272E-03,  3.92433E-03,  4.11519E-03,  4.31587E-03,  4.52698E-03,  4.74914E-03,  4.98305E-03,  5.22942E-03,  5.48898E-03,  5.76248E-03,  6.05067E-03,  6.35427E-03,  6.67394E-03,  7.01022E-03,  7.36349E-03,  7.73391E-03,  8.12133E-03,  8.52517E-03,  8.94436E-03,  9.37721E-03,  9.82129E-03,  1.02733E-02,  1.07291E-02,  1.11834E-02,  1.16302E-02,  1.20623E-02,  1.24719E-02,  1.28506E-02,  1.31896E-02,  1.34805E-02,  1.37151E-02,  1.38866E-02,  1.39893E-02,  1.40193E-02,  1.39750E-02,  1.38566E-02,  1.36665E-02,  1.34092E-02,  1.30906E-02,  1.27181E-02,  1.22998E-02,  1.18443E-02,  1.13602E-02,  1.08560E-02,  1.03396E-02,  9.81793E-03,  9.29738E-03,  8.78331E-03,  8.28019E-03,  7.79161E-03,  7.32038E-03,  6.86857E-03,  6.43761E-03,  6.02839E-03,  5.64137E-03,  5.27658E-03,  4.93380E-03,  4.61254E-03,  4.31215E-03,  4.03183E-03,  3.77068E-03,  3.52777E-03,  3.30211E-03,  3.09271E-03,  2.89856E-03,  2.71870E-03,  2.55218E-03,  2.39809E-03,  2.25554E-03,  2.12370E-03,  2.00179E-03,  1.88906E-03,
  2.15700E-03,  2.25830E-03,  2.36432E-03,  2.47529E-03,  2.59146E-03,  2.71307E-03,  2.84040E-03,  2.97372E-03,  3.11336E-03,  3.25962E-03,  3.41286E-03,  3.57344E-03,  3.74177E-03,  3.91824E-03,  4.10332E-03,  4.29748E-03,  4.50121E-03,  4.71503E-03,  4.93951E-03,  5.17518E-03,  5.42263E-03,  5.68239E-03,  5.95501E-03,  6.24096E-03,  6.54064E-03,  6.85432E-03,  7.18211E-03,  7.52388E-03,  7.87921E-03,  8.24732E-03,  8.62697E-03,  9.01639E-03,  9.41319E-03,  9.81431E-03,  1.02159E-02,  1.06135E-02,  1.10018E-02,  1.13748E-02,  1.17259E-02,  1.20484E-02,  1.23352E-02,  1.25795E-02,  1.27749E-02,  1.29160E-02,  1.29985E-02,  1.30193E-02,  1.29770E-02,  1.28719E-02,  1.27060E-02,  1.24825E-02,  1.22063E-02,  1.18831E-02,  1.15194E-02,  1.11221E-02,  1.06984E-02,  1.02552E-02,  9.79906E-03,  9.33606E-03,  8.87166E-03,  8.41063E-03,  7.95701E-03,  7.51417E-03,  7.08479E-03,  6.67095E-03,  6.27418E-03,  5.89553E-03,  5.53565E-03,  5.19482E-03,  4.87305E-03,  4.57011E-03,  4.28559E-03,  4.01893E-03,  3.76947E-03,  3.53648E-03,  3.31918E-03,  3.11675E-03,  2.92836E-03,  2.75319E-03,  2.59043E-03,  2.43929E-03,  2.29899E-03,  2.16881E-03,  2.04803E-03,  1.93600E-03,
  2.18162E-03,  2.28167E-03,  2.38626E-03,  2.49560E-03,  2.60991E-03,  2.72941E-03,  2.85436E-03,  2.98501E-03,  3.12163E-03,  3.26451E-03,  3.41395E-03,  3.57027E-03,  3.73382E-03,  3.90496E-03,  4.08404E-03,  4.27148E-03,  4.46767E-03,  4.67304E-03,  4.88801E-03,  5.11301E-03,  5.34845E-03,  5.59472E-03,  5.85217E-03,  6.12109E-03,  6.40166E-03,  6.69394E-03,  6.99783E-03,  7.31300E-03,  7.63885E-03,  7.97446E-03,  8.31850E-03,  8.66922E-03,  9.02432E-03,  9.38099E-03,  9.73581E-03,  1.00848E-02,  1.04234E-02,  1.07466E-02,  1.10489E-02,  1.13248E-02,  1.15685E-02,  1.17746E-02,  1.19381E-02,  1.20546E-02,  1.21207E-02,  1.21341E-02,  1.20936E-02,  1.19995E-02,  1.18534E-02,  1.16577E-02,  1.14165E-02,  1.11341E-02,  1.08159E-02,  1.04676E-02,  1.00949E-02,  9.70357E-03,  9.29919E-03,  8.88693E-03,  8.47152E-03,  8.05716E-03,  7.64749E-03,  7.24560E-03,  6.85403E-03,  6.47479E-03,  6.10946E-03,  5.75917E-03,  5.42469E-03,  5.10649E-03,  4.80474E-03,  4.51942E-03,  4.25031E-03,  3.99706E-03,  3.75919E-03,  3.53616E-03,  3.32735E-03,  3.13211E-03,  2.94975E-03,  2.77959E-03,  2.62094E-03,  2.47311E-03,  2.33545E-03,  2.20729E-03,  2.08803E-03,  1.97706E-03,
  2.20208E-03,  2.30072E-03,  2.40370E-03,  2.51123E-03,  2.62349E-03,  2.74071E-03,  2.86309E-03,  2.99087E-03,  3.12428E-03,  3.26359E-03,  3.40905E-03,  3.56093E-03,  3.71954E-03,  3.88516E-03,  4.05811E-03,  4.23871E-03,  4.42728E-03,  4.62415E-03,  4.82965E-03,  5.04407E-03,  5.26771E-03,  5.50082E-03,  5.74359E-03,  5.99617E-03,  6.25856E-03,  6.53067E-03,  6.81224E-03,  7.10279E-03,  7.40162E-03,  7.70771E-03,  8.01973E-03,  8.33596E-03,  8.65427E-03,  8.97205E-03,  9.28629E-03,  9.59349E-03,  9.88975E-03,  1.01708E-02,  1.04322E-02,  1.06692E-02,  1.08773E-02,  1.10519E-02,  1.11892E-02,  1.12856E-02,  1.13385E-02,  1.13459E-02,  1.13071E-02,  1.12223E-02,  1.10925E-02,  1.09200E-02,  1.07078E-02,  1.04596E-02,  1.01797E-02,  9.87265E-03,  9.54325E-03,  9.19631E-03,  8.83650E-03,  8.46826E-03,  8.09568E-03,  7.72243E-03,  7.35179E-03,  6.98656E-03,  6.62911E-03,  6.28136E-03,  5.94487E-03,  5.62080E-03,  5.31001E-03,  5.01308E-03,  4.73032E-03,  4.46186E-03,  4.20763E-03,  3.96744E-03,  3.74098E-03,  3.52784E-03,  3.32757E-03,  3.13963E-03,  2.96349E-03,  2.79858E-03,  2.64430E-03,  2.50009E-03,  2.36537E-03,  2.23957E-03,  2.12214E-03,  2.01256E-03,
  2.21860E-03,  2.31567E-03,  2.41690E-03,  2.52246E-03,  2.63254E-03,  2.74730E-03,  2.86696E-03,  2.99171E-03,  3.12177E-03,  3.25735E-03,  3.39867E-03,  3.54598E-03,  3.69952E-03,  3.85953E-03,  4.02626E-03,  4.19996E-03,  4.38090E-03,  4.56930E-03,  4.76541E-03,  4.96944E-03,  5.18156E-03,  5.40191E-03,  5.63057E-03,  5.86754E-03,  6.11272E-03,  6.36590E-03,  6.62668E-03,  6.89451E-03,  7.16860E-03,  7.44792E-03,  7.73116E-03,  8.01666E-03,  8.30244E-03,  8.58617E-03,  8.86516E-03,  9.13635E-03,  9.39641E-03,  9.64172E-03,  9.86853E-03,  1.00730E-02,  1.02513E-02,  1.04000E-02,  1.05157E-02,  1.05956E-02,  1.06377E-02,  1.06404E-02,  1.06032E-02,  1.05261E-02,  1.04102E-02,  1.02571E-02,  1.00693E-02,  9.84990E-03,  9.60229E-03,  9.33029E-03,  9.03786E-03,  8.72903E-03,  8.40776E-03,  8.07781E-03,  7.74274E-03,  7.40578E-03,  7.06983E-03,  6.73742E-03,  6.41074E-03,  6.09162E-03,  5.78153E-03,  5.48166E-03,  5.19291E-03,  4.91591E-03,  4.65109E-03,  4.39868E-03,  4.15874E-03,  3.93119E-03,  3.71587E-03,  3.51249E-03,  3.32071E-03,  3.14013E-03,  2.97032E-03,  2.81081E-03,  2.66112E-03,  2.52075E-03,  2.38922E-03,  2.26603E-03,  2.15072E-03,  2.04280E-03,
  2.23140E-03,  2.32679E-03,  2.42613E-03,  2.52960E-03,  2.63734E-03,  2.74953E-03,  2.86634E-03,  2.98794E-03,  3.11451E-03,  3.24624E-03,  3.38333E-03,  3.52597E-03,  3.67435E-03,  3.82868E-03,  3.98916E-03,  4.15597E-03,  4.32931E-03,  4.50934E-03,  4.69623E-03,  4.89010E-03,  5.09104E-03,  5.29909E-03,  5.51424E-03,  5.73639E-03,  5.96534E-03,  6.20078E-03,  6.44226E-03,  6.68916E-03,  6.94065E-03,  7.19572E-03,  7.45307E-03,  7.71117E-03,  7.96819E-03,  8.22204E-03,  8.47033E-03,  8.71040E-03,  8.93939E-03,  9.15423E-03,  9.35178E-03,  9.52884E-03,  9.68231E-03,  9.80926E-03,  9.90705E-03,  9.97346E-03,  1.00067E-02,  1.00058E-02,  9.97002E-03,  9.89962E-03,  9.79538E-03,  9.65872E-03,  9.49165E-03,  9.29662E-03,  9.07651E-03,  8.83446E-03,  8.57377E-03,  8.29782E-03,  8.00997E-03,  7.71344E-03,  7.41132E-03,  7.10642E-03,  6.80133E-03,  6.49833E-03,  6.19941E-03,  5.90628E-03,  5.62035E-03,  5.34277E-03,  5.07446E-03,  4.81610E-03,  4.56816E-03,  4.33097E-03,  4.10468E-03,  3.88932E-03,  3.68480E-03,  3.49097E-03,  3.30759E-03,  3.13435E-03,  2.97091E-03,  2.81691E-03,  2.67194E-03,  2.53559E-03,  2.40745E-03,  2.28711E-03,  2.17413E-03,  2.06811E-03,
  2.24073E-03,  2.33430E-03,  2.43165E-03,  2.53291E-03,  2.63822E-03,  2.74772E-03,  2.86157E-03,  2.97992E-03,  3.10291E-03,  3.23072E-03,  3.36350E-03,  3.50140E-03,  3.64460E-03,  3.79323E-03,  3.94746E-03,  4.10743E-03,  4.27326E-03,  4.44507E-03,  4.62295E-03,  4.80695E-03,  4.99709E-03,  5.19334E-03,  5.39561E-03,  5.60372E-03,  5.81741E-03,  6.03631E-03,  6.25991E-03,  6.48755E-03,  6.71842E-03,  6.95151E-03,  7.18559E-03,  7.41925E-03,  7.65081E-03,  7.87838E-03,  8.09988E-03,  8.31297E-03,  8.51521E-03,  8.70399E-03,  8.87665E-03,  9.03053E-03,  9.16308E-03,  9.27187E-03,  9.35478E-03,  9.40999E-03,  9.43611E-03,  9.43221E-03,  9.39791E-03,  9.33332E-03,  9.23911E-03,  9.11647E-03,  8.96703E-03,  8.79284E-03,  8.59627E-03,  8.37994E-03,  8.14661E-03,  7.89915E-03,  7.64039E-03,  7.37313E-03,  7.10000E-03,  6.82350E-03,  6.54591E-03,  6.26927E-03,  5.99540E-03,  5.72586E-03,  5.46201E-03,  5.20495E-03,  4.95557E-03,  4.71458E-03,  4.48250E-03,  4.25969E-03,  4.04640E-03,  3.84271E-03,  3.64865E-03,  3.46411E-03,  3.28896E-03,  3.12298E-03,  2.96591E-03,  2.81746E-03,  2.67730E-03,  2.54511E-03,  2.42052E-03,  2.30318E-03,  2.19273E-03,  2.08881E-03,
  2.24678E-03,  2.33846E-03,  2.43372E-03,  2.53268E-03,  2.63546E-03,  2.74219E-03,  2.85300E-03,  2.96802E-03,  3.08738E-03,  3.21120E-03,  3.33963E-03,  3.47277E-03,  3.61077E-03,  3.75374E-03,  3.90177E-03,  4.05498E-03,  4.21344E-03,  4.37721E-03,  4.54633E-03,  4.72079E-03,  4.90055E-03,  5.08553E-03,  5.27556E-03,  5.47043E-03,  5.66981E-03,  5.87330E-03,  6.08035E-03,  6.29031E-03,  6.50237E-03,  6.71555E-03,  6.92872E-03,  7.14054E-03,  7.34952E-03,  7.55396E-03,  7.75201E-03,  7.94167E-03,  8.12079E-03,  8.28718E-03,  8.43859E-03,  8.57280E-03,  8.68767E-03,  8.78122E-03,  8.85169E-03,  8.89761E-03,  8.91786E-03,  8.91169E-03,  8.87880E-03,  8.81930E-03,  8.73377E-03,  8.62317E-03,  8.48888E-03,  8.33260E-03,  8.15630E-03,  7.96218E-03,  7.75257E-03,  7.52988E-03,  7.29655E-03,  7.05497E-03,  6.80744E-03,  6.55614E-03,  6.30308E-03,  6.05009E-03,  5.79883E-03,  5.55073E-03,  5.30705E-03,  5.06884E-03,  4.83697E-03,  4.61215E-03,  4.39492E-03,  4.18568E-03,  3.98471E-03,  3.79219E-03,  3.60817E-03,  3.43264E-03,  3.26553E-03,  3.10668E-03,  2.95593E-03,  2.81302E-03,  2.67773E-03,  2.54976E-03,  2.42883E-03,  2.31463E-03,  2.20686E-03,  2.10521E-03,
  2.24979E-03,  2.33949E-03,  2.43258E-03,  2.52917E-03,  2.62935E-03,  2.73324E-03,  2.84096E-03,  2.95260E-03,  3.06827E-03,  3.18809E-03,  3.31215E-03,  3.44054E-03,  3.57337E-03,  3.71072E-03,  3.85264E-03,  3.99922E-03,  4.15047E-03,  4.30642E-03,  4.46706E-03,  4.63233E-03,  4.80216E-03,  4.97639E-03,  5.15485E-03,  5.33724E-03,  5.52324E-03,  5.71240E-03,  5.90418E-03,  6.09792E-03,  6.29283E-03,  6.48798E-03,  6.68233E-03,  6.87464E-03,  7.06357E-03,  7.24760E-03,  7.42509E-03,  7.59431E-03,  7.75341E-03,  7.90051E-03,  8.03371E-03,  8.15113E-03,  8.25101E-03,  8.33169E-03,  8.39174E-03,  8.42994E-03,  8.44538E-03,  8.43746E-03,  8.40595E-03,  8.35097E-03,  8.27298E-03,  8.17282E-03,  8.05162E-03,  7.91082E-03,  7.75208E-03,  7.57723E-03,  7.38825E-03,  7.18721E-03,  6.97618E-03,  6.75722E-03,  6.53234E-03,  6.30344E-03,  6.07230E-03,  5.84057E-03,  5.60973E-03,  5.38110E-03,  5.15584E-03,  4.93495E-03,  4.71927E-03,  4.50947E-03,  4.30612E-03,  4.10965E-03,  3.92035E-03,  3.73845E-03,  3.56406E-03,  3.39722E-03,  3.23791E-03,  3.08605E-03,  2.94151E-03,  2.80412E-03,  2.67369E-03,  2.54999E-03,  2.43279E-03,  2.32184E-03,  2.21686E-03,  2.11760E-03,
  2.24996E-03,  2.33762E-03,  2.42848E-03,  2.52263E-03,  2.62016E-03,  2.72117E-03,  2.82575E-03,  2.93398E-03,  3.04596E-03,  3.16176E-03,  3.28146E-03,  3.40514E-03,  3.53285E-03,  3.66466E-03,  3.80059E-03,  3.94067E-03,  4.08491E-03,  4.23329E-03,  4.38575E-03,  4.54222E-03,  4.70255E-03,  4.86660E-03,  5.03411E-03,  5.20480E-03,  5.37831E-03,  5.55417E-03,  5.73185E-03,  5.91071E-03,  6.08999E-03,  6.26882E-03,  6.44623E-03,  6.62108E-03,  6.79217E-03,  6.95816E-03,  7.11759E-03,  7.26894E-03,  7.41064E-03,  7.54106E-03,  7.65859E-03,  7.76166E-03,  7.84877E-03,  7.91855E-03,  7.96982E-03,  8.00158E-03,  8.01308E-03,  8.00385E-03,  7.97369E-03,  7.92272E-03,  7.85136E-03,  7.76029E-03,  7.65049E-03,  7.52315E-03,  7.37968E-03,  7.22164E-03,  7.05071E-03,  6.86864E-03,  6.67723E-03,  6.47826E-03,  6.27347E-03,  6.06454E-03,  5.85303E-03,  5.64042E-03,  5.42804E-03,  5.21710E-03,  5.00868E-03,  4.80369E-03,  4.60294E-03,  4.40710E-03,  4.21671E-03,  4.03222E-03,  3.85394E-03,  3.68213E-03,  3.51694E-03,  3.35845E-03,  3.20670E-03,  3.06163E-03,  2.92319E-03,  2.79124E-03,  2.66565E-03,  2.54623E-03,  2.43280E-03,  2.32515E-03,  2.22306E-03,  2.12630E-03,
