 -1.03642E-03, -1.01531E-03, -9.90589E-04, -9.61957E-04, -9.29085E-04, -8.91630E-04, -8.49229E-04, -8.01504E-04, -7.48058E-04, -6.88482E-04, -6.22353E-04, -5.49240E-04, -4.68706E-04, -3.80310E-04, -2.83618E-04, -1.78206E-04, -6.36666E-05,  6.03782E-05,  1.94270E-04,  3.38299E-04,  4.92694E-04,  6.57604E-04,  8.33083E-04,  1.01907E-03,  1.21539E-03,  1.42168E-03,  1.63745E-03,  1.86199E-03,  2.09439E-03,  2.33352E-03,  2.57801E-03,  2.82628E-03,  3.07646E-03,  3.32650E-03,  3.57411E-03,  3.81683E-03,  4.05205E-03,  4.27708E-03,  4.48920E-03,  4.68573E-03,  4.86409E-03,  5.02194E-03,  5.15716E-03,  5.26800E-03,  5.35311E-03,  5.41159E-03,  5.44300E-03,  5.44739E-03,  5.42530E-03,  5.37769E-03,  5.30594E-03,  5.21178E-03,  5.09719E-03,  4.96438E-03,  4.81567E-03,  4.65348E-03,  4.48020E-03,  4.29816E-03,  4.10961E-03,  3.91666E-03,  3.72123E-03,  3.52507E-03,  3.32975E-03,  3.13662E-03,  2.94686E-03,  2.76145E-03,  2.58119E-03,  2.40674E-03,  2.23859E-03,  2.07713E-03,  1.92261E-03,  1.77518E-03,  1.63490E-03,  1.50179E-03,  1.37576E-03,  1.25670E-03,  1.14445E-03,  1.03881E-03,  9.39571E-04,  8.46495E-04,  7.59330E-04,  6.77818E-04,  6.01698E-04,
 -1.10401E-03, -1.08454E-03, -1.06136E-03, -1.03416E-03, -1.00257E-03, -9.66214E-04, -9.24700E-04, -8.77607E-04, -8.24493E-04, -7.64898E-04, -6.98344E-04, -6.24338E-04, -5.42376E-04, -4.51947E-04, -3.52536E-04, -2.43637E-04, -1.24753E-04,  4.58656E-06,  1.44820E-04,  2.96338E-04,  4.59467E-04,  6.34456E-04,  8.21454E-04,  1.02049E-03,  1.23145E-03,  1.45405E-03,  1.68782E-03,  1.93208E-03,  2.18589E-03,  2.44807E-03,  2.71714E-03,  2.99136E-03,  3.26867E-03,  3.54673E-03,  3.82294E-03,  4.09444E-03,  4.35820E-03,  4.61106E-03,  4.84977E-03,  5.07114E-03,  5.27210E-03,  5.44979E-03,  5.60167E-03,  5.72563E-03,  5.82003E-03,  5.88380E-03,  5.91642E-03,  5.91800E-03,  5.88922E-03,  5.83129E-03,  5.74593E-03,  5.63524E-03,  5.50168E-03,  5.34791E-03,  5.17674E-03,  4.99102E-03,  4.79359E-03,  4.58718E-03,  4.37440E-03,  4.15765E-03,  3.93911E-03,  3.72075E-03,  3.50427E-03,  3.29114E-03,  3.08263E-03,  2.87974E-03,  2.68330E-03,  2.49395E-03,  2.31218E-03,  2.13829E-03,  1.97251E-03,  1.81492E-03,  1.66552E-03,  1.52424E-03,  1.39095E-03,  1.26545E-03,  1.14752E-03,  1.03690E-03,  9.33312E-04,  8.36462E-04,  7.46044E-04,  6.61749E-04,  5.83266E-04,
 -1.17566E-03, -1.15811E-03, -1.13679E-03, -1.11133E-03, -1.08135E-03, -1.04645E-03, -1.00618E-03, -9.60080E-04, -9.07667E-04, -8.48423E-04, -7.81810E-04, -7.07269E-04, -6.24221E-04, -5.32074E-04, -4.30228E-04, -3.18078E-04, -1.95029E-04, -6.04993E-05,  8.60620E-05,  2.45164E-04,  4.17255E-04,  6.02705E-04,  8.01782E-04,  1.01463E-03,  1.24124E-03,  1.48141E-03,  1.73474E-03,  2.00059E-03,  2.27802E-03,  2.56580E-03,  2.86237E-03,  3.16581E-03,  3.47386E-03,  3.78386E-03,  4.09285E-03,  4.39753E-03,  4.69434E-03,  4.97954E-03,  5.24928E-03,  5.49973E-03,  5.72716E-03,  5.92811E-03,  6.09951E-03,  6.23877E-03,  6.34390E-03,  6.41360E-03,  6.44729E-03,  6.44512E-03,  6.40798E-03,  6.33740E-03,  6.23553E-03,  6.10499E-03,  5.94877E-03,  5.77014E-03,  5.57247E-03,  5.35919E-03,  5.13367E-03,  4.89910E-03,  4.65850E-03,  4.41460E-03,  4.16990E-03,  3.92654E-03,  3.68642E-03,  3.45111E-03,  3.22193E-03,  2.99992E-03,  2.78590E-03,  2.58048E-03,  2.38408E-03,  2.19698E-03,  2.01929E-03,  1.85104E-03,  1.69213E-03,  1.54242E-03,  1.40167E-03,  1.26962E-03,  1.14596E-03,  1.03036E-03,  9.22467E-04,  8.21919E-04,  7.28350E-04,  6.41394E-04,  5.60687E-04,
 -1.25150E-03, -1.23620E-03, -1.21706E-03, -1.19370E-03, -1.16571E-03, -1.13264E-03, -1.09401E-03, -1.04932E-03, -9.98033E-04, -9.39568E-04, -8.73326E-04, -7.98675E-04, -7.14955E-04, -6.21485E-04, -5.17567E-04, -4.02488E-04, -2.75538E-04, -1.36009E-04,  1.67827E-05,  1.83486E-04,  3.64697E-04,  5.60933E-04,  7.72613E-04,  1.00003E-03,  1.24330E-03,  1.50237E-03,  1.77692E-03,  2.06638E-03,  2.36986E-03,  2.68610E-03,  3.01346E-03,  3.34987E-03,  3.69283E-03,  4.03936E-03,  4.38607E-03,  4.72914E-03,  5.06440E-03,  5.38741E-03,  5.69357E-03,  5.97824E-03,  6.23690E-03,  6.46533E-03,  6.65974E-03,  6.81696E-03,  6.93456E-03,  7.01094E-03,  7.04544E-03,  7.03829E-03,  6.99064E-03,  6.90446E-03,  6.78245E-03,  6.62788E-03,  6.44445E-03,  6.23616E-03,  6.00712E-03,  5.76144E-03,  5.50311E-03,  5.23589E-03,  4.96326E-03,  4.68837E-03,  4.41398E-03,  4.14250E-03,  3.87596E-03,  3.61605E-03,  3.36411E-03,  3.12121E-03,  2.88812E-03,  2.66540E-03,  2.45339E-03,  2.25226E-03,  2.06205E-03,  1.88266E-03,  1.71391E-03,  1.55552E-03,  1.40718E-03,  1.26851E-03,  1.13912E-03,  1.01859E-03,  9.06481E-04,  8.02358E-04,  7.05785E-04,  6.16334E-04,  5.33582E-04,
 -1.33168E-03, -1.31896E-03, -1.30237E-03, -1.28150E-03, -1.25590E-03, -1.22509E-03, -1.18855E-03, -1.14574E-03, -1.09605E-03, -1.03886E-03, -9.73488E-04, -8.99228E-04, -8.15332E-04, -7.21022E-04, -6.15488E-04, -4.97899E-04, -3.67412E-04, -2.23176E-04, -6.43530E-05,  1.09873E-04,  3.00270E-04,  5.07540E-04,  7.32287E-04,  9.74986E-04,  1.23595E-03,  1.51527E-03,  1.81279E-03,  2.12806E-03,  2.46025E-03,  2.80814E-03,  3.17002E-03,  3.54369E-03,  3.92640E-03,  4.31484E-03,  4.70512E-03,  5.09282E-03,  5.47305E-03,  5.84052E-03,  6.18968E-03,  6.51492E-03,  6.81070E-03,  7.07181E-03,  7.29357E-03,  7.47204E-03,  7.60422E-03,  7.68815E-03,  7.72304E-03,  7.70927E-03,  7.64834E-03,  7.54278E-03,  7.39602E-03,  7.21217E-03,  6.99586E-03,  6.75200E-03,  6.48562E-03,  6.20167E-03,  5.90488E-03,  5.59969E-03,  5.29012E-03,  4.97974E-03,  4.67165E-03,  4.36849E-03,  4.07245E-03,  3.78527E-03,  3.50832E-03,  3.24263E-03,  2.98891E-03,  2.74762E-03,  2.51899E-03,  2.30306E-03,  2.09973E-03,  1.90878E-03,  1.72989E-03,  1.56266E-03,  1.40664E-03,  1.26136E-03,  1.12630E-03,  1.00094E-03,  8.84762E-04,  7.77240E-04,  6.77861E-04,  5.86127E-04,  5.01553E-04,
 -1.41629E-03, -1.40654E-03, -1.39289E-03, -1.37493E-03, -1.35216E-03, -1.32409E-03, -1.29014E-03, -1.24973E-03, -1.20219E-03, -1.14683E-03, -1.08291E-03, -1.00962E-03, -9.26139E-04, -8.31568E-04, -7.24981E-04, -6.05413E-04, -4.71871E-04, -3.23342E-04, -1.58807E-04,  2.27406E-05,  2.22279E-04,  4.40727E-04,  6.78920E-04,  9.37565E-04,  1.21721E-03,  1.51817E-03,  1.84050E-03,  2.18393E-03,  2.54777E-03,  2.93085E-03,  3.33147E-03,  3.74733E-03,  4.17544E-03,  4.61210E-03,  5.05292E-03,  5.49277E-03,  5.92589E-03,  6.34596E-03,  6.74629E-03,  7.11998E-03,  7.46022E-03,  7.76053E-03,  8.01506E-03,  8.21889E-03,  8.36825E-03,  8.46073E-03,  8.49539E-03,  8.47279E-03,  8.39492E-03,  8.26508E-03,  8.08766E-03,  7.86789E-03,  7.61156E-03,  7.32478E-03,  7.01370E-03,  6.68432E-03,  6.34229E-03,  5.99280E-03,  5.64050E-03,  5.28944E-03,  4.94305E-03,  4.60421E-03,  4.27521E-03,  3.95784E-03,  3.65345E-03,  3.36297E-03,  3.08700E-03,  2.82585E-03,  2.57960E-03,  2.34812E-03,  2.13114E-03,  1.92827E-03,  1.73902E-03,  1.56284E-03,  1.39915E-03,  1.24732E-03,  1.10672E-03,  9.76714E-04,  8.56679E-04,  7.45996E-04,  6.44067E-04,  5.50316E-04,  4.64190E-04,
 -1.50546E-03, -1.49906E-03, -1.48879E-03, -1.47419E-03, -1.45475E-03, -1.42993E-03, -1.39913E-03, -1.36169E-03, -1.31690E-03, -1.26402E-03, -1.20220E-03, -1.13057E-03, -1.04819E-03, -9.54046E-04, -8.47088E-04, -7.26199E-04, -5.90219E-04, -4.37951E-04, -2.68172E-04, -7.96472E-05,  1.28843E-04,  3.58483E-04,  6.10385E-04,  8.85548E-04,  1.18481E-03,  1.50881E-03,  1.85786E-03,  2.23196E-03,  2.63063E-03,  3.05286E-03,  3.49701E-03,  3.96072E-03,  4.44080E-03,  4.93319E-03,  5.43290E-03,  5.93401E-03,  6.42972E-03,  6.91248E-03,  7.37412E-03,  7.80618E-03,  8.20017E-03,  8.54795E-03,  8.84215E-03,  9.07653E-03,  9.24631E-03,  9.34849E-03,  9.38194E-03,  9.34751E-03,  9.24786E-03,  9.08732E-03,  8.87158E-03,  8.60734E-03,  8.30194E-03,  7.96300E-03,  7.59810E-03,  7.21453E-03,  6.81903E-03,  6.41768E-03,  6.01584E-03,  5.61805E-03,  5.22810E-03,  4.84906E-03,  4.48328E-03,  4.13254E-03,  3.79810E-03,  3.48073E-03,  3.18085E-03,  2.89857E-03,  2.63374E-03,  2.38602E-03,  2.15492E-03,  1.93985E-03,  1.74011E-03,  1.55498E-03,  1.38370E-03,  1.22548E-03,  1.07956E-03,  9.45173E-04,  8.21570E-04,  7.08034E-04,  6.03872E-04,  5.08428E-04,  4.21074E-04,
 -1.59927E-03, -1.59665E-03, -1.59021E-03, -1.57946E-03, -1.56388E-03, -1.54288E-03, -1.51582E-03, -1.48200E-03, -1.44065E-03, -1.39095E-03, -1.33199E-03, -1.26279E-03, -1.18231E-03, -1.08941E-03, -9.82897E-04, -8.61489E-04, -7.23844E-04, -5.68555E-04, -3.94166E-04, -1.99184E-04,  1.78973E-05,  2.58575E-04,  5.24298E-04,  8.16428E-04,  1.13618E-03,  1.48456E-03,  1.86229E-03,  2.26972E-03,  2.70669E-03,  3.17247E-03,  3.66557E-03,  4.18366E-03,  4.72343E-03,  5.28045E-03,  5.84912E-03,  6.42261E-03,  6.99292E-03,  7.55095E-03,  8.08674E-03,  8.58978E-03,  9.04940E-03,  9.45530E-03,  9.79803E-03,  1.00696E-02,  1.02639E-02,  1.03771E-02,  1.04079E-02,  1.03575E-02,  1.02295E-02,  1.00297E-02,  9.76560E-03,  9.44581E-03,  9.07971E-03,  8.67691E-03,  8.24679E-03,  7.79820E-03,  7.33921E-03,  6.87695E-03,  6.41751E-03,  5.96598E-03,  5.52645E-03,  5.10212E-03,  4.69534E-03,  4.30779E-03,  3.94052E-03,  3.59408E-03,  3.26863E-03,  2.96397E-03,  2.67967E-03,  2.41512E-03,  2.16955E-03,  1.94211E-03,  1.73187E-03,  1.53790E-03,  1.35922E-03,  1.19489E-03,  1.04396E-03,  9.05538E-04,  7.78740E-04,  6.62734E-04,  5.56729E-04,  4.59979E-04,  3.71779E-04,
 -1.69777E-03, -1.69938E-03, -1.69726E-03, -1.69090E-03, -1.67974E-03, -1.66318E-03, -1.64052E-03, -1.61103E-03, -1.57388E-03, -1.52816E-03, -1.47290E-03, -1.40702E-03, -1.32935E-03, -1.23864E-03, -1.13353E-03, -1.01257E-03, -8.74204E-04, -7.16799E-04, -5.38634E-04, -3.37919E-04, -1.12815E-04,  1.38544E-04,  4.18011E-04,  7.27386E-04,  1.06836E-03,  1.44242E-03,  1.85081E-03,  2.29435E-03,  2.77339E-03,  3.28758E-03,  3.83577E-03,  4.41580E-03,  5.02432E-03,  5.65661E-03,  6.30646E-03,  6.96604E-03,  7.62593E-03,  8.27516E-03,  8.90148E-03,  9.49176E-03,  1.00325E-02,  1.05103E-02,  1.09132E-02,  1.12306E-02,  1.14547E-02,  1.15804E-02,  1.16063E-02,  1.15341E-02,  1.13689E-02,  1.11184E-02,  1.07925E-02,  1.04025E-02,  9.96066E-03,  9.47901E-03,  8.96925E-03,  8.44220E-03,  7.90748E-03,  7.37337E-03,  6.84681E-03,  6.33336E-03,  5.83737E-03,  5.36205E-03,  4.90964E-03,  4.48158E-03,  4.07858E-03,  3.70086E-03,  3.34818E-03,  3.01998E-03,  2.71544E-03,  2.43359E-03,  2.17332E-03,  1.93349E-03,  1.71289E-03,  1.51031E-03,  1.32457E-03,  1.15451E-03,  9.99004E-04,  8.56995E-04,  7.27467E-04,  6.09462E-04,  5.02080E-04,  4.04480E-04,  3.15877E-04,
 -1.80101E-03, -1.80732E-03, -1.81003E-03, -1.80862E-03, -1.80250E-03, -1.79104E-03, -1.77351E-03, -1.74912E-03, -1.71699E-03, -1.67614E-03, -1.62553E-03, -1.56396E-03, -1.49016E-03, -1.40272E-03, -1.30014E-03, -1.18076E-03, -1.04282E-03, -8.84413E-04, -7.03530E-04, -4.98044E-04, -2.65730E-04, -4.29352E-06,  2.88602E-04,  6.15289E-04,  9.78034E-04,  1.37896E-03,  1.81995E-03,  2.30252E-03,  2.82767E-03,  3.39567E-03,  4.00592E-03,  4.65662E-03,  5.34459E-03,  6.06496E-03,  6.81093E-03,  7.57364E-03,  8.34200E-03,  9.10278E-03,  9.84085E-03,  1.05396E-02,  1.11818E-02,  1.17501E-02,  1.22285E-02,  1.26032E-02,  1.28638E-02,  1.30038E-02,  1.30214E-02,  1.29193E-02,  1.27044E-02,  1.23873E-02,  1.19816E-02,  1.15021E-02,  1.09646E-02,  1.03847E-02,  9.77696E-03,  9.15459E-03,  8.52903E-03,  7.90988E-03,  7.30487E-03,  6.71999E-03,  6.15968E-03,  5.62702E-03,  5.12392E-03,  4.65139E-03,  4.20968E-03,  3.79847E-03,  3.41701E-03,  3.06421E-03,  2.73880E-03,  2.43935E-03,  2.16436E-03,  1.91229E-03,  1.68162E-03,  1.47084E-03,  1.27852E-03,  1.10325E-03,  9.43724E-04,  7.98701E-04,  6.67013E-04,  5.47571E-04,  4.39360E-04,  3.41441E-04,  2.52942E-04,
 -1.90898E-03, -1.92049E-03, -1.92858E-03, -1.93272E-03, -1.93229E-03, -1.92664E-03, -1.91501E-03, -1.89656E-03, -1.87036E-03, -1.83537E-03, -1.79044E-03, -1.73430E-03, -1.66555E-03, -1.58264E-03, -1.48388E-03, -1.36742E-03, -1.23125E-03, -1.07320E-03, -8.90908E-04, -6.81881E-04, -4.43455E-04, -1.72832E-04,  1.32892E-04,  4.76688E-04,  8.61534E-04,  1.29034E-03,  1.76582E-03,  2.29040E-03,  2.86598E-03,  3.49376E-03,  4.17395E-03,  4.90547E-03,  5.68557E-03,  6.50949E-03,  7.37001E-03,  8.25720E-03,  9.15813E-03,  1.00568E-02,  1.09345E-02,  1.17700E-02,  1.25409E-02,  1.32245E-02,  1.37993E-02,  1.42469E-02,  1.45531E-02,  1.47093E-02,  1.47134E-02,  1.45694E-02,  1.42873E-02,  1.38819E-02,  1.33715E-02,  1.27761E-02,  1.21167E-02,  1.14131E-02,  1.06838E-02,  9.94482E-03,  9.20974E-03,  8.48950E-03,  7.79258E-03,  7.12520E-03,  6.49164E-03,  5.89455E-03,  5.33528E-03,  4.81416E-03,  4.33070E-03,  3.88386E-03,  3.47219E-03,  3.09395E-03,  2.74726E-03,  2.43014E-03,  2.14060E-03,  1.87666E-03,  1.63642E-03,  1.41804E-03,  1.21977E-03,  1.03999E-03,  8.77136E-04,  7.29794E-04,  5.96629E-04,  4.76412E-04,  3.68010E-04,  2.70379E-04,  1.82562E-04,
 -2.02166E-03, -2.03889E-03, -2.05293E-03, -2.06324E-03, -2.06920E-03, -2.07012E-03, -2.06522E-03, -2.05361E-03, -2.03433E-03, -2.00626E-03, -1.96817E-03, -1.91871E-03, -1.85633E-03, -1.77935E-03, -1.68589E-03, -1.57389E-03, -1.44109E-03, -1.28499E-03, -1.10289E-03, -8.91859E-04, -6.48739E-04, -3.70157E-04, -5.25423E-05,  3.07836E-04,  7.14819E-04,  1.17228E-03,  1.68403E-03,  2.25363E-03,  2.88424E-03,  3.57836E-03,  4.33744E-03,  5.16157E-03,  6.04890E-03,  6.99518E-03,  7.99312E-03,  9.03183E-03,  1.00964E-02,  1.11675E-02,  1.22218E-02,  1.32322E-02,  1.41691E-02,  1.50022E-02,  1.57022E-02,  1.62440E-02,  1.66079E-02,  1.67826E-02,  1.67652E-02,  1.65621E-02,  1.61877E-02,  1.56629E-02,  1.50132E-02,  1.42661E-02,  1.34492E-02,  1.25884E-02,  1.17068E-02,  1.08241E-02,  9.95623E-03,  9.11536E-03,  8.31049E-03,  7.54771E-03,  6.83075E-03,  6.16144E-03,  5.54015E-03,  4.96615E-03,  4.43795E-03,  3.95349E-03,  3.51041E-03,  3.10613E-03,  2.73802E-03,  2.40344E-03,  2.09979E-03,  1.82461E-03,  1.57554E-03,  1.35036E-03,  1.14700E-03,  9.63553E-04,  7.98231E-04,  6.49402E-04,  5.15565E-04,  3.95343E-04,  2.87479E-04,  1.90826E-04,  1.04337E-04,
 -2.13897E-03, -2.16246E-03, -2.18305E-03, -2.20019E-03, -2.21326E-03, -2.22155E-03, -2.22426E-03, -2.22047E-03, -2.20916E-03, -2.18917E-03, -2.15920E-03, -2.11777E-03, -2.06323E-03, -1.99376E-03, -1.90728E-03, -1.80151E-03, -1.67390E-03, -1.52164E-03, -1.34164E-03, -1.13047E-03, -8.84437E-04, -5.99500E-04, -2.71320E-04,  1.04732E-04,  5.33533E-04,  1.02015E-03,  1.56973E-03,  2.18736E-03,  2.87787E-03,  3.64552E-03,  4.49363E-03,  5.42408E-03,  6.43666E-03,  7.52830E-03,  8.69221E-03,  9.91692E-03,  1.11855E-02,  1.24749E-02,  1.37558E-02,  1.49932E-02,  1.61478E-02,  1.71781E-02,  1.80439E-02,  1.87097E-02,  1.91483E-02,  1.93437E-02,  1.92925E-02,  1.90046E-02,  1.85013E-02,  1.78129E-02,  1.69753E-02,  1.60265E-02,  1.50037E-02,  1.39408E-02,  1.28669E-02,  1.18058E-02,  1.07759E-02,  9.79055E-03,  8.85860E-03,  7.98547E-03,  7.17367E-03,  6.42360E-03,  5.73410E-03,  5.10292E-03,  4.52710E-03,  4.00329E-03,  3.52792E-03,  3.09736E-03,  2.70804E-03,  2.35652E-03,  2.03955E-03,  1.75404E-03,  1.49714E-03,  1.26621E-03,  1.05883E-03,  8.72769E-04,  7.05995E-04,  5.56660E-04,  4.23083E-04,  3.03737E-04,  1.97239E-04,  1.02336E-04,  1.78954E-05,
 -2.26081E-03, -2.29110E-03, -2.31885E-03, -2.34351E-03, -2.36445E-03, -2.38095E-03, -2.39220E-03, -2.39726E-03, -2.39507E-03, -2.38441E-03, -2.36391E-03, -2.33201E-03, -2.28694E-03, -2.22671E-03, -2.14909E-03, -2.05154E-03, -1.93122E-03, -1.78499E-03, -1.60930E-03, -1.40024E-03, -1.15346E-03, -8.64185E-04, -5.27199E-04, -1.36820E-04,  3.13064E-04,  8.28963E-04,  1.41770E-03,  2.08631E-03,  2.84178E-03,  3.69084E-03,  4.63944E-03,  5.69219E-03,  6.85155E-03,  8.11673E-03,  9.48244E-03,  1.09375E-02,  1.24631E-02,  1.40321E-02,  1.56078E-02,  1.71445E-02,NA,NA,NA,NA,NA,NA,NA,NA,NA,NA,  1.93499E-02,  1.81294E-02,  1.68342E-02,  1.55086E-02,  1.41896E-02,  1.29056E-02,  1.16771E-02,  1.05180E-02,  9.43623E-03,  8.43544E-03,  7.51599E-03,  6.67594E-03,  5.91181E-03,  5.21920E-03,  4.59318E-03,  4.02866E-03,  3.52053E-03,  3.06387E-03,  2.65399E-03,  2.28650E-03,  1.95733E-03,  1.66275E-03,  1.39934E-03,  1.16399E-03,  9.53873E-04,  7.66454E-04,  5.99428E-04,  4.50723E-04,  3.18473E-04,  2.00999E-04,  9.67937E-05,  4.49942E-06, -7.71019E-05,
 -2.38702E-03, -2.42468E-03, -2.46021E-03, -2.49308E-03, -2.52267E-03, -2.54826E-03, -2.56903E-03, -2.58403E-03, -2.59215E-03, -2.59216E-03, -2.58260E-03, -2.56185E-03, -2.52801E-03, -2.47896E-03, -2.41226E-03, -2.32515E-03, -2.21451E-03, -2.07678E-03, -1.90798E-03, -1.70362E-03, -1.45868E-03, -1.16755E-03, -8.23987E-04, -4.21108E-04,  4.86549E-05,  5.93545E-04,  1.22245E-03,  1.94483E-03,  2.77053E-03,  3.70955E-03,  4.77155E-03,  5.96516E-03,  7.29700E-03,  8.77027E-03,  1.03829E-02,  1.21253E-02,  1.39780E-02,  1.59093E-02,NA,NA,NA,NA,NA,NA,NA,NA,NA,NA,NA,NA,NA,NA,  1.90101E-02,  1.73401E-02,  1.57061E-02,  1.41416E-02,  1.26687E-02,  1.13002E-02,  1.00416E-02,  8.89334E-03,  7.85204E-03,  6.91218E-03,  6.06695E-03,  5.30891E-03,  4.63054E-03,  4.02446E-03,  3.48367E-03,  3.00164E-03,  2.57235E-03,  2.19030E-03,  1.85052E-03,  1.54850E-03,  1.28021E-03,  1.04204E-03,  8.30753E-04,  6.43453E-04,  4.77564E-04,  3.30786E-04,  2.01067E-04,  8.65800E-05, -1.43081E-05, -1.03052E-04, -1.80951E-04,
 -2.51739E-03, -2.56297E-03, -2.60692E-03, -2.64872E-03, -2.68777E-03, -2.72336E-03, -2.75466E-03, -2.78072E-03, -2.80043E-03, -2.81251E-03, -2.81546E-03, -2.80758E-03, -2.78689E-03, -2.75110E-03, -2.69761E-03, -2.62341E-03, -2.52505E-03, -2.39862E-03, -2.23963E-03, -2.04299E-03, -1.80290E-03, -1.51284E-03, -1.16543E-03, -7.52384E-04, -2.64454E-04,  3.08667E-04,  9.78370E-04,  1.75713E-03,  2.65846E-03,  3.69667E-03,  4.88650E-03,  6.24240E-03,  7.77731E-03,  9.50090E-03,  1.14170E-02,  1.35204E-02,NA,NA,NA,NA,NA,NA,NA,NA,NA,NA,NA,NA,NA,NA,NA,NA,NA,NA,  1.74535E-02,  1.55345E-02,  1.37597E-02,  1.21386E-02,  1.06716E-02,  9.35328E-03,  8.17463E-03,  7.12475E-03,  6.19208E-03,  5.36510E-03,  4.63284E-03,  3.98505E-03,  3.41238E-03,  2.90636E-03,  2.45942E-03,  2.06477E-03,  1.71641E-03,  1.40901E-03,  1.13786E-03,  8.98796E-04,  6.88145E-04,  5.02665E-04,  3.39494E-04,  1.96104E-04,  7.02599E-05, -4.00118E-05, -1.36459E-04, -2.20630E-04, -2.93895E-04,
 -2.65165E-03, -2.70572E-03, -2.75872E-03, -2.81018E-03, -2.85949E-03, -2.90599E-03, -2.94887E-03, -2.98717E-03, -3.01979E-03, -3.04542E-03, -3.06254E-03, -3.06937E-03, -3.06386E-03, -3.04359E-03, -3.00576E-03, -2.94715E-03, -2.86398E-03, -2.75194E-03, -2.60602E-03, -2.42047E-03, -2.18868E-03, -1.90308E-03, -1.55504E-03, -1.13469E-03, -6.30821E-04, -3.07203E-05,  6.79995E-04,  1.51751E-03,  2.49991E-03,  3.64717E-03,  4.98086E-03,  6.52355E-03,  8.29755E-03,  1.03227E-02,  1.26130E-02,NA,NA,NA,NA,NA,NA,NA,NA,NA,NA,NA,NA,NA,NA,NA,NA,NA,NA,NA,NA,  1.71065E-02,  1.49588E-02,  1.30331E-02,  1.13209E-02,  9.80740E-03,  8.47485E-03,  7.30466E-03,  6.27869E-03,  5.38000E-03,  4.59316E-03,  3.90438E-03,  3.30143E-03,  2.77358E-03,  2.31141E-03,  1.90672E-03,  1.55235E-03,  1.24207E-03,  9.70433E-04,  7.32720E-04,  5.24801E-04,  3.43074E-04,  1.84396E-04,  4.60159E-05, -7.44754E-05, -1.79189E-04, -2.69980E-04, -3.48476E-04, -4.16113E-04,
 -2.78948E-03, -2.85259E-03, -2.91528E-03, -2.97710E-03, -3.03751E-03, -3.09585E-03, -3.15136E-03, -3.20310E-03, -3.24998E-03, -3.29069E-03, -3.32370E-03, -3.34719E-03, -3.35901E-03, -3.35664E-03, -3.33713E-03, -3.29699E-03, -3.23216E-03, -3.13789E-03, -3.00862E-03, -2.83791E-03, -2.61825E-03, -2.34095E-03, -1.99596E-03, -1.57163E-03, -1.05455E-03, -4.29197E-04,  3.22335E-04,  1.22070E-03,  2.28965E-03,  3.55634E-03,  5.05138E-03,  6.80850E-03,  8.86340E-03,NA,NA,NA,NA,NA,NA,NA,NA,NA,NA,NA,NA,NA,NA,NA,NA,NA,NA,NA,NA,NA,NA,NA,  1.62719E-02,  1.39805E-02,  1.19814E-02,  1.02454E-02,  8.74185E-03,  7.44144E-03,  6.31718E-03,  5.34507E-03,  4.50410E-03,  3.77610E-03,  3.14545E-03,  2.59876E-03,  2.12455E-03,  1.71302E-03,  1.35575E-03,  1.04554E-03,  7.76205E-04,  5.42417E-04,  3.39595E-04,  1.63783E-04,  1.15619E-05, -1.20030E-04, -2.33563E-04, -3.31271E-04, -4.15102E-04, -4.86754E-04, -5.47712E-04,
 -2.93051E-03, -3.00319E-03, -3.07617E-03, -3.14907E-03, -3.22137E-03, -3.29249E-03, -3.36169E-03, -3.42809E-03, -3.49061E-03, -3.54798E-03, -3.59865E-03, -3.64079E-03, -3.67220E-03, -3.69026E-03, -3.69185E-03, -3.67327E-03, -3.63013E-03, -3.55725E-03, -3.44851E-03, -3.29670E-03, -3.09337E-03, -2.82858E-03, -2.49071E-03, -2.06616E-03, -1.53899E-03, -8.90507E-04, -9.87059E-05,  8.62346E-04,  2.02328E-03,  3.42019E-03,  5.09533E-03,  7.09735E-03,  9.48065E-03,NA,NA,NA,NA,NA,NA,NA,NA,NA,NA,NA,NA,NA,NA,NA,NA,NA,NA,NA,NA,NA,NA,NA,NA,  1.49729E-02,  1.26411E-02,  1.06539E-02,  8.96261E-03,  7.52315E-03,  6.29701E-03,  5.25123E-03,  4.35794E-03,  3.59376E-03,  2.93907E-03,  2.37747E-03,  1.89520E-03,  1.48069E-03,  1.12420E-03,  8.17505E-04,  5.53630E-04,  3.26663E-04,  1.31569E-04, -3.59509E-05, -1.79573E-04, -3.02452E-04, -4.07303E-04, -4.96464E-04, -5.71957E-04, -6.35533E-04, -6.88713E-04,
 -3.07429E-03, -3.15704E-03, -3.24091E-03, -3.32556E-03, -3.41055E-03, -3.49536E-03, -3.57930E-03, -3.66155E-03, -3.74111E-03, -3.81672E-03, -3.88687E-03, -3.94973E-03, -4.00305E-03, -4.04415E-03, -4.06975E-03, -4.07596E-03, -4.05805E-03, -4.01041E-03, -3.92630E-03, -3.79772E-03, -3.61517E-03, -3.36738E-03, -3.04101E-03, -2.62026E-03, -2.08640E-03, -1.41713E-03, -5.85813E-04,  4.39626E-04,  1.69794E-03,  3.23612E-03,  5.11099E-03,  7.39058E-03,NA,NA,NA,NA,NA,NA,NA,NA,NA,NA,NA,NA,NA,NA,NA,NA,NA,NA,NA,NA,NA,NA,NA,NA,NA,NA,  1.32831E-02,  1.10163E-02,  9.12194E-03,  7.53655E-03,  6.20694E-03,  5.08910E-03,  4.14696E-03,  3.35100E-03,  2.67713E-03,  2.10555E-03,  1.62001E-03,  1.20707E-03,  8.55590E-04,  5.56287E-04,  3.01412E-04,  8.44648E-05, -1.00024E-04, -2.56673E-04, -3.89394E-04, -5.01509E-04, -5.95852E-04, -6.74843E-04, -7.40557E-04, -7.94778E-04, -8.39044E-04,
 -3.22031E-03, -3.31361E-03, -3.40892E-03, -3.50596E-03, -3.60440E-03, -3.70376E-03, -3.80347E-03, -3.90278E-03, -4.00074E-03, -4.09617E-03, -4.18762E-03, -4.27327E-03, -4.35087E-03, -4.41767E-03, -4.47030E-03, -4.50462E-03, -4.51561E-03, -4.49719E-03, -4.44200E-03, -4.34116E-03, -4.18405E-03, -3.95791E-03, -3.64753E-03, -3.23468E-03, -2.69754E-03, -2.00983E-03, -1.13967E-03, -4.80422E-05,  1.31319E-03,  3.00386E-03,  5.09850E-03,NA,NA,NA,NA,NA,NA,NA,NA,NA,NA,NA,NA,NA,NA,NA,NA,NA,NA,NA,NA,NA,NA,NA,NA,NA,NA,NA,NA,  1.13123E-02,  9.20262E-03,  7.46747E-03,  6.03546E-03,  4.84943E-03,  3.86372E-03,  3.04194E-03,  2.35494E-03,  1.77930E-03,  1.29608E-03,  8.89900E-04,  5.48175E-04,  2.60574E-04,  1.85772E-05, -1.84879E-04, -3.55668E-04, -4.98698E-04, -6.18079E-04, -7.17273E-04, -7.99201E-04, -8.66337E-04, -9.20784E-04, -9.64337E-04, -9.98529E-04,
 -3.36801E-03, -3.47228E-03, -3.57952E-03, -3.68956E-03, -3.80214E-03, -3.91690E-03, -4.03335E-03, -4.15084E-03, -4.26854E-03, -4.38535E-03, -4.49990E-03, -4.61040E-03, -4.71465E-03, -4.80985E-03, -4.89253E-03, -4.95836E-03, -5.00200E-03, -5.01688E-03, -4.99496E-03, -4.92645E-03, -4.79946E-03, -4.59964E-03, -4.30966E-03, -3.90866E-03, -3.37139E-03, -2.66715E-03, -1.75831E-03, -5.98138E-04,  8.72032E-04,  2.72672E-03,NA,NA,NA,NA,NA,NA,NA,NA,NA,NA,NA,NA,NA,NA,NA,NA,NA,NA,NA,NA,NA,NA,NA,NA,NA,NA,NA,NA,NA,  1.15179E-02,  9.18598E-03,  7.30139E-03,  5.77137E-03,  4.52356E-03,  3.50158E-03,  2.66143E-03,  1.96856E-03,  1.39570E-03,  9.21137E-04,  5.27484E-04,  2.00726E-04, -7.04990E-05, -2.95454E-04, -4.81722E-04, -6.35542E-04, -7.62066E-04, -8.65568E-04, -9.49606E-04, -1.01715E-03, -1.07071E-03, -1.11238E-03, -1.14393E-03, -1.16688E-03,
 -3.51674E-03, -3.63236E-03, -3.75198E-03, -3.87555E-03, -4.00291E-03, -4.13382E-03, -4.26792E-03, -4.40468E-03, -4.54338E-03, -4.68305E-03, -4.82242E-03, -4.95980E-03, -5.09303E-03, -5.21929E-03, -5.33504E-03, -5.43576E-03, -5.51579E-03, -5.56806E-03, -5.58378E-03, -5.55214E-03, -5.45988E-03, -5.29085E-03, -5.02541E-03, -4.63971E-03, -4.10474E-03, -3.38497E-03, -2.43647E-03, -1.20413E-03,NA,NA,NA,NA,NA,NA,NA,NA,NA,NA,NA,NA,NA,NA,NA,NA,NA,NA,NA,NA,NA,NA,NA,NA,NA,NA,NA,NA,NA,NA,NA,NA,  9.05292E-03,  7.02446E-03,  5.40458E-03,  4.10413E-03,  3.05513E-03,  2.20552E-03,  1.51512E-03,  9.52688E-04,  4.93718E-04,  1.18838E-04, -1.87374E-04, -4.37269E-04, -6.40799E-04, -8.06018E-04, -9.39474E-04, -1.04652E-03, -1.13153E-03, -1.19814E-03, -1.24932E-03, -1.28756E-03, -1.31492E-03, -1.33315E-03, -1.34370E-03,
 -3.66583E-03, -3.79308E-03, -3.92546E-03, -4.06301E-03, -4.20571E-03, -4.35345E-03, -4.50600E-03, -4.66300E-03, -4.82387E-03, -4.98780E-03, -5.15364E-03, -5.31982E-03, -5.48426E-03, -5.64417E-03, -5.79593E-03, -5.93486E-03, -6.05496E-03, -6.14860E-03, -6.20621E-03, -6.21583E-03, -6.16268E-03, -6.02855E-03, -5.79119E-03, -5.42343E-03, -4.89206E-03, -4.15621E-03, -3.16509E-03,NA,NA,NA,NA,NA,NA,NA,NA,NA,NA,NA,NA,NA,NA,NA,NA,NA,NA,NA,NA,NA,NA,NA,NA,NA,NA,NA,NA,NA,NA,NA,NA,NA,  8.78557E-03,  6.62477E-03,  4.92714E-03,  3.58581E-03,  2.52080E-03,  1.67183E-03,  9.93072E-04,  4.49328E-04,  1.33390E-05, -3.36194E-04, -6.16035E-04, -8.39464E-04, -1.01706E-03, -1.15727E-03, -1.26691E-03, -1.35145E-03, -1.41536E-03, -1.46225E-03, -1.49507E-03, -1.51627E-03, -1.52784E-03, -1.53144E-03, -1.52845E-03,
 -3.81451E-03, -3.95363E-03, -4.09905E-03, -4.25095E-03, -4.40944E-03, -4.57456E-03, -4.74627E-03, -4.92436E-03, -5.10844E-03, -5.29788E-03, -5.49169E-03, -5.68846E-03, -5.88620E-03, -6.08220E-03, -6.27278E-03, -6.45308E-03, -6.61676E-03, -6.75561E-03, -6.85915E-03, -6.91416E-03, -6.90407E-03, -6.80840E-03, -6.60188E-03, -6.25354E-03, -5.72540E-03, -4.97065E-03,NA,NA,NA,NA,NA,NA,NA,NA,NA,NA,NA,NA,NA,NA,NA,NA,NA,NA,NA,NA,NA,NA,NA,NA,NA,NA,NA,NA,NA,NA,NA,NA,NA,NA,NA,  6.09397E-03,  4.33426E-03,  2.96597E-03,  1.89729E-03,  1.05990E-03,  4.02476E-04, -1.13980E-04, -5.19371E-04, -8.36830E-04, -1.08438E-03, -1.27614E-03, -1.42325E-03, -1.53449E-03, -1.61686E-03, -1.67592E-03, -1.71613E-03, -1.74105E-03, -1.75359E-03, -1.75606E-03, -1.75038E-03, -1.73810E-03, -1.72049E-03,
 -3.96199E-03, -4.11311E-03, -4.27175E-03, -4.43825E-03, -4.61286E-03, -4.79581E-03, -4.98723E-03, -5.18712E-03, -5.39528E-03, -5.61130E-03, -5.83440E-03, -6.06335E-03, -6.29630E-03, -6.53061E-03, -6.76259E-03, -6.98722E-03, -7.19776E-03, -7.38538E-03, -7.53858E-03, -7.64269E-03, -7.67915E-03, -7.62477E-03, -7.45083E-03, -7.12193E-03, -6.59459E-03, -5.81516E-03,NA,NA,NA,NA,NA,NA,NA,NA,NA,NA,NA,NA,NA,NA,NA,NA,NA,NA,NA,NA,NA,NA,NA,NA,NA,NA,NA,NA,NA,NA,NA,NA,NA,NA,NA,  5.42894E-03,  3.62544E-03,  2.24544E-03,  1.18605E-03,  3.71462E-04, -2.54825E-04, -7.35375E-04, -1.10258E-03, -1.38128E-03, -1.59068E-03, -1.74565E-03, -1.85780E-03, -1.93619E-03, -1.98793E-03, -2.01860E-03, -2.03260E-03, -2.03340E-03, -2.02379E-03, -2.00594E-03, -1.98164E-03, -1.95229E-03, -1.91904E-03,
 -4.10743E-03, -4.27057E-03, -4.44252E-03, -4.62374E-03, -4.81467E-03, -5.01573E-03, -5.22725E-03, -5.44944E-03, -5.68236E-03, -5.92583E-03, -6.17930E-03, -6.44176E-03, -6.71155E-03, -6.98613E-03, -7.26181E-03, -7.53340E-03, -7.79376E-03, -8.03334E-03, -8.23954E-03, -8.39600E-03, -8.48187E-03, -8.47082E-03, -8.33007E-03, -8.01900E-03, -7.48763E-03,NA,NA,NA,NA,NA,NA,NA,NA,NA,NA,NA,NA,NA,NA,NA,NA,NA,NA,NA,NA,NA,NA,NA,NA,NA,NA,NA,NA,NA,NA,NA,NA,NA,NA,NA,NA,NA,  2.80523E-03,  1.42887E-03,  3.91512E-04, -3.89416E-04, -9.75121E-04, -1.41148E-03, -1.73320E-03, -1.96674E-03, -2.13235E-03, -2.24561E-03, -2.31852E-03, -2.36036E-03, -2.37826E-03, -2.37778E-03, -2.36321E-03, -2.33787E-03, -2.30437E-03, -2.26472E-03, -2.22053E-03, -2.17303E-03, -2.12320E-03,
 -4.24994E-03, -4.42503E-03, -4.61023E-03, -4.80616E-03, -5.01346E-03, -5.23273E-03, -5.46453E-03, -5.70934E-03, -5.96745E-03, -6.23897E-03, -6.52361E-03, -6.82062E-03, -7.12855E-03, -7.44500E-03, -7.76630E-03, -8.08707E-03, -8.39979E-03, -8.69410E-03, -8.95612E-03, -9.16764E-03, -9.30513E-03, -9.33863E-03, -9.23054E-03, -8.93407E-03,NA,NA,NA,NA,NA,NA,NA,NA,NA,NA,NA,NA,NA,NA,NA,NA,NA,NA,NA,NA,NA,NA,NA,NA,NA,NA,NA,NA,NA,NA,NA,NA,NA,NA,NA,NA,NA,NA,  1.88354E-03,  5.24841E-04, -4.78962E-04, -1.21638E-03, -1.75289E-03, -2.13744E-03, -2.40694E-03, -2.58935E-03, -2.70594E-03, -2.77291E-03, -2.80261E-03, -2.80444E-03, -2.78556E-03, -2.75140E-03, -2.70609E-03, -2.65276E-03, -2.59380E-03, -2.53102E-03, -2.46579E-03, -2.39917E-03, -2.33196E-03,
 -4.38861E-03, -4.57546E-03, -4.77373E-03, -4.98421E-03, -5.20773E-03, -5.44512E-03, -5.69719E-03, -5.96466E-03, -6.24813E-03, -6.54799E-03, -6.86426E-03, -7.19649E-03, -7.54346E-03, -7.90294E-03, -8.27130E-03, -8.64302E-03, -9.01010E-03, -9.36135E-03, -9.68149E-03, -9.95017E-03, -1.01408E-02, -1.02193E-02, -1.01424E-02, -9.85589E-03,NA,NA,NA,NA,NA,NA,NA,NA,NA,NA,NA,NA,NA,NA,NA,NA,NA,NA,NA,NA,NA,NA,NA,NA,NA,NA,NA,NA,NA,NA,NA,NA,NA,NA,NA,NA,NA,NA,NA, -4.54531E-04, -1.41538E-03, -2.10103E-03, -2.58097E-03, -2.90707E-03, -3.11837E-03, -3.24433E-03, -3.30719E-03, -3.32376E-03, -3.30668E-03, -3.26543E-03, -3.20712E-03, -3.13703E-03, -3.05907E-03, -2.97613E-03, -2.89035E-03, -2.80328E-03, -2.71605E-03, -2.62949E-03, -2.54419E-03,
 -4.52254E-03, -4.72082E-03, -4.93182E-03, -5.15652E-03, -5.39595E-03, -5.65116E-03, -5.92321E-03, -6.21312E-03, -6.52180E-03, -6.84994E-03, -7.19792E-03, -7.56559E-03, -7.95201E-03, -8.35517E-03, -8.77149E-03, -9.19531E-03, -9.61815E-03, -1.00279E-02, -1.04078E-02, -1.07351E-02, -1.09799E-02, -1.11032E-02, -1.10552E-02,NA,NA,NA,NA,NA,NA,NA,NA,NA,NA,NA,NA,NA,NA,NA,NA,NA,NA,NA,NA,NA,NA,NA,NA,NA,NA,NA,NA,NA,NA,NA,NA,NA,NA,NA,NA,NA,NA,NA,NA, -1.49448E-03, -2.40574E-03, -3.03339E-03, -3.45086E-03, -3.71302E-03, -3.86108E-03, -3.92604E-03, -3.93113E-03, -3.89374E-03, -3.82679E-03, -3.73983E-03, -3.63984E-03, -3.53191E-03, -3.41970E-03, -3.30580E-03, -3.19207E-03, -3.07977E-03, -2.96975E-03, -2.86260E-03, -2.75867E-03,
 -4.65079E-03, -4.86006E-03, -5.08331E-03, -5.32172E-03, -5.57653E-03, -5.84902E-03, -6.14052E-03, -6.45235E-03, -6.78572E-03, -7.14171E-03, -7.52101E-03, -7.92385E-03, -8.34959E-03, -8.79646E-03, -9.26097E-03, -9.73732E-03, -1.02166E-02, -1.06857E-02, -1.11262E-02, -1.15130E-02, -1.18122E-02, -1.19796E-02, -1.19582E-02,NA,NA,NA,NA,NA,NA,NA,NA,NA,NA,NA,NA,NA,NA,NA,NA,NA,NA,NA,NA,NA,NA,NA,NA,NA,NA,NA,NA,NA,NA,NA,NA,NA,NA,NA,NA,NA,NA,NA,NA,NA, -3.43694E-03, -4.00246E-03, -4.35314E-03, -4.54708E-03, -4.62787E-03, -4.62812E-03, -4.57212E-03, -4.47787E-03, -4.35854E-03, -4.22372E-03, -4.08025E-03, -3.93298E-03, -3.78527E-03, -3.63939E-03, -3.49685E-03, -3.35862E-03, -3.22525E-03, -3.09704E-03, -2.97410E-03,
 -4.77247E-03, -4.99213E-03, -5.22700E-03, -5.47844E-03, -5.74789E-03, -6.03688E-03, -6.34700E-03, -6.67988E-03, -7.03708E-03, -7.42001E-03, -7.82978E-03, -8.26694E-03, -8.73124E-03, -9.22115E-03, -9.73330E-03, -1.02618E-02, -1.07973E-02, -1.13257E-02, -1.18269E-02, -1.22731E-02, -1.26266E-02, -1.28373E-02,NA,NA,NA,NA,NA,NA,NA,NA,NA,NA,NA,NA,NA,NA,NA,NA,NA,NA,NA,NA,NA,NA,NA,NA,NA,NA,NA,NA,NA,NA,NA,NA,NA,NA,NA,NA,NA,NA,NA,NA,NA,NA, -4.49572E-03, -4.99685E-03, -5.27784E-03, -5.40046E-03, -5.41092E-03, -5.34362E-03, -5.22401E-03, -5.07069E-03, -4.89712E-03, -4.71287E-03, -4.52462E-03, -4.33695E-03, -4.15287E-03, -3.97432E-03, -3.80244E-03, -3.63785E-03, -3.48079E-03, -3.33126E-03, -3.18911E-03,
 -4.88670E-03, -5.11603E-03, -5.36173E-03, -5.62532E-03, -5.90846E-03, -6.21290E-03, -6.54053E-03, -6.89326E-03, -7.27300E-03, -7.68152E-03, -8.12032E-03, -8.59036E-03, -9.09173E-03, -9.62320E-03, -1.01816E-02, -1.07609E-02, -1.13513E-02, -1.19378E-02, -1.24988E-02, -1.30036E-02, -1.34104E-02, -1.36633E-02,NA,NA,NA,NA,NA,NA,NA,NA,NA,NA,NA,NA,NA,NA,NA,NA,NA,NA,NA,NA,NA,NA,NA,NA,NA,NA,NA,NA,NA,NA,NA,NA,NA,NA,NA,NA,NA,NA,NA,NA,NA,NA,NA, -6.00536E-03, -6.21484E-03, -6.26401E-03, -6.20200E-03, -6.06519E-03, -5.88022E-03, -5.66638E-03, -5.43735E-03, -5.20271E-03, -4.96894E-03, -4.74029E-03, -4.51944E-03, -4.30791E-03, -4.10647E-03, -3.91538E-03, -3.73454E-03, -3.56365E-03, -3.40228E-03,
 -4.99268E-03, -5.23082E-03, -5.48639E-03, -5.76107E-03, -6.05672E-03, -6.37532E-03, -6.71902E-03, -7.09003E-03, -7.49059E-03, -7.92284E-03, -8.38868E-03, -8.88945E-03, -9.42564E-03, -9.99630E-03, -1.05984E-02, -1.12260E-02, -1.18689E-02, -1.25113E-02, -1.31297E-02, -1.36911E-02, -1.41496E-02, -1.44433E-02,NA,NA,NA,NA,NA,NA,NA,NA,NA,NA,NA,NA,NA,NA,NA,NA,NA,NA,NA,NA,NA,NA,NA,NA,NA,NA,NA,NA,NA,NA,NA,NA,NA,NA,NA,NA,NA,NA,NA,NA,NA,NA,NA, -7.01734E-03, -7.15413E-03, -7.12844E-03, -6.99263E-03, -6.78514E-03, -6.53389E-03, -6.25881E-03, -5.97385E-03, -5.68851E-03, -5.40905E-03, -5.13938E-03, -4.88177E-03, -4.63736E-03, -4.40650E-03, -4.18908E-03, -3.98464E-03, -3.79258E-03, -3.61218E-03,
 -5.08964E-03, -5.33561E-03, -5.59994E-03, -5.88447E-03, -6.19124E-03, -6.52245E-03, -6.88048E-03, -7.26783E-03, -7.68707E-03, -8.14068E-03, -8.63093E-03, -9.15958E-03, -9.72746E-03, -1.03340E-02, -1.09763E-02, -1.16485E-02, -1.23399E-02, -1.30341E-02, -1.37063E-02, -1.43207E-02, -1.48280E-02,NA,NA,NA,NA,NA,NA,NA,NA,NA,NA,NA,NA,NA,NA,NA,NA,NA,NA,NA,NA,NA,NA,NA,NA,NA,NA,NA,NA,NA,NA,NA,NA,NA,NA,NA,NA,NA,NA,NA,NA,NA,NA,NA,NA, -8.02285E-03, -8.08589E-03, -7.98443E-03, -7.77413E-03, -7.49558E-03, -7.17792E-03, -6.84169E-03, -6.50104E-03, -6.16537E-03, -5.84067E-03, -5.53047E-03, -5.23662E-03, -4.95984E-03, -4.70007E-03, -4.45679E-03, -4.22921E-03, -4.01640E-03, -3.81736E-03,
 -5.17692E-03, -5.42962E-03, -5.70147E-03, -5.99444E-03, -6.31074E-03, -6.65275E-03, -7.02307E-03, -7.42446E-03, -7.85978E-03, -8.33185E-03, -8.84328E-03, -9.39619E-03, -9.99177E-03, -1.06297E-02, -1.13074E-02, -1.20190E-02, -1.27535E-02, -1.34939E-02, -1.42140E-02, -1.48760E-02, -1.54272E-02,NA,NA,NA,NA,NA,NA,NA,NA,NA,NA,NA,NA,NA,NA,NA,NA,NA,NA,NA,NA,NA,NA,NA,NA,NA,NA,NA,NA,NA,NA,NA,NA,NA,NA,NA,NA,NA,NA,NA,NA,NA,NA,NA,NA, -9.01242E-03, -9.00044E-03, -8.82258E-03, -8.53774E-03, -8.18849E-03, -7.80509E-03, -7.40862E-03, -7.01329E-03, -6.62837E-03, -6.25950E-03, -5.90982E-03, -5.58075E-03, -5.27254E-03, -4.98472E-03, -4.71639E-03, -4.46640E-03, -4.23350E-03, -4.01641E-03,
 -5.25397E-03, -5.51219E-03, -5.79018E-03, -6.09003E-03, -6.41406E-03, -6.76484E-03, -7.14513E-03, -7.55793E-03, -8.00632E-03, -8.49343E-03, -9.02217E-03, -9.59496E-03, -1.02133E-02, -1.08772E-02, -1.15842E-02, -1.23284E-02, -1.30987E-02, -1.38775E-02, -1.46374E-02, -1.53390E-02, -1.59266E-02,NA,NA,NA,NA,NA,NA,NA,NA,NA,NA,NA,NA,NA,NA,NA,NA,NA,NA,NA,NA,NA,NA,NA,NA,NA,NA,NA,NA,NA,NA,NA,NA,NA,NA,NA,NA,NA,NA,NA,NA,NA,NA,NA,NA,NA, -9.88801E-03, -9.63338E-03, -9.27455E-03, -8.85577E-03, -8.40818E-03, -7.95318E-03, -7.50499E-03, -7.07260E-03, -6.66129E-03, -6.27376E-03, -5.91095E-03, -5.57269E-03, -5.25807E-03, -4.96580E-03, -4.69439E-03, -4.44229E-03, -4.20796E-03,
 -5.32036E-03, -5.58281E-03, -5.86546E-03, -6.17049E-03, -6.50030E-03, -6.85760E-03, -7.24529E-03, -7.66652E-03, -8.12460E-03, -8.62285E-03, -9.16442E-03, -9.75200E-03, -1.03873E-02, -1.10705E-02, -1.17993E-02, -1.25678E-02, -1.33646E-02, -1.41716E-02, -1.49605E-02, -1.56904E-02, -1.63034E-02,NA,NA,NA,NA,NA,NA,NA,NA,NA,NA,NA,NA,NA,NA,NA,NA,NA,NA,NA,NA,NA,NA,NA,NA,NA,NA,NA,NA,NA,NA,NA,NA,NA,NA,NA,NA,NA,NA,NA,NA,NA,NA,NA,NA,NA, -1.07385E-02, -1.04071E-02, -9.97560E-03, -9.48932E-03, -8.97998E-03, -8.46908E-03, -7.97064E-03, -7.49331E-03, -7.04194E-03, -6.61875E-03, -6.22420E-03, -5.85767E-03, -5.51784E-03, -5.20306E-03, -4.91150E-03, -4.64131E-03, -4.39070E-03,
 -5.37578E-03, -5.64111E-03, -5.92686E-03, -6.23525E-03, -6.56877E-03, -6.93017E-03, -7.32247E-03, -7.74891E-03, -8.21293E-03, -8.71799E-03, -9.26739E-03, -9.86395E-03, -1.05095E-02, -1.12044E-02, -1.19462E-02, -1.27289E-02, -1.35409E-02, -1.43634E-02, -1.51673E-02, -1.59106E-02, -1.65334E-02,NA,NA,NA,NA,NA,NA,NA,NA,NA,NA,NA,NA,NA,NA,NA,NA,NA,NA,NA,NA,NA,NA,NA,NA,NA,NA,NA,NA,NA,NA,NA,NA,NA,NA,NA,NA,NA,NA,NA,NA,NA,NA,NA,NA,NA, -1.15411E-02, -1.11338E-02, -1.06318E-02, -1.00811E-02, -9.51349E-03, -8.95022E-03, -8.40499E-03, -7.88600E-03, -7.39758E-03, -6.94145E-03, -6.51763E-03, -6.12502E-03, -5.76193E-03, -5.42634E-03, -5.11613E-03, -4.82917E-03, -4.56345E-03,
 -5.42010E-03, -5.68690E-03, -5.97413E-03, -6.28402E-03, -6.61907E-03, -6.98204E-03, -7.37599E-03, -7.80420E-03, -8.27014E-03, -8.77732E-03, -9.32907E-03, -9.92824E-03, -1.05767E-02, -1.12745E-02, -1.20193E-02, -1.28046E-02, -1.36184E-02, -1.44411E-02, -1.52429E-02, -1.59802E-02, -1.65919E-02,NA,NA,NA,NA,NA,NA,NA,NA,NA,NA,NA,NA,NA,NA,NA,NA,NA,NA,NA,NA,NA,NA,NA,NA,NA,NA,NA,NA,NA,NA,NA,NA,NA,NA,NA,NA,NA,NA,NA,NA,NA,NA,NA,NA,NA, -1.22843E-02, -1.18032E-02, -1.12343E-02, -1.06234E-02, -1.00020E-02, -9.39088E-03, -8.80317E-03, -8.24649E-03, -7.72466E-03, -7.23887E-03, -6.78866E-03, -6.37254E-03, -5.98844E-03, -5.63401E-03, -5.30687E-03, -5.00465E-03, -4.72514E-03,
 -5.45334E-03, -5.72021E-03, -6.00728E-03, -6.31676E-03, -6.65110E-03, -7.01304E-03, -7.40558E-03, -7.83198E-03, -8.29564E-03, -8.79999E-03, -9.34827E-03, -9.94319E-03, -1.05864E-02, -1.12777E-02, -1.20143E-02, -1.27892E-02, -1.35896E-02, -1.43950E-02, -1.51740E-02, -1.58819E-02, -1.64556E-02,NA,NA,NA,NA,NA,NA,NA,NA,NA,NA,NA,NA,NA,NA,NA,NA,NA,NA,NA,NA,NA,NA,NA,NA,NA,NA,NA,NA,NA,NA,NA,NA,NA,NA,NA,NA,NA,NA,NA,NA,NA,NA,NA,NA,NA, -1.29562E-02, -1.24050E-02, -1.17742E-02, -1.11088E-02, -1.04393E-02, -9.78584E-03, -9.16077E-03, -8.57110E-03, -8.02006E-03, -7.50834E-03, -7.03505E-03, -6.59831E-03, -6.19572E-03, -5.82466E-03, -5.48250E-03, -5.16669E-03, -4.87482E-03,
 -5.47570E-03, -5.74123E-03, -6.02652E-03, -6.33369E-03, -6.66509E-03, -7.02339E-03, -7.41145E-03, -7.83240E-03, -8.28948E-03, -8.78592E-03, -9.32472E-03, -9.90825E-03, -1.05378E-02, -1.12126E-02, -1.19291E-02, -1.26794E-02, -1.34497E-02, -1.42178E-02, -1.49508E-02, -1.56016E-02, -1.61047E-02,NA,NA,NA,NA,NA,NA,NA,NA,NA,NA,NA,NA,NA,NA,NA,NA,NA,NA,NA,NA,NA,NA,NA,NA,NA,NA,NA,NA,NA,NA,NA,NA,NA,NA,NA,NA,NA,NA,NA,NA,NA,NA,NA,NA,NA, -1.35445E-02, -1.29292E-02, -1.22435E-02, -1.15306E-02, -1.08200E-02, -1.01306E-02, -9.47406E-03, -8.85672E-03, -8.28119E-03, -7.74771E-03, -7.25497E-03, -6.80077E-03, -6.38244E-03, -5.99713E-03, -5.64202E-03, -5.31439E-03, -5.01173E-03,
 -5.48753E-03, -5.75039E-03, -6.03233E-03, -6.33534E-03, -6.66165E-03, -7.01373E-03, -7.39429E-03, -7.80621E-03, -8.25244E-03, -8.73590E-03, -9.25916E-03, -9.82409E-03, -1.04313E-02, -1.10792E-02, -1.17633E-02, -1.24743E-02, -1.31967E-02, -1.39063E-02, -1.45676E-02, -1.51304E-02,NA,NA,NA,NA,NA,NA,NA,NA,NA,NA,NA,NA,NA,NA,NA,NA,NA,NA,NA,NA,NA,NA,NA,NA,NA,NA,NA,NA,NA,NA,NA,NA,NA,NA,NA,NA,NA,NA,NA,NA,NA,NA,NA,NA,NA,NA, -1.40373E-02, -1.33667E-02, -1.26349E-02, -1.18832E-02, -1.11394E-02, -1.04215E-02, -9.74012E-03, -9.10094E-03, -8.50607E-03, -7.95532E-03, -7.44703E-03, -6.97874E-03, -6.54759E-03, -6.15055E-03, -5.78466E-03, -5.44711E-03, -5.13528E-03,
 -5.48937E-03, -5.74831E-03, -6.02542E-03, -6.32253E-03, -6.64169E-03, -6.98514E-03, -7.35530E-03, -7.75474E-03, -8.18603E-03, -8.65160E-03, -9.15345E-03, -9.69271E-03, -1.02691E-02, -1.08799E-02, -1.15193E-02, -1.21760E-02, -1.28325E-02, -1.34617E-02, -1.40246E-02, -1.44666E-02,NA,NA,NA,NA,NA,NA,NA,NA,NA,NA,NA,NA,NA,NA,NA,NA,NA,NA,NA,NA,NA,NA,NA,NA,NA,NA,NA,NA,NA,NA,NA,NA,NA,NA,NA,NA,NA,NA,NA,NA,NA,NA,NA,NA,NA,NA, -1.44242E-02, -1.37097E-02, -1.29427E-02, -1.21621E-02, -1.13943E-02, -1.06560E-02, -9.95693E-03, -9.30220E-03, -8.69344E-03, -8.13012E-03, -7.61036E-03, -7.13150E-03, -6.69054E-03, -6.28437E-03, -5.90994E-03, -5.56439E-03, -5.24506E-03,
 -5.48193E-03, -5.73580E-03, -6.00673E-03, -6.29637E-03, -6.60650E-03, -6.93908E-03, -7.29620E-03, -7.67999E-03, -8.09253E-03, -8.53563E-03, -9.01055E-03, -9.51750E-03, -1.00550E-02, -1.06191E-02, -1.12019E-02, -1.17901E-02, -1.23632E-02, -1.28906E-02, -1.33286E-02,NA,NA,NA,NA,NA,NA,NA,NA,NA,NA,NA,NA,NA,NA,NA,NA,NA,NA,NA,NA,NA,NA,NA,NA,NA,NA,NA,NA,NA,NA,NA,NA,NA,NA,NA,NA,NA,NA,NA,NA,NA,NA,NA,NA,NA,NA, -1.53440E-02, -1.46972E-02, -1.39526E-02, -1.31629E-02, -1.23648E-02, -1.15829E-02, -1.08328E-02, -1.01236E-02, -9.45982E-03, -8.84279E-03, -8.27174E-03, -7.74463E-03, -7.25875E-03, -6.81103E-03, -6.39834E-03, -6.01763E-03, -5.66603E-03, -5.34087E-03,
 -5.46606E-03, -5.71386E-03, -5.97745E-03, -6.25822E-03, -6.55768E-03, -6.87744E-03, -7.21916E-03, -7.58450E-03, -7.97491E-03, -8.39147E-03, -8.83454E-03, -9.30322E-03, -9.79468E-03, -1.03032E-02, -1.08187E-02, -1.13253E-02, -1.17990E-02, -1.22048E-02, -1.24935E-02,NA,NA,NA,NA,NA,NA,NA,NA,NA,NA,NA,NA,NA,NA,NA,NA,NA,NA,NA,NA,NA,NA,NA,NA,NA,NA,NA,NA,NA,NA,NA,NA,NA,NA,NA,NA,NA,NA,NA,NA,NA,NA,NA,NA,NA,NA, -1.55209E-02, -1.48515E-02, -1.40928E-02, -1.32943E-02, -1.24906E-02, -1.17049E-02, -1.09520E-02, -1.02403E-02, -9.57409E-03, -8.95441E-03, -8.38043E-03, -7.85009E-03, -7.36069E-03, -6.90921E-03, -6.49257E-03, -6.10778E-03, -5.75202E-03, -5.42268E-03,
 -5.44275E-03, -5.68366E-03, -5.93894E-03, -6.20970E-03, -6.49713E-03, -6.80245E-03, -7.12684E-03, -7.47138E-03, -7.83684E-03, -8.22345E-03, -8.63054E-03, -9.05593E-03, -9.49521E-03, -9.94068E-03, -1.03799E-02, -1.07938E-02, -1.11545E-02, -1.14220E-02, -1.15405E-02,NA,NA,NA,NA,NA,NA,NA,NA,NA,NA,NA,NA,NA,NA,NA,NA,NA,NA,NA,NA,NA,NA,NA,NA,NA,NA,NA,NA,NA,NA,NA,NA,NA,NA,NA,NA,NA,NA,NA,NA,NA,NA,NA,NA,NA,NA, -1.55584E-02, -1.48867E-02, -1.41309E-02, -1.33380E-02, -1.25410E-02, -1.17620E-02, -1.10151E-02, -1.03086E-02, -9.64633E-03, -9.02944E-03, -8.45716E-03, -7.92753E-03, -7.43797E-03, -6.98560E-03, -6.56747E-03, -6.18071E-03, -5.82262E-03, -5.49068E-03,
 -5.41310E-03, -5.64650E-03, -5.89274E-03, -6.15263E-03, -6.42701E-03, -6.71665E-03, -7.02224E-03, -7.34420E-03, -7.68257E-03, -8.03663E-03, -8.40456E-03, -8.78280E-03, -9.16522E-03, -9.54196E-03, -9.89791E-03, -1.02107E-02, -1.04481E-02, -1.05646E-02,NA,NA,NA,NA,NA,NA,NA,NA,NA,NA,NA,NA,NA,NA,NA,NA,NA,NA,NA,NA,NA,NA,NA,NA,NA,NA,NA,NA,NA,NA,NA,NA,NA,NA,NA,NA,NA,NA,NA,NA,NA,NA,NA,NA,NA,NA, -1.59684E-02, -1.54601E-02, -1.48069E-02, -1.40712E-02, -1.32983E-02, -1.25199E-02, -1.17577E-02, -1.10254E-02, -1.03311E-02, -9.67881E-03, -9.06982E-03, -8.50355E-03, -7.97829E-03, -7.49169E-03, -7.04109E-03, -6.62376E-03, -6.23701E-03, -5.87828E-03, -5.54522E-03,
 -5.37831E-03, -5.60379E-03, -5.84051E-03, -6.08898E-03, -6.34965E-03, -6.62284E-03, -6.90868E-03, -7.20694E-03, -7.51682E-03, -7.83663E-03, -8.16336E-03, -8.49195E-03, -8.81446E-03, -9.11879E-03, -9.38705E-03, -9.59335E-03, -9.70103E-03, -9.65890E-03,NA,NA,NA,NA,NA,NA,NA,NA,NA,NA,NA,NA,NA,NA,NA,NA,NA,NA,NA,NA,NA,NA,NA,NA,NA,NA,NA,NA,NA,NA,NA,NA,NA,NA,NA,NA,NA,NA,NA,NA,NA,NA,NA,NA,NA,NA, -1.57050E-02, -1.52357E-02, -1.46210E-02, -1.39217E-02, -1.31822E-02, -1.24336E-02, -1.16974E-02, -1.09873E-02, -1.03117E-02, -9.67477E-03, -9.07823E-03, -8.52184E-03, -8.00422E-03, -7.52337E-03, -7.07693E-03, -6.66245E-03, -6.27747E-03, -5.91966E-03, -5.58680E-03,
 -5.33961E-03, -5.55700E-03, -5.78402E-03, -6.02085E-03, -6.26756E-03, -6.52399E-03, -6.78971E-03, -7.06380E-03, -7.34464E-03, -7.62953E-03, -7.91421E-03, -8.19213E-03, -8.45351E-03, -8.68399E-03, -8.86288E-03, -8.96083E-03, -8.93681E-03, -8.73406E-03,NA,NA,NA,NA,NA,NA,NA,NA,NA,NA,NA,NA,NA,NA,NA,NA,NA,NA,NA,NA,NA,NA,NA,NA,NA,NA,NA,NA,NA,NA,NA,NA,NA,NA,NA,NA,NA,NA,NA,NA,NA,NA,NA,NA,NA,NA, -1.53095E-02, -1.49013E-02, -1.43427E-02, -1.36941E-02, -1.29995E-02, -1.22903E-02, -1.15879E-02, -1.09067E-02, -1.02552E-02, -9.63827E-03, -9.05805E-03, -8.51480E-03, -8.00760E-03, -7.53488E-03, -7.09465E-03, -6.68478E-03, -6.30312E-03, -5.94755E-03, -5.61610E-03,
 -5.29828E-03, -5.50766E-03, -5.72507E-03, -5.95038E-03, -6.18327E-03, -6.42313E-03, -6.66896E-03, -6.91915E-03, -7.17126E-03, -7.42160E-03, -7.66467E-03, -7.89246E-03, -8.09339E-03, -8.25089E-03, -8.34162E-03, -8.33293E-03, -8.17973E-03, -7.82015E-03,NA,NA,NA,NA,NA,NA,NA,NA,NA,NA,NA,NA,NA,NA,NA,NA,NA,NA,NA,NA,NA,NA,NA,NA,NA,NA,NA,NA,NA,NA,NA,NA,NA,NA,NA,NA,NA,NA,NA,NA,NA,NA,NA,NA,NA,NA, -1.48075E-02, -1.44781E-02, -1.39896E-02, -1.34029E-02, -1.27625E-02, -1.21001E-02, -1.14378E-02, -1.07905E-02, -1.01674E-02, -9.57406E-03, -9.01319E-03, -8.48565E-03, -7.99109E-03, -7.52839E-03, -7.09601E-03, -6.69220E-03, -6.31512E-03, -5.96293E-03, -5.63388E-03,
 -5.25559E-03, -5.45725E-03, -5.66543E-03, -5.87970E-03, -6.09934E-03, -6.32331E-03, -6.55007E-03, -6.77736E-03, -7.00193E-03, -7.21913E-03, -7.42231E-03, -7.60205E-03, -7.74508E-03, -7.83280E-03, -7.83939E-03, -7.72927E-03, -7.45375E-03, -6.94660E-03,NA,NA,NA,NA,NA,NA,NA,NA,NA,NA,NA,NA,NA,NA,NA,NA,NA,NA,NA,NA,NA,NA,NA,NA,NA,NA,NA,NA,NA,NA,NA,NA,NA,NA,NA,NA,NA,NA,NA,NA,NA,NA,NA,NA,NA,NA, -1.42300E-02, -1.39910E-02, -1.35821E-02, -1.30650E-02, -1.24849E-02, -1.18744E-02, -1.12564E-02, -1.06465E-02, -1.00547E-02, -9.48740E-03, -8.94797E-03, -8.43795E-03, -7.95757E-03, -7.50627E-03, -7.08297E-03, -6.68631E-03, -6.31478E-03, -5.96685E-03, -5.64100E-03,
 -5.21274E-03, -5.40723E-03, -5.60685E-03, -5.81086E-03, -6.01823E-03, -6.22749E-03, -6.43658E-03, -6.64265E-03, -6.84171E-03, -7.02822E-03, -7.19445E-03, -7.32972E-03, -7.41919E-03, -7.44246E-03, -7.37156E-03, -7.16837E-03, -6.78124E-03, -6.14054E-03,NA,NA,NA,NA,NA,NA,NA,NA,NA,NA,NA,NA,NA,NA,NA,NA,NA,NA,NA,NA,NA,NA,NA,NA,NA,NA,NA,NA,NA,NA,NA,NA,NA,NA,NA,NA,NA,NA,NA,NA,NA,NA,NA,NA,NA,NA, -1.36110E-02, -1.34678E-02, -1.31428E-02, -1.26988E-02, -1.21819E-02, -1.16256E-02, -1.10538E-02, -1.04829E-02, -9.92391E-03, -9.38386E-03, -8.86695E-03, -8.37542E-03, -7.91013E-03, -7.47105E-03, -7.05758E-03, -6.66877E-03, -6.30347E-03, -5.96043E-03, -5.63838E-03,
 -5.17088E-03, -5.35896E-03, -5.55093E-03, -5.74581E-03, -5.94225E-03, -6.13841E-03, -6.33179E-03, -6.51899E-03, -6.69536E-03, -6.85457E-03, -6.98794E-03, -7.08364E-03, -7.12553E-03, -7.09161E-03, -6.95212E-03, -6.66690E-03, -6.18205E-03, -5.42551E-03,NA,NA,NA,NA,NA,NA,NA,NA,NA,NA,NA,NA,NA,NA,NA,NA,NA,NA,NA,NA,NA,NA,NA,NA,NA,NA,NA,NA,NA,NA,NA,NA,NA,NA,NA,NA,NA,NA,NA,NA,NA,NA,NA,NA,NA,NA, -1.29852E-02, -1.29364E-02, -1.26945E-02, -1.23228E-02, -1.18686E-02, -1.13662E-02, -1.08403E-02, -1.03083E-02, -9.78189E-03, -9.26907E-03, -8.77475E-03, -8.30185E-03, -7.85185E-03, -7.42525E-03, -7.02192E-03, -6.64130E-03, -6.28259E-03, -5.94482E-03, -5.62695E-03,
 -5.13104E-03, -5.31366E-03, -5.49913E-03, -5.68627E-03, -5.87347E-03, -6.05857E-03, -6.23869E-03, -6.40995E-03, -6.56716E-03, -6.70329E-03, -6.80888E-03, -6.87113E-03, -6.87277E-03, -6.79054E-03, -6.59322E-03, -6.23911E-03, -5.67271E-03, -4.82049E-03,NA,NA,NA,NA,NA,NA,NA,NA,NA,NA,NA,NA,NA,NA,NA,NA,NA,NA,NA,NA,NA,NA,NA,NA,NA,NA,NA,NA,NA,NA,NA,NA,NA,NA,NA,NA,NA,NA,NA,NA,NA,NA,NA,NA,NA,NA, -1.23862E-02, -1.24243E-02, -1.22594E-02, -1.19554E-02, -1.15601E-02, -1.11084E-02, -1.06259E-02, -1.01307E-02, -9.63534E-03, -9.14851E-03, -8.67586E-03, -8.22092E-03, -7.78575E-03, -7.37134E-03, -6.97801E-03, -6.60556E-03, -6.25350E-03, -5.92113E-03, -5.60763E-03,
 -5.09409E-03, -5.27238E-03, -5.45272E-03, -5.63376E-03, -5.81369E-03, -5.99011E-03, -6.15983E-03, -6.31859E-03, -6.46076E-03, -6.57876E-03, -6.66247E-03, -6.69834E-03, -6.66821E-03, -6.54780E-03, -6.30482E-03, -5.89641E-03, -5.26607E-03, -4.33956E-03,NA,NA,NA,NA,NA,NA,NA,NA,NA,NA,NA,NA,NA,NA,NA,NA,NA,NA,NA,NA,NA,NA,NA,NA,NA,NA,NA,NA,NA,NA,NA,NA,NA,NA,NA,NA,NA,NA,NA,NA,NA,NA,NA,NA,NA,NA, -1.18437E-02, -1.19561E-02, -1.18580E-02, -1.16133E-02, -1.12700E-02, -1.08635E-02, -1.04199E-02, -9.95775E-03, -9.49049E-03, -9.02732E-03, -8.57448E-03, -8.13608E-03, -7.71465E-03, -7.31166E-03, -6.92776E-03, -6.56311E-03, -6.21749E-03, -5.89044E-03, -5.58132E-03,
 -5.06077E-03, -5.23597E-03, -5.41270E-03, -5.58948E-03, -5.76436E-03, -5.93476E-03, -6.09727E-03, -6.24738E-03, -6.37910E-03, -6.48446E-03, -6.55287E-03, -6.57019E-03, -6.51759E-03, -6.37005E-03, -6.09446E-03, -5.64723E-03, -4.97121E-03, -3.99196E-03,NA,NA,NA,NA,NA,NA,NA,NA,NA,NA,NA,NA,NA,NA,NA,NA,NA,NA,NA,NA,NA,NA,NA,NA,NA,NA,NA,NA,NA,NA,NA,NA,NA,NA,NA,NA,NA,NA,NA,NA,NA,NA,NA,NA,NA, -1.09155E-02, -1.13831E-02, -1.15528E-02, -1.15078E-02, -1.13111E-02, -1.10105E-02, -1.06415E-02, -1.02303E-02, -9.79622E-03, -9.35288E-03, -8.91002E-03, -8.47434E-03, -8.05039E-03, -7.64110E-03, -7.24827E-03, -6.87290E-03, -6.51539E-03, -6.17575E-03, -5.85371E-03, -5.54881E-03,
 -5.03160E-03, -5.20507E-03, -5.37982E-03, -5.55432E-03, -5.72653E-03, -5.89378E-03, -6.05253E-03, -6.19810E-03, -6.32431E-03, -6.42294E-03, -6.48306E-03, -6.49016E-03, -6.42494E-03, -6.26188E-03, -5.96730E-03, -5.49707E-03, -4.79366E-03, -3.78259E-03,NA,NA,NA,NA,NA,NA,NA,NA,NA,NA,NA,NA,NA,NA,NA,NA,NA,NA,NA,NA,NA,NA,NA,NA,NA,NA,NA,NA,NA,NA,NA,NA,NA,NA,NA,NA,NA,NA,NA,NA,NA,NA,NA,NA,NA, -1.05194E-02, -1.10236E-02, -1.12311E-02, -1.12228E-02, -1.10605E-02, -1.07912E-02, -1.04504E-02, -1.00641E-02, -9.65165E-03, -9.22710E-03, -8.80040E-03, -8.37857E-03, -7.96643E-03, -7.56721E-03, -7.18295E-03, -6.81488E-03, -6.46360E-03, -6.12928E-03, -5.81179E-03, -5.51080E-03,
 -5.00690E-03, -5.18006E-03, -5.35454E-03, -5.52882E-03, -5.70084E-03, -5.86792E-03, -6.02649E-03, -6.17182E-03, -6.29766E-03, -6.39567E-03, -6.45478E-03, -6.46026E-03, -6.39258E-03, -6.22586E-03, -5.92607E-03, -5.44866E-03, -4.73577E-03, -3.71274E-03, -2.28390E-03,NA,NA,NA,NA,NA,NA,NA,NA,NA,NA,NA,NA,NA,NA,NA,NA,NA,NA,NA,NA,NA,NA,NA,NA,NA,NA,NA,NA,NA,NA,NA,NA,NA,NA,NA,NA,NA,NA,NA,NA,NA,NA,NA,NA, -1.02624E-02, -1.07783E-02, -1.10024E-02, -1.10128E-02, -1.08699E-02, -1.06194E-02, -1.02962E-02, -9.92605E-03, -9.52820E-03, -9.11661E-03, -8.70135E-03, -8.28956E-03, -7.88621E-03, -7.49466E-03, -7.11710E-03, -6.75488E-03, -6.40872E-03, -6.07889E-03, -5.76537E-03, -5.46789E-03,
 -4.98680E-03, -5.16106E-03, -5.33701E-03, -5.51314E-03, -5.68749E-03, -5.85742E-03, -6.01943E-03, -6.16886E-03, -6.29950E-03, -6.40307E-03, -6.46850E-03, -6.48105E-03, -6.42107E-03, -6.26256E-03, -5.97124E-03, -5.50222E-03, -4.79719E-03, -3.78097E-03,NA,NA,NA,NA,NA,NA,NA,NA,NA,NA,NA,NA,NA,NA,NA,NA,NA,NA,NA,NA,NA,NA,NA,NA,NA,NA,NA,NA,NA,NA,NA,NA,NA,NA,NA,NA,NA,NA,NA,NA,NA,NA,NA,NA,NA, -1.01507E-02, -1.06534E-02, -1.08726E-02, -1.08835E-02, -1.07442E-02, -1.04993E-02, -1.01826E-02, -9.81943E-03, -9.42854E-03, -9.02368E-03, -8.61479E-03, -8.20894E-03, -7.81108E-03, -7.42459E-03, -7.05167E-03, -6.69371E-03, -6.35145E-03, -6.02521E-03, -5.71497E-03, -5.42051E-03,
 -4.97118E-03, -5.14796E-03, -5.32705E-03, -5.50709E-03, -5.68622E-03, -5.86195E-03, -6.03096E-03, -6.18875E-03, -6.32930E-03, -6.44450E-03, -6.52346E-03, -6.55157E-03, -6.50929E-03, -6.37062E-03, -6.10115E-03, -5.65567E-03, -4.97527E-03, -3.98381E-03,NA,NA,NA,NA,NA,NA,NA,NA,NA,NA,NA,NA,NA,NA,NA,NA,NA,NA,NA,NA,NA,NA,NA,NA,NA,NA,NA,NA,NA,NA,NA,NA,NA,NA,NA,NA,NA,NA,NA,NA,NA,NA,NA,NA, -9.35188E-03, -1.01827E-02, -1.06488E-02, -1.08424E-02, -1.08357E-02, -1.06846E-02, -1.04321E-02, -1.01109E-02, -9.74534E-03, -9.35370E-03, -8.94923E-03, -8.54153E-03, -8.13744E-03, -7.74171E-03, -7.35760E-03, -6.98721E-03, -6.63185E-03, -6.29222E-03, -5.96859E-03, -5.66092E-03, -5.36896E-03,
 -4.95973E-03, -5.14035E-03, -5.32421E-03, -5.51008E-03, -5.69633E-03, -5.88070E-03, -6.06009E-03, -6.23030E-03, -6.38560E-03, -6.51823E-03, -6.61761E-03, -6.66945E-03, -6.65447E-03, -6.54683E-03, -6.31212E-03, -5.90485E-03, -5.26540E-03, -4.31618E-03,NA,NA,NA,NA,NA,NA,NA,NA,NA,NA,NA,NA,NA,NA,NA,NA,NA,NA,NA,NA,NA,NA,NA,NA,NA,NA,NA,NA,NA,NA,NA,NA,NA,NA,NA,NA,NA,NA,NA,NA,NA,NA,NA,NA, -9.59314E-03, -1.03495E-02, -1.07581E-02, -1.09072E-02, -1.08661E-02, -1.06886E-02, -1.04161E-02, -1.00797E-02, -9.70291E-03, -9.30310E-03, -8.89289E-03, -8.48137E-03, -8.07495E-03, -7.67807E-03, -7.29371E-03, -6.92377E-03, -6.56939E-03, -6.23113E-03, -5.90916E-03, -5.60335E-03, -5.31338E-03,
 -4.95193E-03, -5.13761E-03, -5.32770E-03, -5.52120E-03, -5.71673E-03, -5.91231E-03, -6.10520E-03, -6.29157E-03, -6.46613E-03, -6.62156E-03, -6.74776E-03, -6.83094E-03, -6.85225E-03, -6.78620E-03, -6.59854E-03, -6.24359E-03, -5.66100E-03,NA,NA,NA,NA,NA,NA,NA,NA,NA,NA,NA,NA,NA,NA,NA,NA,NA,NA,NA,NA,NA,NA,NA,NA,NA,NA,NA,NA,NA,NA,NA,NA,NA,NA,NA,NA,NA,NA,NA,NA,NA,NA,NA,NA,NA, -9.97237E-03, -1.06357E-02, -1.09690E-02, -1.10572E-02, -1.09672E-02, -1.07504E-02, -1.04466E-02, -1.00855E-02, -9.68934E-03, -9.27458E-03, -8.85300E-03, -8.43302E-03, -8.02051E-03, -7.61943E-03, -7.23239E-03, -6.86098E-03, -6.50607E-03, -6.16802E-03, -5.84683E-03, -5.54222E-03, -5.25377E-03,
 -4.94706E-03, -5.13888E-03, -5.33650E-03, -5.53920E-03, -5.74590E-03, -5.95499E-03, -6.16414E-03, -6.37000E-03, -6.56780E-03, -6.75082E-03, -6.90961E-03, -7.03099E-03, -7.09679E-03, -7.08206E-03, -6.95292E-03, -6.66373E-03, -6.15355E-03,NA,NA,NA,NA,NA,NA,NA,NA,NA,NA,NA,NA,NA,NA,NA,NA,NA,NA,NA,NA,NA,NA,NA,NA,NA,NA,NA,NA,NA,NA,NA,NA,NA,NA,NA,NA,NA,NA,NA,NA,NA,NA,NA,NA,NA, -1.04631E-02, -1.10197E-02, -1.12639E-02, -1.12784E-02, -1.11274E-02, -1.08608E-02, -1.05163E-02, -1.01224E-02, -9.70004E-03, -9.26450E-03, -8.82670E-03, -8.39426E-03, -7.97237E-03, -7.56445E-03, -7.17261E-03, -6.79805E-03, -6.44130E-03, -6.10245E-03, -5.78126E-03, -5.47729E-03, -5.18996E-03,
 -4.94424E-03, -5.14308E-03, -5.34931E-03, -5.56252E-03, -5.78198E-03, -6.00650E-03, -6.23423E-03, -6.46238E-03, -6.68682E-03, -6.90153E-03, -7.09783E-03, -7.26339E-03, -7.38087E-03, -7.42612E-03, -7.36593E-03, -7.15502E-03, -6.73225E-03,NA,NA,NA,NA,NA,NA,NA,NA,NA,NA,NA,NA,NA,NA,NA,NA,NA,NA,NA,NA,NA,NA,NA,NA,NA,NA,NA,NA,NA,NA,NA,NA,NA,NA,NA,NA,NA,NA,NA,NA,NA,NA,NA,NA,NA, -1.10327E-02, -1.14741E-02, -1.16205E-02, -1.15523E-02, -1.13321E-02, -1.10079E-02, -1.06158E-02, -1.01828E-02, -9.72885E-03, -9.26795E-03, -8.81007E-03, -8.36198E-03, -7.92810E-03, -7.51120E-03, -7.11286E-03, -6.73379E-03, -6.37416E-03, -6.03371E-03, -5.71194E-03, -5.40819E-03, -5.12169E-03,
 -4.94245E-03, -5.14899E-03, -5.36467E-03, -5.58939E-03, -5.82284E-03, -6.06427E-03, -6.31240E-03, -6.56504E-03, -6.81880E-03, -7.06845E-03, -7.30625E-03, -7.52086E-03, -7.69600E-03, -7.80860E-03, -7.82646E-03, -7.70512E-03, -7.38384E-03,NA,NA,NA,NA,NA,NA,NA,NA,NA,NA,NA,NA,NA,NA,NA,NA,NA,NA,NA,NA,NA,NA,NA,NA,NA,NA,NA,NA,NA,NA,NA,NA,NA,NA,NA,NA,NA,NA,NA,NA,NA,NA,NA,NA,NA, -1.16425E-02, -1.19671E-02, -1.20125E-02, -1.18576E-02, -1.15637E-02, -1.11773E-02, -1.07333E-02, -1.02574E-02, -9.76829E-03, -9.27895E-03, -8.79835E-03, -8.33236E-03, -7.88465E-03, -7.45728E-03, -7.05124E-03, -6.66674E-03, -6.30350E-03, -5.96091E-03, -5.63818E-03, -5.33439E-03, -5.04855E-03,
 -4.94053E-03, -5.15523E-03, -5.38090E-03, -5.61782E-03, -5.86608E-03, -6.12546E-03, -6.39522E-03, -6.67388E-03, -6.95883E-03, -7.24577E-03, -7.52796E-03, -7.79525E-03, -8.03261E-03, -8.21836E-03, -8.32170E-03, -8.29955E-03, -8.09231E-03,NA,NA,NA,NA,NA,NA,NA,NA,NA,NA,NA,NA,NA,NA,NA,NA,NA,NA,NA,NA,NA,NA,NA,NA,NA,NA,NA,NA,NA,NA,NA,NA,NA,NA,NA,NA,NA,NA,NA,NA,NA,NA,NA,NA,NA, -1.22494E-02, -1.24629E-02, -1.24103E-02, -1.21701E-02, -1.18025E-02, -1.13532E-02, -1.08560E-02, -1.03357E-02, -9.80994E-03, -9.29072E-03, -8.78608E-03, -8.30107E-03, -7.83855E-03, -7.39993E-03, -6.98556E-03, -6.59515E-03, -6.22795E-03, -5.88300E-03, -5.55916E-03, -5.25525E-03, -4.97008E-03,
 -4.93728E-03, -5.16033E-03, -5.39626E-03, -5.64570E-03, -5.90918E-03, -6.18700E-03, -6.47904E-03, -6.78453E-03, -7.10170E-03, -7.42723E-03, -7.75553E-03, -8.07772E-03, -8.38027E-03, -8.64315E-03, -8.83738E-03, -8.92184E-03, -8.83897E-03,NA,NA,NA,NA,NA,NA,NA,NA,NA,NA,NA,NA,NA,NA,NA,NA,NA,NA,NA,NA,NA,NA,NA,NA,NA,NA,NA,NA,NA,NA,NA,NA,NA,NA,NA,NA,NA,NA,NA,NA,NA,NA,NA,NA,NA, -1.28068E-02, -1.29234E-02, -1.27829E-02, -1.24643E-02, -1.20277E-02, -1.15185E-02, -1.09701E-02, -1.04066E-02, -9.84479E-03, -9.29598E-03, -8.76743E-03, -8.26339E-03, -7.78605E-03, -7.33614E-03, -6.91344E-03, -6.51713E-03, -6.14604E-03, -5.79879E-03, -5.47396E-03, -5.17007E-03, -4.88573E-03,
 -4.93141E-03, -5.16277E-03, -5.40890E-03, -5.67083E-03, -5.94950E-03, -6.24575E-03, -6.56008E-03, -6.89246E-03, -7.24198E-03, -7.60634E-03, -7.98118E-03, -8.35901E-03, -8.72796E-03, -9.06990E-03, -9.35805E-03, -9.55384E-03, -9.60263E-03,NA,NA,NA,NA,NA,NA,NA,NA,NA,NA,NA,NA,NA,NA,NA,NA,NA,NA,NA,NA,NA,NA,NA,NA,NA,NA,NA,NA,NA,NA,NA,NA,NA,NA,NA,NA,NA,NA,NA,NA,NA,NA,NA,NA,NA,NA, -1.33097E-02, -1.30987E-02, -1.27145E-02, -1.22184E-02, -1.16563E-02, -1.10618E-02, -1.04588E-02, -9.86367E-03, -9.28733E-03, -8.73639E-03, -8.21452E-03, -7.72327E-03, -7.26282E-03, -6.83240E-03, -6.43072E-03, -6.05619E-03, -5.70708E-03, -5.38163E-03, -5.07813E-03, -4.79494E-03,
 -4.92165E-03, -5.16101E-03, -5.41700E-03, -5.69100E-03, -5.98440E-03, -6.29854E-03, -6.63454E-03, -6.99310E-03, -7.37419E-03, -7.77656E-03, -8.19706E-03, -8.62972E-03, -9.06441E-03, -9.48511E-03, -9.86758E-03, -1.01763E-02, -1.03602E-02,NA,NA,NA,NA,NA,NA,NA,NA,NA,NA,NA,NA,NA,NA,NA,NA,NA,NA,NA,NA,NA,NA,NA,NA,NA,NA,NA,NA,NA,NA,NA,NA,NA,NA,NA,NA,NA,NA,NA,NA,NA,NA,NA,NA,NA,NA,NA, -1.33273E-02, -1.28960E-02, -1.23544E-02, -1.17501E-02, -1.11175E-02, -1.04812E-02, -9.85766E-03, -9.25750E-03, -8.68711E-03, -8.14970E-03, -7.64640E-03, -7.17689E-03, -6.73998E-03, -6.33396E-03, -5.95686E-03, -5.60663E-03, -5.28122E-03, -4.97867E-03, -4.69716E-03,
 -4.90673E-03, -5.15354E-03, -5.41874E-03, -5.70406E-03, -6.01130E-03, -6.34228E-03, -6.69871E-03, -7.08202E-03, -7.49301E-03, -7.93147E-03, -8.39549E-03, -8.88058E-03, -9.37846E-03, -9.87532E-03, -1.03497E-02, -1.07694E-02, -1.10878E-02,NA,NA,NA,NA,NA,NA,NA,NA,NA,NA,NA,NA,NA,NA,NA,NA,NA,NA,NA,NA,NA,NA,NA,NA,NA,NA,NA,NA,NA,NA,NA,NA,NA,NA,NA,NA,NA,NA,NA,NA,NA,NA,NA,NA,NA,NA,NA, -1.34420E-02, -1.29867E-02, -1.24176E-02, -1.17849E-02, -1.11251E-02, -1.04639E-02, -9.81852E-03, -9.19980E-03, -8.61410E-03, -8.06450E-03, -7.55183E-03, -7.07547E-03, -6.63388E-03, -6.22501E-03, -5.84659E-03, -5.49629E-03, -5.17182E-03, -4.87100E-03, -4.59183E-03,
 -4.88547E-03, -5.13895E-03, -5.41243E-03, -5.70797E-03, -6.02774E-03, -6.37403E-03, -6.74910E-03, -7.15503E-03, -7.59342E-03, -8.06504E-03, -8.56917E-03, -9.10281E-03, -9.65946E-03, -1.02276E-02, -1.07886E-02, -1.13138E-02, -1.17614E-02,NA,NA,NA,NA,NA,NA,NA,NA,NA,NA,NA,NA,NA,NA,NA,NA,NA,NA,NA,NA,NA,NA,NA,NA,NA,NA,NA,NA,NA,NA,NA,NA,NA,NA,NA,NA,NA,NA,NA,NA,NA,NA,NA,NA,NA,NA,NA,NA, -1.29688E-02, -1.23929E-02, -1.17482E-02, -1.10741E-02, -1.03983E-02, -9.73911E-03, -9.10831E-03, -8.51253E-03, -7.95496E-03, -7.43636E-03, -6.95596E-03, -6.51199E-03, -6.10219E-03, -5.72405E-03, -5.37502E-03, -5.05261E-03, -4.75450E-03, -4.47850E-03,
 -4.85675E-03, -5.11589E-03, -5.39648E-03, -5.70085E-03, -6.03151E-03, -6.39115E-03, -6.78252E-03, -7.20830E-03, -7.67083E-03, -8.17176E-03, -8.71149E-03, -9.28839E-03, -9.89770E-03, -1.05301E-02, -1.11697E-02, -1.17916E-02, -1.23584E-02,NA,NA,NA,NA,NA,NA,NA,NA,NA,NA,NA,NA,NA,NA,NA,NA,NA,NA,NA,NA,NA,NA,NA,NA,NA,NA,NA,NA,NA,NA,NA,NA,NA,NA,NA,NA,NA,NA,NA,NA,NA,NA,NA,NA,NA,NA,NA,NA, -1.28293E-02, -1.22695E-02, -1.16306E-02, -1.09565E-02, -1.02774E-02, -9.61367E-03, -8.97823E-03, -8.37842E-03, -7.81780E-03, -7.29731E-03, -6.81616E-03, -6.37255E-03, -5.96408E-03, -5.58811E-03, -5.24193E-03, -4.92293E-03, -4.62863E-03, -4.35677E-03,
 -4.81960E-03, -5.08322E-03, -5.36951E-03, -5.68104E-03, -6.02061E-03, -6.39127E-03, -6.79617E-03, -7.23850E-03, -7.72125E-03, -8.24685E-03, -8.81668E-03, -9.43036E-03, -1.00847E-02, -1.07724E-02, -1.14803E-02, -1.21867E-02, -1.28590E-02, -1.34494E-02,NA,NA,NA,NA,NA,NA,NA,NA,NA,NA,NA,NA,NA,NA,NA,NA,NA,NA,NA,NA,NA,NA,NA,NA,NA,NA,NA,NA,NA,NA,NA,NA,NA,NA,NA,NA,NA,NA,NA,NA,NA,NA,NA,NA,NA,NA,NA, -1.25616E-02, -1.20408E-02, -1.14263E-02, -1.07668E-02, -1.00965E-02, -9.43811E-03, -8.80604E-03, -8.20878E-03, -7.65053E-03, -7.13259E-03, -6.65440E-03, -6.21420E-03, -5.80960E-03, -5.43790E-03, -5.09634E-03, -4.78223E-03, -4.49301E-03, -4.22635E-03,
 -4.77315E-03, -5.03991E-03, -5.33032E-03, -5.64714E-03, -5.99341E-03, -6.37244E-03, -6.78772E-03, -7.24288E-03, -7.74141E-03, -8.28639E-03, -8.88005E-03, -9.52307E-03, -1.02136E-02, -1.09463E-02, -1.17100E-02, -1.24865E-02, -1.32470E-02, -1.39494E-02,NA,NA,NA,NA,NA,NA,NA,NA,NA,NA,NA,NA,NA,NA,NA,NA,NA,NA,NA,NA,NA,NA,NA,NA,NA,NA,NA,NA,NA,NA,NA,NA,NA,NA,NA,NA,NA,NA,NA,NA,NA,NA,NA,NA,NA,NA,NA,NA, -1.17057E-02, -1.11331E-02, -1.05029E-02, -9.85337E-03, -9.21013E-03, -8.58966E-03, -8.00176E-03, -7.45154E-03, -6.94087E-03, -6.46953E-03, -6.03600E-03, -5.63798E-03, -5.27284E-03, -4.93781E-03, -4.63019E-03, -4.34741E-03, -4.08709E-03,
 -4.71675E-03, -4.98518E-03, -5.27798E-03, -5.59805E-03, -5.94860E-03, -6.33312E-03, -6.75539E-03, -7.21931E-03, -7.72880E-03, -8.28743E-03, -8.89809E-03, -9.56231E-03, -1.02794E-02, -1.10454E-02, -1.18514E-02, -1.26815E-02, -1.35106E-02, -1.43013E-02,NA,NA,NA,NA,NA,NA,NA,NA,NA,NA,NA,NA,NA,NA,NA,NA,NA,NA,NA,NA,NA,NA,NA,NA,NA,NA,NA,NA,NA,NA,NA,NA,NA,NA,NA,NA,NA,NA,NA,NA,NA,NA,NA,NA,NA,NA,NA,NA, -1.12680E-02, -1.07531E-02, -1.01654E-02, -9.54789E-03, -8.92934E-03, -8.32848E-03, -7.75669E-03, -7.22016E-03, -6.72151E-03, -6.26103E-03, -5.83751E-03, -5.44890E-03, -5.09266E-03, -4.76615E-03, -4.46669E-03, -4.19175E-03, -3.93897E-03,
 -4.64988E-03, -4.91844E-03, -5.21181E-03, -5.53297E-03, -5.88524E-03, -6.27225E-03, -6.69792E-03, -7.16637E-03, -7.68176E-03, -8.24804E-03, -8.86855E-03, -9.54546E-03, -1.02790E-02, -1.10662E-02, -1.18998E-02, -1.27662E-02, -1.36430E-02, -1.44966E-02, -1.52784E-02,NA,NA,NA,NA,NA,NA,NA,NA,NA,NA,NA,NA,NA,NA,NA,NA,NA,NA,NA,NA,NA,NA,NA,NA,NA,NA,NA,NA,NA,NA,NA,NA,NA,NA,NA,NA,NA,NA,NA,NA,NA,NA,NA,NA,NA,NA,NA, -1.07360E-02, -1.02916E-02, -9.75793E-03, -9.18233E-03, -8.59709E-03, -8.02331E-03, -7.47403E-03, -6.95665E-03, -6.47467E-03, -6.02897E-03, -5.61880E-03, -5.24238E-03, -4.89742E-03, -4.58142E-03, -4.29181E-03, -4.02614E-03, -3.78211E-03,
 -4.57223E-03, -4.83931E-03, -5.13138E-03, -5.45143E-03, -5.80282E-03, -6.18923E-03, -6.61466E-03, -7.08332E-03, -7.59949E-03, -8.16733E-03, -8.79046E-03, -9.47145E-03, -1.02111E-02, -1.10074E-02, -1.18541E-02, -1.27391E-02, -1.36425E-02, -1.45335E-02, -1.53673E-02,NA,NA,NA,NA,NA,NA,NA,NA,NA,NA,NA,NA,NA,NA,NA,NA,NA,NA,NA,NA,NA,NA,NA,NA,NA,NA,NA,NA,NA,NA,NA,NA,NA,NA,NA,NA,NA,NA,NA,NA,NA,NA,NA,NA,NA,NA,NA, -1.01220E-02, -9.75740E-03, -9.28640E-03, -8.76092E-03, -8.21642E-03, -7.67630E-03, -7.15533E-03, -6.66216E-03, -6.20120E-03, -5.77403E-03, -5.38038E-03, -5.01888E-03, -4.68751E-03, -4.38397E-03, -4.10587E-03, -3.85088E-03, -3.61679E-03,
 -4.48366E-03, -4.74767E-03, -5.03654E-03, -5.35326E-03, -5.70117E-03, -6.08393E-03, -6.50551E-03, -6.97010E-03, -7.48202E-03, -8.04545E-03, -8.66412E-03, -9.34080E-03, -1.00766E-02, -1.08700E-02, -1.17156E-02, -1.26025E-02, -1.35121E-02, -1.44159E-02, -1.52720E-02, -1.60215E-02,NA,NA,NA,NA,NA,NA,NA,NA,NA,NA,NA,NA,NA,NA,NA,NA,NA,NA,NA,NA,NA,NA,NA,NA,NA,NA,NA,NA,NA,NA,NA,NA,NA,NA,NA,NA,NA,NA,NA,NA,NA,NA,NA,NA,NA,NA, -9.44089E-03, -9.16122E-03, -8.75882E-03, -8.28955E-03, -7.79169E-03, -7.29075E-03, -6.80312E-03, -6.33863E-03, -5.90263E-03, -5.49740E-03, -5.12325E-03, -4.77921E-03, -4.46360E-03, -4.17439E-03, -3.90939E-03, -3.66642E-03, -3.44343E-03,
 -4.38425E-03, -4.64360E-03, -4.92742E-03, -5.23865E-03, -5.58054E-03, -5.95667E-03, -6.37090E-03, -6.82733E-03, -7.33015E-03, -7.88348E-03, -8.49096E-03, -9.15538E-03, -9.87794E-03, -1.06574E-02, -1.14887E-02, -1.23617E-02, -1.32590E-02, -1.41533E-02, -1.50049E-02, -1.57575E-02,NA,NA,NA,NA,NA,NA,NA,NA,NA,NA,NA,NA,NA,NA,NA,NA,NA,NA,NA,NA,NA,NA,NA,NA,NA,NA,NA,NA,NA,NA,NA,NA,NA,NA,NA,NA,NA,NA,NA,NA,NA,NA,NA,NA,NA,NA, -8.70924E-03, -8.51541E-03, -8.18450E-03, -7.77530E-03, -7.32834E-03, -6.87089E-03, -6.42069E-03, -5.98867E-03, -5.58104E-03, -5.20081E-03, -4.84880E-03, -4.52454E-03, -4.22669E-03, -3.95352E-03, -3.70308E-03, -3.47341E-03, -3.26259E-03,
 -4.27422E-03, -4.52737E-03, -4.80438E-03, -5.10804E-03, -5.44150E-03, -5.80818E-03, -6.21177E-03, -6.65618E-03, -7.14541E-03, -7.68334E-03, -8.27344E-03, -8.91833E-03, -9.61911E-03, -1.03745E-02, -1.11798E-02, -1.20250E-02, -1.28936E-02, -1.37593E-02, -1.45838E-02, -1.53126E-02,NA,NA,NA,NA,NA,NA,NA,NA,NA,NA,NA,NA,NA,NA,NA,NA,NA,NA,NA,NA,NA,NA,NA,NA,NA,NA,NA,NA,NA,NA,NA,NA,NA,NA,NA,NA,NA,NA,NA,NA,NA,NA,NA,NA,NA,NA, -7.94359E-03, -7.83278E-03, -7.57339E-03, -7.22597E-03, -6.83254E-03, -6.42161E-03, -6.01196E-03, -5.61544E-03, -5.23902E-03, -4.88634E-03, -4.55879E-03, -4.25632E-03, -3.97800E-03, -3.72241E-03, -3.48786E-03, -3.27262E-03, -3.07495E-03,
 -4.15397E-03, -4.39949E-03, -4.66800E-03, -4.96217E-03, -5.28495E-03, -5.63957E-03, -6.02950E-03, -6.45838E-03, -6.92992E-03, -7.44770E-03, -8.01489E-03, -8.63381E-03, -9.30531E-03, -1.00280E-02, -1.07970E-02, -1.16028E-02, -1.24289E-02, -1.32502E-02, -1.40294E-02, -1.47138E-02,NA,NA,NA,NA,NA,NA,NA,NA,NA,NA,NA,NA,NA,NA,NA,NA,NA,NA,NA,NA,NA,NA,NA,NA,NA,NA,NA,NA,NA,NA,NA,NA,NA,NA,NA,NA,NA,NA,NA,NA,NA,NA,NA,NA,NA,NA, -7.15952E-03, -7.12578E-03, -6.93548E-03, -6.64963E-03, -6.31081E-03, -5.94820E-03, -5.58127E-03, -5.22250E-03, -4.87949E-03, -4.55644E-03, -4.25523E-03, -3.97626E-03, -3.71898E-03, -3.48229E-03, -3.26479E-03, -3.06497E-03, -2.88131E-03,
 -4.02407E-03, -4.26062E-03, -4.51909E-03, -4.80200E-03, -5.11206E-03, -5.45228E-03, -5.82583E-03, -6.23605E-03, -6.68631E-03, -7.17980E-03, -7.71930E-03, -8.30674E-03, -8.94264E-03, -9.62529E-03, -1.03498E-02, -1.11065E-02, -1.18794E-02, -1.26441E-02, -1.33645E-02, -1.39897E-02, -1.44492E-02,NA,NA,NA,NA,NA,NA,NA,NA,NA,NA,NA,NA,NA,NA,NA,NA,NA,NA,NA,NA,NA,NA,NA,NA,NA,NA,NA,NA,NA,NA,NA,NA,NA,NA,NA,NA,NA,NA,NA,NA,NA,NA,NA,NA,NA, -6.37066E-03, -6.40581E-03, -6.28029E-03, -6.05418E-03, -5.76973E-03, -5.45615E-03, -5.13315E-03, -4.81364E-03, -4.50563E-03, -4.21376E-03, -3.94037E-03, -3.68626E-03, -3.45124E-03, -3.23453E-03, -3.03504E-03, -2.85149E-03, -2.68257E-03,
 -3.88518E-03, -4.11156E-03, -4.35863E-03, -4.62868E-03, -4.92424E-03, -5.24799E-03, -5.60282E-03, -5.99170E-03, -6.41761E-03, -6.88332E-03, -7.39116E-03, -7.94262E-03, -8.53779E-03, -9.17465E-03, -9.84806E-03, -1.05485E-02, -1.12602E-02, -1.19596E-02, -1.26119E-02, -1.31683E-02, -1.35616E-02,NA,NA,NA,NA,NA,NA,NA,NA,NA,NA,NA,NA,NA,NA,NA,NA,NA,NA,NA,NA,NA,NA,NA,NA,NA,NA,NA,NA,NA,NA,NA,NA,NA,NA,NA,NA,NA,NA,NA,NA,NA,NA,NA,NA,NA, -5.58807E-03, -5.68272E-03, -5.61643E-03, -5.44706E-03, -5.21566E-03, -4.95087E-03, -4.67224E-03, -4.39277E-03, -4.12074E-03, -3.86112E-03, -3.61661E-03, -3.38835E-03, -3.17652E-03, -2.98064E-03, -2.79990E-03, -2.63329E-03, -2.47970E-03,
 -3.73812E-03, -3.95326E-03, -4.18772E-03, -4.44357E-03, -4.72306E-03, -5.02860E-03, -5.36273E-03, -5.72805E-03, -6.12712E-03, -6.56224E-03, -7.03528E-03, -7.54724E-03, -8.09779E-03, -8.68456E-03, -9.30219E-03, -9.94118E-03, -1.05863E-02, -1.12147E-02, -1.17933E-02, -1.22758E-02, -1.25989E-02,NA,NA,NA,NA,NA,NA,NA,NA,NA,NA,NA,NA,NA,NA,NA,NA,NA,NA,NA,NA,NA,NA,NA,NA,NA,NA,NA,NA,NA,NA,NA,NA,NA,NA,NA,NA,NA,NA,NA,NA,NA,NA,NA,NA,NA, -4.82007E-03, -4.96458E-03, -4.95138E-03, -4.83503E-03, -4.65459E-03, -4.43759E-03, -4.20304E-03, -3.96379E-03, -3.72818E-03, -3.50139E-03, -3.28639E-03, -3.08465E-03, -2.89664E-03, -2.72218E-03, -2.56074E-03, -2.41154E-03, -2.27372E-03,
 -3.58377E-03, -3.78677E-03, -4.00760E-03, -4.24810E-03, -4.51025E-03, -4.79616E-03, -5.10801E-03, -5.44801E-03, -5.81828E-03, -6.22068E-03, -6.65658E-03, -7.12651E-03, -7.62971E-03, -8.16345E-03, -8.72223E-03, -9.29663E-03, -9.87194E-03, -1.04263E-02, -1.09286E-02, -1.13356E-02, -1.15882E-02,NA,NA,NA,NA,NA,NA,NA,NA,NA,NA,NA,NA,NA,NA,NA,NA,NA,NA,NA,NA,NA,NA,NA,NA,NA,NA,NA,NA,NA,NA,NA,NA,NA,NA,NA,NA,NA,NA,NA,NA,NA,NA,NA,NA,NA, -4.07232E-03, -4.25766E-03, -4.29141E-03, -4.22403E-03, -4.09197E-03, -3.92120E-03, -3.72990E-03, -3.53049E-03, -3.33125E-03, -3.13743E-03, -2.95221E-03, -2.77730E-03, -2.61345E-03, -2.46076E-03, -2.31894E-03, -2.18747E-03, -2.06569E-03,
 -3.42309E-03, -3.61321E-03, -3.81958E-03, -4.04382E-03, -4.28763E-03, -4.55280E-03, -4.84117E-03, -5.15455E-03, -5.49464E-03, -5.86283E-03, -6.26002E-03, -6.68629E-03, -7.14046E-03, -7.61951E-03, -8.11781E-03, -8.62613E-03, -9.13035E-03, -9.60988E-03, -1.00357E-02, -1.03677E-02, -1.05518E-02,NA,NA,NA,NA,NA,NA,NA,NA,NA,NA,NA,NA,NA,NA,NA,NA,NA,NA,NA,NA,NA,NA,NA,NA,NA,NA,NA,NA,NA,NA,NA,NA,NA,NA,NA,NA,NA,NA,NA,NA,NA,NA,NA,NA,NA, -3.34829E-03, -3.56663E-03, -3.64166E-03, -3.61918E-03, -3.53267E-03, -3.40621E-03, -3.25686E-03, -3.09650E-03, -2.93314E-03, -2.77204E-03, -2.61650E-03, -2.46842E-03, -2.32880E-03, -2.19798E-03, -2.07592E-03, -1.96230E-03, -1.85668E-03,
 -3.25709E-03, -3.43374E-03, -3.62503E-03, -3.83232E-03, -4.05705E-03, -4.30070E-03, -4.56476E-03, -4.85067E-03, -5.15968E-03, -5.49278E-03, -5.85041E-03, -6.23221E-03, -6.63664E-03, -7.06043E-03, -7.49790E-03, -7.94004E-03, -8.37346E-03, -8.77888E-03, -9.12949E-03, -9.38872E-03, -9.50763E-03, -9.42146E-03,NA,NA,NA,NA,NA,NA,NA,NA,NA,NA,NA,NA,NA,NA,NA,NA,NA,NA,NA,NA,NA,NA,NA,NA,NA,NA,NA,NA,NA,NA,NA,NA,NA,NA,NA,NA,NA,NA,NA,NA,NA,NA,NA, -2.21605E-03, -2.64980E-03, -2.89487E-03, -3.00624E-03, -3.02487E-03, -2.98100E-03, -2.89667E-03, -2.78769E-03, -2.66519E-03, -2.53687E-03, -2.40790E-03, -2.28161E-03, -2.16010E-03, -2.04452E-03, -1.93545E-03, -1.83306E-03, -1.73725E-03, -1.64778E-03,
 -3.08681E-03, -3.24957E-03, -3.42533E-03, -3.61521E-03, -3.82038E-03, -4.04202E-03, -4.28130E-03, -4.53928E-03, -4.81683E-03, -5.11450E-03, -5.43235E-03, -5.76961E-03, -6.12443E-03, -6.49333E-03, -6.87063E-03, -7.24765E-03, -7.61174E-03, -7.94504E-03, -8.22302E-03, -8.41258E-03, -8.46986E-03, -8.33739E-03,NA,NA,NA,NA,NA,NA,NA,NA,NA,NA,NA,NA,NA,NA,NA,NA,NA,NA,NA,NA,NA,NA,NA,NA,NA,NA,NA,NA,NA,NA,NA,NA,NA,NA,NA,NA,NA,NA,NA,NA,NA,NA,NA, -1.53903E-03, -1.97770E-03, -2.24485E-03, -2.38849E-03, -2.44479E-03, -2.44074E-03, -2.39624E-03, -2.32578E-03, -2.23969E-03, -2.14527E-03, -2.04752E-03, -1.94981E-03, -1.85430E-03, -1.76234E-03, -1.67470E-03, -1.59172E-03, -1.51352E-03, -1.44004E-03,
 -2.91329E-03, -3.06190E-03, -3.22187E-03, -3.39408E-03, -3.57945E-03, -3.77889E-03, -3.99323E-03, -4.22320E-03, -4.46932E-03, -4.73174E-03, -5.01014E-03, -5.30343E-03, -5.60947E-03, -5.92463E-03, -6.24329E-03, -6.55713E-03, -6.85429E-03, -7.11833E-03, -7.32695E-03, -7.45042E-03, -7.44972E-03, -7.27420E-03,NA,NA,NA,NA,NA,NA,NA,NA,NA,NA,NA,NA,NA,NA,NA,NA,NA,NA,NA,NA,NA,NA,NA,NA,NA,NA,NA,NA,NA,NA,NA,NA,NA,NA,NA,NA,NA,NA,NA,NA,NA,NA,NA, -8.91404E-04, -1.33241E-03, -1.61849E-03, -1.79118E-03, -1.88211E-03, -1.91517E-03, -1.90815E-03, -1.87420E-03, -1.82284E-03, -1.76093E-03, -1.69326E-03, -1.62317E-03, -1.55290E-03, -1.48394E-03, -1.41719E-03, -1.35320E-03, -1.29226E-03, -1.23447E-03,
 -2.73756E-03, -2.87191E-03, -3.01599E-03, -3.17047E-03, -3.33605E-03, -3.51333E-03, -3.70289E-03, -3.90512E-03, -4.12020E-03, -4.34797E-03, -4.58774E-03, -4.83816E-03, -5.09683E-03, -5.36005E-03, -5.62228E-03, -5.87558E-03, -6.10889E-03, -6.30714E-03, -6.45016E-03, -6.51137E-03, -6.45620E-03, -6.24016E-03, -5.80634E-03,NA,NA,NA,NA,NA,NA,NA,NA,NA,NA,NA,NA,NA,NA,NA,NA,NA,NA,NA,NA,NA,NA,NA,NA,NA,NA,NA,NA,NA,NA,NA,NA,NA,NA,NA,NA,NA,NA,NA,NA,NA,  3.56525E-04, -2.71827E-04, -7.14456E-04, -1.01750E-03, -1.21672E-03, -1.33962E-03, -1.40718E-03, -1.43526E-03, -1.43568E-03, -1.41720E-03, -1.38619E-03, -1.34724E-03, -1.30363E-03, -1.25763E-03, -1.21084E-03, -1.16430E-03, -1.11873E-03, -1.07456E-03, -1.03204E-03,
 -2.56064E-03, -2.68076E-03, -2.80901E-03, -2.94590E-03, -3.09186E-03, -3.24729E-03, -3.41246E-03, -3.58751E-03, -3.77230E-03, -3.96637E-03, -4.16876E-03, -4.37783E-03, -4.59105E-03, -4.80462E-03, -5.01314E-03, -5.20906E-03, -5.38211E-03, -5.51849E-03, -5.60000E-03, -5.60292E-03, -5.49668E-03, -5.24222E-03, -4.78985E-03,NA,NA,NA,NA,NA,NA,NA,NA,NA,NA,NA,NA,NA,NA,NA,NA,NA,NA,NA,NA,NA,NA,NA,NA,NA,NA,NA,NA,NA,NA,NA,NA,NA,NA,NA,NA,NA,NA,NA,NA,NA,  9.29998E-04,  3.20040E-04, -1.24692E-04, -4.43550E-04, -6.67271E-04, -8.19723E-04, -9.19302E-04, -9.80063E-04, -1.01265E-03, -1.02504E-03, -1.02316E-03, -1.01139E-03, -9.92924E-04, -9.70061E-04, -9.44464E-04, -9.17315E-04, -8.89444E-04, -8.61429E-04, -8.33665E-04,
 -2.38352E-03, -2.48954E-03, -2.60218E-03, -2.72175E-03, -2.84848E-03, -2.98254E-03, -3.12398E-03, -3.27265E-03, -3.42818E-03, -3.58982E-03, -3.75637E-03, -3.92601E-03, -4.09604E-03, -4.26265E-03, -4.42059E-03, -4.56270E-03, -4.67943E-03, -4.75817E-03, -4.78251E-03, -4.73127E-03, -4.57740E-03, -4.28653E-03, -3.81515E-03, -3.10814E-03,NA,NA,NA,NA,NA,NA,NA,NA,NA,NA,NA,NA,NA,NA,NA,NA,NA,NA,NA,NA,NA,NA,NA,NA,NA,NA,NA,NA,NA,NA,NA,NA,NA,NA,NA,NA,NA,NA,NA,  2.26484E-03,  1.47892E-03,  8.83413E-04,  4.35539E-04,  1.01607E-04, -1.44865E-04, -3.24607E-04, -4.53747E-04, -5.44752E-04, -6.07184E-04, -6.48325E-04, -6.73687E-04, -6.87417E-04, -6.92617E-04, -6.91604E-04, -6.86096E-04, -6.77371E-04, -6.66374E-04, -6.53803E-04, -6.40175E-04,
 -2.20710E-03, -2.29930E-03, -2.39667E-03, -2.49935E-03, -2.60739E-03, -2.72076E-03, -2.83928E-03, -2.96261E-03, -3.09011E-03, -3.22085E-03, -3.35340E-03, -3.48577E-03, -3.61518E-03, -3.73782E-03, -3.84859E-03, -3.94072E-03, -4.00534E-03, -4.03093E-03, -4.00264E-03, -3.90157E-03, -3.70369E-03, -3.37870E-03, -2.88831E-03, -2.18413E-03, -1.20447E-03,NA,NA,NA,NA,NA,NA,NA,NA,NA,NA,NA,NA,NA,NA,NA,NA,NA,NA,NA,NA,NA,NA,NA,NA,NA,NA,NA,NA,NA,NA,NA,NA,NA,NA,NA,NA,NA,  3.72615E-03,  2.75562E-03,  2.00133E-03,  1.41652E-03,  9.64464E-04,  6.16128E-04,  3.48597E-04,  1.43803E-04, -1.24356E-05, -1.31197E-04, -2.21088E-04, -2.88765E-04, -3.39351E-04, -3.76780E-04, -4.04061E-04, -4.23501E-04, -4.36863E-04, -4.45501E-04, -4.50453E-04, -4.52524E-04, -4.52334E-04,
 -2.03227E-03, -2.11102E-03, -2.19357E-03, -2.27990E-03, -2.36993E-03, -2.46342E-03, -2.56003E-03, -2.65920E-03, -2.76013E-03, -2.86167E-03, -2.96225E-03, -3.05974E-03, -3.15130E-03, -3.23316E-03, -3.30039E-03, -3.34658E-03, -3.36349E-03, -3.34057E-03, -3.26440E-03, -3.11801E-03, -2.88007E-03, -2.52373E-03, -2.01523E-03, -1.31191E-03, -3.59352E-04,NA,NA,NA,NA,NA,NA,NA,NA,NA,NA,NA,NA,NA,NA,NA,NA,NA,NA,NA,NA,NA,NA,NA,NA,NA,NA,NA,NA,NA,NA,NA,NA,NA,NA,NA,NA,NA,  4.14465E-03,  3.22309E-03,  2.49401E-03,  1.91692E-03,  1.46003E-03,  1.09816E-03,  8.11363E-04,  5.83820E-04,  4.03006E-04,  2.59038E-04,  1.44143E-04,  5.22237E-05, -2.14904E-05, -8.07301E-05, -1.28412E-04, -1.66819E-04, -1.97745E-04, -2.22600E-04, -2.42501E-04, -2.58338E-04, -2.70820E-04,
 -1.85982E-03, -1.92557E-03, -1.99385E-03, -2.06451E-03, -2.13730E-03, -2.21186E-03, -2.28768E-03, -2.36404E-03, -2.43996E-03, -2.51417E-03, -2.58496E-03, -2.65011E-03, -2.70674E-03, -2.75115E-03, -2.77858E-03, -2.78299E-03, -2.75671E-03, -2.69006E-03, -2.57088E-03, -2.38395E-03, -2.11024E-03, -1.72595E-03, -1.20126E-03, -4.98533E-04,  4.30147E-04,  1.64656E-03,NA,NA,NA,NA,NA,NA,NA,NA,NA,NA,NA,NA,NA,NA,NA,NA,NA,NA,NA,NA,NA,NA,NA,NA,NA,NA,NA,NA,NA,NA,NA,NA,NA,NA,NA,  5.64127E-03,  4.54256E-03,  3.66162E-03,  2.95313E-03,  2.38185E-03,  1.92011E-03,  1.54594E-03,  1.24189E-03,  9.94033E-04,  7.91249E-04,  6.24688E-04,  4.87304E-04,  3.73496E-04,  2.78812E-04,  1.99712E-04,  1.33375E-04,  7.75508E-05,  3.04329E-05, -9.43205E-06, -4.32207E-05, -7.18905E-05, -9.62255E-05,
 -1.69050E-03, -1.74378E-03, -1.79841E-03, -1.85414E-03, -1.91058E-03, -1.96725E-03, -2.02350E-03, -2.07848E-03, -2.13109E-03, -2.17993E-03, -2.22321E-03, -2.25864E-03, -2.28335E-03, -2.29371E-03, -2.28516E-03, -2.25199E-03, -2.18708E-03, -2.08155E-03, -1.92436E-03, -1.70185E-03, -1.39702E-03, -9.88778E-04, -4.50802E-04,  2.49999E-04,  1.15561E-03,  2.31995E-03,  3.81315E-03,NA,NA,NA,NA,NA,NA,NA,NA,NA,NA,NA,NA,NA,NA,NA,NA,NA,NA,NA,NA,NA,NA,NA,NA,NA,NA,NA,NA,NA,NA,NA,NA,NA,  7.23811E-03,  5.95182E-03,  4.91139E-03,  4.06554E-03,  3.37485E-03,  2.80865E-03,  2.34276E-03,  1.95797E-03,  1.63893E-03,  1.37334E-03,  1.15128E-03,  9.64801E-04,  8.07486E-04,  6.74179E-04,  5.60719E-04,  4.63747E-04,  3.80542E-04,  3.08893E-04,  2.46997E-04,  1.93373E-04,  1.46802E-04,  1.06273E-04,  7.09448E-05,
 -1.52496E-03, -1.56636E-03, -1.60805E-03, -1.64964E-03, -1.69069E-03, -1.73058E-03, -1.76856E-03, -1.80367E-03, -1.83472E-03, -1.86022E-03, -1.87832E-03, -1.88671E-03, -1.88253E-03, -1.86226E-03, -1.82155E-03, -1.75501E-03, -1.65603E-03, -1.51647E-03, -1.32633E-03, -1.07331E-03, -7.42278E-04, -3.14566E-04,  2.32980E-04,  9.29280E-04,  1.81080E-03,  2.92400E-03,  4.32878E-03,  6.10301E-03,NA,NA,NA,NA,NA,NA,NA,NA,NA,NA,NA,NA,NA,NA,NA,NA,NA,NA,NA,NA,NA,NA,NA,NA,NA,NA,NA,NA,NA,NA,NA,  8.91851E-03,  7.43729E-03,  6.23157E-03,  5.24377E-03,  4.42988E-03,  3.75585E-03,  3.19505E-03,  2.72640E-03,  2.33309E-03,  2.00159E-03,  1.72098E-03,  1.48242E-03,  1.27873E-03,  1.10407E-03,  9.53663E-04,  8.23633E-04,  7.10791E-04,  6.12520E-04,  5.26660E-04,  4.51422E-04,  3.85316E-04,  3.27094E-04,  2.75709E-04,  2.30274E-04,
 -1.36379E-03, -1.39395E-03, -1.42343E-03, -1.45177E-03, -1.47841E-03, -1.50269E-03, -1.52374E-03, -1.54054E-03, -1.55182E-03, -1.55604E-03, -1.55131E-03, -1.53532E-03, -1.50528E-03, -1.45778E-03, -1.38866E-03, -1.29290E-03, -1.16435E-03, -9.95561E-04, -7.77480E-04, -4.99077E-04, -1.46904E-04,  2.95495E-04,  8.48360E-04,  1.53676E-03,  2.39200E-03,  3.45354E-03,  4.77156E-03,  6.41025E-03,  8.45196E-03,NA,NA,NA,NA,NA,NA,NA,NA,NA,NA,NA,NA,NA,NA,NA,NA,NA,NA,NA,NA,NA,NA,NA,NA,NA,NA,NA,NA,NA,  1.06480E-02,  8.97410E-03,  7.60304E-03,  6.47240E-03,  5.53409E-03,  4.75086E-03,  4.09363E-03,  3.53945E-03,  3.07001E-03,  2.67062E-03,  2.32937E-03,  2.03658E-03,  1.78434E-03,  1.56616E-03,  1.37671E-03,  1.21160E-03,  1.06719E-03,  9.40468E-04,  8.28928E-04,  7.30470E-04,  6.43331E-04,  5.66027E-04,  4.97297E-04,  4.36071E-04,  3.81433E-04,
 -1.20749E-03, -1.22709E-03, -1.24514E-03, -1.26112E-03, -1.27441E-03, -1.28426E-03, -1.28976E-03, -1.28982E-03, -1.28313E-03, -1.26811E-03, -1.24288E-03, -1.20516E-03, -1.15222E-03, -1.08079E-03, -9.86950E-04, -8.65984E-04, -7.12231E-04, -5.18890E-04, -2.77780E-04,  2.09527E-05,  3.89207E-04,  8.41401E-04,  1.39509E-03,  2.07178E-03,  2.89801E-03,  3.90675E-03,  5.13919E-03,  6.64706E-03,  8.49510E-03,NA,NA,NA,NA,NA,NA,NA,NA,NA,NA,NA,NA,NA,NA,NA,NA,NA,NA,NA,NA,NA,NA,NA,NA,NA,NA,NA,NA,  1.23679E-02,  1.05208E-02,  8.99538E-03,  7.72820E-03,  6.66910E-03,  5.77875E-03,  5.02616E-03,  4.38679E-03,  3.84105E-03,  3.37319E-03,  2.97039E-03,  2.62223E-03,  2.32013E-03,  2.05702E-03,  1.82704E-03,  1.62534E-03,  1.44787E-03,  1.29124E-03,  1.15260E-03,  1.02956E-03,  9.20094E-04,  8.22483E-04,  7.35257E-04,  6.57160E-04,  5.87110E-04,  5.24175E-04,
 -1.05650E-03, -1.06624E-03, -1.07367E-03, -1.07821E-03, -1.07919E-03, -1.07582E-03, -1.06714E-03, -1.05203E-03, -1.02915E-03, -9.96924E-04, -9.53476E-04, -8.96585E-04, -8.23622E-04, -7.31471E-04, -6.16437E-04, -4.74136E-04, -2.99367E-04, -8.59479E-05,  1.73475E-04,  4.87663E-04,  8.67084E-04,  1.32428E-03,  1.87433E-03,  2.53549E-03,  3.32992E-03,  4.28470E-03,  5.43302E-03,  6.81554E-03,  8.48185E-03,  1.04917E-02,NA,NA,NA,NA,NA,NA,NA,NA,NA,NA,NA,NA,NA,NA,NA,NA,NA,NA,NA,NA,NA,NA,NA,NA,NA,NA,  1.39947E-02,  1.20168E-02,  1.03642E-02,  8.97785E-03,  7.80923E-03,  6.81918E-03,  5.97618E-03,  5.25492E-03,  4.63501E-03,  4.09993E-03,  3.63621E-03,  3.23280E-03,  2.88060E-03,  2.57203E-03,  2.30081E-03,  2.06166E-03,  1.85017E-03,  1.66261E-03,  1.49584E-03,  1.34718E-03,  1.21437E-03,  1.09545E-03,  9.88766E-04,  8.92874E-04,  8.06533E-04,  7.28666E-04,  6.58335E-04,
 -9.11178E-04, -9.11778E-04, -9.09395E-04, -9.03424E-04, -8.93158E-04, -8.77765E-04, -8.56270E-04, -8.27531E-04, -7.90210E-04, -7.42739E-04, -6.83286E-04, -6.09701E-04, -5.19470E-04, -4.09645E-04, -2.76773E-04, -1.16800E-04,  7.50292E-05,  3.04302E-04,  5.77592E-04,  9.02641E-04,  1.28859E-03,  1.74625E-03,  2.28847E-03,  2.93052E-03,  3.69066E-03,  4.59075E-03,  5.65699E-03,  6.92061E-03,  8.41859E-03,  1.01939E-02,  1.22950E-02,NA,NA,NA,NA,NA,NA,NA,NA,NA,NA,NA,NA,NA,NA,NA,NA,NA,NA,NA,NA,NA,NA,NA,NA,  1.54290E-02,  1.33868E-02,  1.16523E-02,  1.01776E-02,  8.92072E-03,  7.84564E-03,  6.92251E-03,  6.12662E-03,  5.43770E-03,  4.83905E-03,  4.31695E-03,  3.86000E-03,  3.45875E-03,  3.10530E-03,  2.79303E-03,  2.51635E-03,  2.27055E-03,  2.05161E-03,  1.85615E-03,  1.68124E-03,  1.52439E-03,  1.38346E-03,  1.25660E-03,  1.14219E-03,  1.03885E-03,  9.45366E-04,  8.60667E-04,  7.83826E-04,
 -7.71808E-04, -7.63988E-04, -7.52616E-04, -7.37060E-04, -7.16592E-04, -6.90361E-04, -6.57385E-04, -6.16520E-04, -5.66443E-04, -5.05622E-04, -4.32280E-04, -3.44357E-04, -2.39468E-04, -1.14846E-04,  3.27153E-05,  2.06938E-04,  4.12143E-04,  6.53349E-04,  9.36392E-04,  1.26807E-03,  1.65629E-03,  2.11030E-03,  2.64090E-03,  3.26073E-03,  3.98460E-03,  4.82985E-03,  5.81674E-03,  6.96873E-03,  8.31260E-03,  9.87826E-03,  1.16977E-02,  1.38032E-02,NA,NA,NA,NA,NA,NA,NA,NA,NA,NA,NA,NA,NA,NA,NA,NA,NA,NA,NA,NA,NA,NA,  1.65734E-02,  1.45501E-02,  1.27949E-02,  1.12763E-02,  9.96289E-03,  8.82577E-03,  7.83915E-03,  6.98080E-03,  6.23180E-03,  5.57621E-03,  5.00061E-03,  4.49373E-03,  4.04607E-03,  3.64961E-03,  3.29758E-03,  2.98421E-03,  2.70457E-03,  2.45448E-03,  2.23033E-03,  2.02901E-03,  1.84786E-03,  1.68455E-03,  1.53709E-03,  1.40371E-03,  1.28288E-03,  1.17327E-03,  1.07369E-03,  9.83120E-04,  9.00629E-04,
 -6.38612E-04, -6.23092E-04, -6.03540E-04, -5.79312E-04, -5.49667E-04, -5.13751E-04, -4.70585E-04, -4.19042E-04, -3.57829E-04, -2.85461E-04, -2.00234E-04, -1.00192E-04,  1.69097E-05,  1.53647E-04,  3.12976E-04,  4.98291E-04,  7.13490E-04,  9.63051E-04,  1.25212E-03,  1.58660E-03,  1.97330E-03,  2.42002E-03,  2.93576E-03,  3.53083E-03,  4.21707E-03,  5.00798E-03,  5.91891E-03,  6.96703E-03,  8.17118E-03,  9.55140E-03,  1.11278E-02,  1.29187E-02,  1.49376E-02,NA,NA,NA,NA,NA,NA,NA,NA,NA,NA,NA,NA,NA,NA,NA,NA,NA,NA,NA,NA,  1.73532E-02,  1.54362E-02,  1.37297E-02,  1.22208E-02,  1.08918E-02,  9.72341E-03,  8.69645E-03,  7.79305E-03,  6.99715E-03,  6.29460E-03,  5.67312E-03,  5.12212E-03,  4.63249E-03,  4.19641E-03,  3.80717E-03,  3.45900E-03,  3.14692E-03,  2.86664E-03,  2.61446E-03,  2.38714E-03,  2.18189E-03,  1.99626E-03,  1.82812E-03,  1.67560E-03,  1.53706E-03,  1.41105E-03,  1.29628E-03,  1.19164E-03,  1.09610E-03,  1.00879E-03,
 -5.11747E-04, -4.89236E-04, -4.62300E-04, -4.30289E-04, -3.92462E-04, -3.47973E-04, -2.95858E-04, -2.35018E-04, -1.64204E-04, -8.19905E-05,  1.32414E-05,  1.23334E-04,  2.50380E-04,  3.96762E-04,  5.65183E-04,  7.58717E-04,  9.80853E-04,  1.23556E-03,  1.52732E-03,  1.86125E-03,  2.24313E-03,  2.67949E-03,  3.17771E-03,  3.74611E-03,  4.39398E-03,  5.13166E-03,  5.97051E-03,  6.92274E-03,  8.00116E-03,  9.21852E-03,  1.05865E-02,  1.21143E-02,  1.38061E-02,  1.56582E-02,NA,NA,NA,NA,NA,NA,NA,NA,NA,NA,NA,NA,NA,NA,NA,NA,NA,NA,  1.77321E-02,  1.59983E-02,  1.44077E-02,  1.29647E-02,  1.16657E-02,  1.05023E-02,  9.46341E-03,  8.53713E-03,  7.71158E-03,  6.97553E-03,  6.31867E-03,  5.73176E-03,  5.20658E-03,  4.73592E-03,  4.31341E-03,  3.93352E-03,  3.59138E-03,  3.28276E-03,  3.00393E-03,  2.75164E-03,  2.52304E-03,  2.31560E-03,  2.12713E-03,  1.95567E-03,  1.79948E-03,  1.65705E-03,  1.52700E-03,  1.40814E-03,  1.29938E-03,  1.19976E-03,  1.10843E-03,
 -3.91311E-04, -3.62501E-04, -3.28953E-04, -2.90019E-04, -2.44966E-04, -1.92967E-04, -1.33083E-04, -6.42536E-05,  1.47192E-05,  1.05188E-04,  2.08678E-04,  3.26909E-04,  4.61821E-04,  6.15595E-04,  7.90687E-04,  9.89858E-04,  1.21621E-03,  1.47322E-03,  1.76479E-03,  2.09528E-03,  2.46955E-03,  2.89301E-03,  3.37166E-03,  3.91208E-03,  4.52146E-03,  5.20755E-03,  5.97852E-03,  6.84279E-03,  7.80866E-03,  8.88368E-03,  1.00738E-02,  1.13822E-02,  1.28075E-02,  1.43419E-02,  1.59688E-02,  1.76607E-02,NA,NA,NA,NA,NA,NA,NA,NA,NA,NA,NA,NA,NA,NA,  1.92631E-02,  1.77186E-02,  1.62224E-02,  1.48025E-02,  1.34761E-02,  1.22516E-02,  1.11307E-02,  1.01111E-02,  9.18734E-03,  8.35263E-03,  7.59950E-03,  6.92043E-03,  6.30814E-03,  5.75586E-03,  5.25735E-03,  4.80699E-03,  4.39971E-03,  4.03098E-03,  3.69676E-03,  3.39347E-03,  3.11794E-03,  2.86733E-03,  2.63913E-03,  2.43111E-03,  2.24128E-03,  2.06786E-03,  1.90928E-03,  1.76413E-03,  1.63113E-03,  1.50915E-03,  1.39718E-03,  1.29430E-03,  1.19970E-03,
 -2.77346E-04, -2.42910E-04, -2.03493E-04, -1.58459E-04, -1.07094E-04, -4.85931E-05,  1.79479E-05,  9.35428E-05,  1.79329E-04,  2.76579E-04,  3.86720E-04,  5.11345E-04,  6.52233E-04,  8.11371E-04,  9.90970E-04,  1.19349E-03,  1.42167E-03,  1.67853E-03,  1.96742E-03,  2.29204E-03,  2.65644E-03,  3.06503E-03,  3.52262E-03,  4.03433E-03,  4.60563E-03,  5.24216E-03,  5.94965E-03,  6.73364E-03,  7.59912E-03,  8.55003E-03,  9.58853E-03,  1.07141E-02,  1.19222E-02,  1.32034E-02,  1.45414E-02,  1.59123E-02,  1.72837E-02,  1.86147E-02,NA,NA,NA,NA,NA,NA,NA,NA,NA,NA,  1.97407E-02,  1.85775E-02,  1.73596E-02,  1.61274E-02,  1.49135E-02,  1.37421E-02,  1.26296E-02,  1.15860E-02,  1.06162E-02,  9.72126E-03,  8.89954E-03,  8.14777E-03,  7.46168E-03,  6.83651E-03,  6.26734E-03,  5.74937E-03,  5.27798E-03,  4.84888E-03,  4.45810E-03,  4.10200E-03,  3.77728E-03,  3.48094E-03,  3.21030E-03,  2.96293E-03,  2.73662E-03,  2.52942E-03,  2.33956E-03,  2.16544E-03,  2.00563E-03,  1.85882E-03,  1.72386E-03,  1.59968E-03,  1.48534E-03,  1.37997E-03,  1.28280E-03,
 -1.69849E-04, -1.30429E-04, -8.58549E-05, -3.55064E-05,  2.13086E-05,  8.53635E-05,  1.57521E-04,  2.38743E-04,  3.30099E-04,  4.32780E-04,  5.48106E-04,  6.77543E-04,  8.22712E-04,  9.85405E-04,  1.16760E-03,  1.37147E-03,  1.59941E-03,  1.85403E-03,  2.13818E-03,  2.45495E-03,  2.80768E-03,  3.19994E-03,  3.63549E-03,  4.11829E-03,  4.65235E-03,  5.24170E-03,  5.89016E-03,  6.60112E-03,  7.37726E-03,  8.22004E-03,  9.12919E-03,  1.01020E-02,  1.11326E-02,  1.22109E-02,  1.33222E-02,  1.44460E-02,  1.55565E-02,  1.66223E-02,  1.76082E-02,  1.84770E-02,  1.91925E-02,  1.97230E-02,  2.00445E-02,  2.01432E-02,  2.00179E-02,  1.96793E-02,  1.91490E-02,  1.84567E-02,  1.76370E-02,  1.67260E-02,  1.57581E-02,  1.47643E-02,  1.37702E-02,  1.27963E-02,  1.18576E-02,  1.09642E-02,  1.01225E-02,  9.33554E-03,  8.60407E-03,  7.92719E-03,  7.30287E-03,  6.72838E-03,  6.20060E-03,  5.71625E-03,  5.27205E-03,  4.86480E-03,  4.49144E-03,  4.14912E-03,  3.83515E-03,  3.54710E-03,  3.28270E-03,  3.03989E-03,  2.81677E-03,  2.61164E-03,  2.42293E-03,  2.24921E-03,  2.08920E-03,  1.94172E-03,  1.80569E-03,  1.68015E-03,  1.56422E-03,  1.45707E-03,  1.35799E-03,
 -6.87692E-05, -2.49811E-05,  2.40759E-05,  7.89999E-05,  1.40455E-04,  2.09178E-04,  2.85987E-04,  3.71785E-04,  4.67573E-04,  5.74453E-04,  6.93641E-04,  8.26472E-04,  9.74414E-04,  1.13907E-03,  1.32220E-03,  1.52570E-03,  1.75165E-03,  2.00228E-03,  2.28000E-03,  2.58736E-03,  2.92708E-03,  3.30198E-03,  3.71500E-03,  4.16909E-03,  4.66713E-03,  5.21187E-03,  5.80569E-03,  6.45045E-03,  7.14717E-03,  7.89569E-03,  8.69428E-03,  9.53909E-03,  1.04237E-02,  1.13384E-02,  1.22702E-02,  1.32019E-02,  1.41128E-02,  1.49788E-02,  1.57736E-02,  1.64699E-02,  1.70419E-02,  1.74672E-02,  1.77290E-02,  1.78177E-02,  1.77323E-02,  1.74801E-02,  1.70758E-02,  1.65401E-02,  1.58975E-02,  1.51741E-02,  1.43954E-02,  1.35851E-02,  1.27635E-02,  1.19477E-02,  1.11508E-02,  1.03826E-02,  9.64969E-03,  8.95631E-03,  8.30459E-03,  7.69516E-03,  7.12753E-03,  6.60043E-03,  6.11207E-03,  5.66037E-03,  5.24309E-03,  4.85791E-03,  4.50256E-03,  4.17483E-03,  3.87261E-03,  3.59390E-03,  3.33684E-03,  3.09971E-03,  2.88088E-03,  2.67888E-03,  2.49235E-03,  2.32001E-03,  2.16073E-03,  2.01344E-03,  1.87717E-03,  1.75102E-03,  1.63419E-03,  1.52593E-03,  1.42555E-03,
  2.59806E-05,  7.35554E-05,  1.26460E-04,  1.85266E-04,  2.50606E-04,  3.23177E-04,  4.03748E-04,  4.93162E-04,  5.92346E-04,  7.02316E-04,  8.24180E-04,  9.59148E-04,  1.10854E-03,  1.27377E-03,  1.45640E-03,  1.65807E-03,  1.88057E-03,  2.12580E-03,  2.39574E-03,  2.69250E-03,  3.01825E-03,  3.37520E-03,  3.76557E-03,  4.19151E-03,  4.65503E-03,  5.15785E-03,  5.70132E-03,  6.28617E-03,  6.91232E-03,  7.57859E-03,  8.28240E-03,  9.01942E-03,  9.78322E-03,  1.05650E-02,  1.13532E-02,  1.21339E-02,  1.28902E-02,  1.36035E-02,  1.42538E-02,  1.48211E-02,  1.52863E-02,  1.56335E-02,  1.58506E-02,  1.59308E-02,  1.58732E-02,  1.56827E-02,  1.53699E-02,  1.49492E-02,  1.44383E-02,  1.38564E-02,  1.32226E-02,  1.25551E-02,  1.18702E-02,  1.11819E-02,  1.05015E-02,  9.83790E-03,  9.19773E-03,  8.58556E-03,  8.00429E-03,  7.45549E-03,  6.93971E-03,  6.45669E-03,  6.00564E-03,  5.58536E-03,  5.19443E-03,  4.83125E-03,  4.49420E-03,  4.18160E-03,  3.89181E-03,  3.62326E-03,  3.37443E-03,  3.14387E-03,  2.93025E-03,  2.73229E-03,  2.54881E-03,  2.37871E-03,  2.22097E-03,  2.07463E-03,  1.93884E-03,  1.81277E-03,  1.69569E-03,  1.58691E-03,  1.48578E-03,
  1.14522E-04,  1.65336E-04,  2.21493E-04,  2.83536E-04,  3.52062E-04,  4.27727E-04,  5.11247E-04,  6.03405E-04,  7.05053E-04,  8.17118E-04,  9.40607E-04,  1.07661E-03,  1.22629E-03,  1.39091E-03,  1.57183E-03,  1.77046E-03,  1.98832E-03,  2.22699E-03,  2.48814E-03,  2.77344E-03,  3.08461E-03,  3.42335E-03,  3.79129E-03,  4.18994E-03,  4.62059E-03,  5.08425E-03,  5.58146E-03,  6.11219E-03,  6.67563E-03,  7.27000E-03,  7.89230E-03,  8.53811E-03,  9.20133E-03,  9.87405E-03,  1.05464E-02,  1.12068E-02,  1.18417E-02,  1.24365E-02,  1.29759E-02,  1.34448E-02,  1.38292E-02,  1.41171E-02,  1.43000E-02,  1.43728E-02,  1.43347E-02,  1.41892E-02,  1.39438E-02,  1.36089E-02,  1.31975E-02,  1.27238E-02,  1.22024E-02,  1.16474E-02,  1.10718E-02,  1.04871E-02,  9.90302E-03,  9.32741E-03,  8.76650E-03,  8.22490E-03,  7.70587E-03,  7.21151E-03,  6.74301E-03,  6.30082E-03,  5.88485E-03,  5.49458E-03,  5.12920E-03,  4.78770E-03,  4.46895E-03,  4.17175E-03,  3.89486E-03,  3.63705E-03,  3.39711E-03,  3.17386E-03,  2.96618E-03,  2.77300E-03,  2.59332E-03,  2.42617E-03,  2.27067E-03,  2.12597E-03,  1.99129E-03,  1.86591E-03,  1.74915E-03,  1.64038E-03,  1.53902E-03,
  1.97006E-04,  2.50548E-04,  3.09404E-04,  3.74087E-04,  4.45158E-04,  5.23227E-04,  6.08959E-04,  7.03074E-04,  8.06351E-04,  9.19632E-04,  1.04382E-03,  1.17989E-03,  1.32888E-03,  1.49188E-03,  1.67007E-03,  1.86466E-03,  2.07693E-03,  2.30819E-03,  2.55978E-03,  2.83306E-03,  3.12934E-03,  3.44989E-03,  3.79587E-03,  4.16827E-03,  4.56787E-03,  4.99509E-03,  5.44993E-03,  5.93183E-03,  6.43954E-03,  6.97093E-03,  7.52289E-03,  8.09111E-03,  8.66999E-03,  9.25257E-03,  9.83045E-03,  1.03939E-02,  1.09322E-02,  1.14337E-02,  1.18865E-02,  1.22791E-02,  1.26010E-02,  1.28433E-02,  1.29994E-02,  1.30656E-02,  1.30414E-02,  1.29291E-02,  1.27342E-02,  1.24644E-02,  1.21293E-02,  1.17396E-02,  1.13065E-02,  1.08411E-02,  1.03538E-02,  9.85400E-03,  9.35000E-03,  8.84871E-03,  8.35577E-03,  7.87562E-03,  7.41158E-03,  6.96604E-03,  6.54055E-03,  6.13603E-03,  5.75288E-03,  5.39107E-03,  5.05026E-03,  4.72990E-03,  4.42926E-03,  4.14751E-03,  3.88376E-03,  3.63706E-03,  3.40648E-03,  3.19107E-03,  2.98992E-03,  2.80214E-03,  2.62686E-03,  2.46328E-03,  2.31060E-03,  2.16812E-03,  2.03512E-03,  1.91096E-03,  1.79503E-03,  1.68676E-03,  1.58562E-03,
  2.73608E-04,  3.29403E-04,  3.90447E-04,  4.57222E-04,  5.30250E-04,  6.10099E-04,  6.97378E-04,  7.92747E-04,  8.96914E-04,  1.01064E-03,  1.13473E-03,  1.27004E-03,  1.41749E-03,  1.57803E-03,  1.75266E-03,  1.94241E-03,  2.14835E-03,  2.37156E-03,  2.61310E-03,  2.87402E-03,  3.15534E-03,  3.45795E-03,  3.78264E-03,  4.13001E-03,  4.50041E-03,  4.89386E-03,  5.30998E-03,  5.74786E-03,  6.20599E-03,  6.68212E-03,  7.17316E-03,  7.67506E-03,  8.18278E-03,  8.69022E-03,  9.19026E-03,  9.67487E-03,  1.01353E-02,  1.05622E-02,  1.09464E-02,  1.12789E-02,  1.15517E-02,  1.17579E-02,  1.18927E-02,  1.19532E-02,  1.19389E-02,  1.18516E-02,  1.16951E-02,  1.14754E-02,  1.11996E-02,  1.08759E-02,  1.05130E-02,  1.01197E-02,  9.70436E-03,  9.27476E-03,  8.83784E-03,  8.39963E-03,  7.96519E-03,  7.53865E-03,  7.12324E-03,  6.72142E-03,  6.33498E-03,  5.96511E-03,  5.61252E-03,  5.27754E-03,  4.96019E-03,  4.66026E-03,  4.37734E-03,  4.11091E-03,  3.86035E-03,  3.62498E-03,  3.40407E-03,  3.19689E-03,  3.00270E-03,  2.82078E-03,  2.65040E-03,  2.49087E-03,  2.34154E-03,  2.20175E-03,  2.07090E-03,  1.94843E-03,  1.83377E-03,  1.72643E-03,  1.62592E-03,
  3.44522E-04,  4.02130E-04,  4.64893E-04,  5.33260E-04,  6.07715E-04,  6.88779E-04,  7.77012E-04,  8.73013E-04,  9.77420E-04,  1.09091E-03,  1.21421E-03,  1.34806E-03,  1.49327E-03,  1.65066E-03,  1.82107E-03,  2.00537E-03,  2.20443E-03,  2.41913E-03,  2.65031E-03,  2.89877E-03,  3.16524E-03,  3.45035E-03,  3.75457E-03,  4.07820E-03,  4.42128E-03,  4.78354E-03,  5.16433E-03,  5.56256E-03,  5.97657E-03,  6.40410E-03,  6.84219E-03,  7.28713E-03,  7.73442E-03,  8.17877E-03,  8.61413E-03,  9.03384E-03,  9.43072E-03,  9.79736E-03,  1.01264E-02,  1.04108E-02,  1.06443E-02,  1.08217E-02,  1.09393E-02,  1.09947E-02,  1.09876E-02,  1.09191E-02,  1.07924E-02,  1.06117E-02,  1.03826E-02,  1.01115E-02,  9.80509E-03,  9.47043E-03,  9.11428E-03,  8.74307E-03,  8.36266E-03,  7.97825E-03,  7.59431E-03,  7.21462E-03,  6.84223E-03,  6.47959E-03,  6.12853E-03,  5.79042E-03,  5.46618E-03,  5.15638E-03,  4.86129E-03,  4.58096E-03,  4.31524E-03,  4.06384E-03,  3.82638E-03,  3.60237E-03,  3.39129E-03,  3.19259E-03,  3.00568E-03,  2.82996E-03,  2.66486E-03,  2.50980E-03,  2.36420E-03,  2.22753E-03,  2.09924E-03,  1.97885E-03,  1.86586E-03,  1.75982E-03,  1.66029E-03,
  4.09958E-04,  4.68978E-04,  5.33032E-04,  6.02537E-04,  6.77939E-04,  7.59716E-04,  8.48375E-04,  9.44459E-04,  1.04854E-03,  1.16122E-03,  1.28314E-03,  1.41495E-03,  1.55734E-03,  1.71101E-03,  1.87668E-03,  2.05506E-03,  2.24686E-03,  2.45278E-03,  2.67347E-03,  2.90951E-03,  3.16142E-03,  3.42959E-03,  3.71426E-03,  4.01550E-03,  4.33311E-03,  4.66664E-03,  5.01527E-03,  5.37777E-03,  5.75247E-03,  6.13717E-03,  6.52911E-03,  6.92491E-03,  7.32059E-03,  7.71159E-03,  8.09277E-03,  8.45857E-03,  8.80311E-03,  9.12038E-03,  9.40449E-03,  9.64988E-03,  9.85163E-03,  1.00056E-02,  1.01090E-02,  1.01598E-02,  1.01579E-02,  1.01040E-02,  1.00005E-02,  9.85073E-03,  9.65892E-03,  9.43006E-03,  9.16957E-03,  8.88302E-03,  8.57594E-03,  8.25366E-03,  7.92112E-03,  7.58277E-03,  7.24258E-03,  6.90391E-03,  6.56963E-03,  6.24205E-03,  5.92302E-03,  5.61397E-03,  5.31594E-03,  5.02966E-03,  4.75558E-03,  4.49394E-03,  4.24478E-03,  4.00800E-03,  3.78341E-03,  3.57069E-03,  3.36949E-03,  3.17939E-03,  2.99994E-03,  2.83069E-03,  2.67115E-03,  2.52086E-03,  2.37933E-03,  2.24610E-03,  2.12071E-03,  2.00274E-03,  1.89174E-03,  1.78733E-03,  1.68910E-03,
  4.70140E-04,  5.30203E-04,  5.95160E-04,  6.65395E-04,  7.41316E-04,  8.23357E-04,  9.11980E-04,  1.00767E-03,  1.11093E-03,  1.22231E-03,  1.34235E-03,  1.47163E-03,  1.61074E-03,  1.76026E-03,  1.92079E-03,  2.09292E-03,  2.27722E-03,  2.47423E-03,  2.68443E-03,  2.90823E-03,  3.14598E-03,  3.39788E-03,  3.66399E-03,  3.94420E-03,  4.23816E-03,  4.54527E-03,  4.86462E-03,  5.19495E-03,  5.53460E-03,  5.88149E-03,  6.23306E-03,  6.58629E-03,  6.93767E-03,  7.28326E-03,  7.61870E-03,  7.93935E-03,  8.24033E-03,  8.51677E-03,  8.76389E-03,  8.97725E-03,  9.15292E-03,  9.28768E-03,  9.37915E-03,  9.42595E-03,  9.42774E-03,  9.38523E-03,  9.30011E-03,  9.17500E-03,  9.01325E-03,  8.81880E-03,  8.59594E-03,  8.34920E-03,  8.08311E-03,  7.80208E-03,  7.51028E-03,  7.21156E-03,  6.90935E-03,  6.60669E-03,  6.30618E-03,  6.00999E-03,  5.71992E-03,  5.43740E-03,  5.16353E-03,  4.89914E-03,  4.64480E-03,  4.40088E-03,  4.16757E-03,  3.94493E-03,  3.73288E-03,  3.53128E-03,  3.33988E-03,  3.15840E-03,  2.98652E-03,  2.82389E-03,  2.67011E-03,  2.52481E-03,  2.38760E-03,  2.25809E-03,  2.13588E-03,  2.02060E-03,  1.91188E-03,  1.80936E-03,  1.71271E-03,
  5.25298E-04,  5.86072E-04,  6.51583E-04,  7.22181E-04,  7.98240E-04,  8.80153E-04,  9.68333E-04,  1.06321E-03,  1.16525E-03,  1.27491E-03,  1.39267E-03,  1.51902E-03,  1.65447E-03,  1.79951E-03,  1.95463E-03,  2.12030E-03,  2.29696E-03,  2.48504E-03,  2.68486E-03,  2.89672E-03,  3.12080E-03,  3.35716E-03,  3.60573E-03,  3.86626E-03,  4.13831E-03,  4.42117E-03,  4.71391E-03,  5.01526E-03,  5.32362E-03,  5.63704E-03,  5.95321E-03,  6.26941E-03,  6.58258E-03,  6.88930E-03,  7.18588E-03,  7.46840E-03,  7.73283E-03,  7.97517E-03,  8.19152E-03,  8.37829E-03,  8.53233E-03,  8.65104E-03,  8.73253E-03,  8.77568E-03,  8.78017E-03,  8.74656E-03,  8.67614E-03,  8.57098E-03,  8.43371E-03,  8.26748E-03,  8.07575E-03,  7.86220E-03,  7.63056E-03,  7.38451E-03,  7.12758E-03,  6.86305E-03,  6.59394E-03,  6.32293E-03,  6.05237E-03,  5.78430E-03,  5.52039E-03,  5.26206E-03,  5.01042E-03,  4.76634E-03,  4.53047E-03,  4.30328E-03,  4.08506E-03,  3.87598E-03,  3.67608E-03,  3.48532E-03,  3.30358E-03,  3.13068E-03,  2.96638E-03,  2.81043E-03,  2.66254E-03,  2.52240E-03,  2.38969E-03,  2.26409E-03,  2.14527E-03,  2.03292E-03,  1.92671E-03,  1.82633E-03,  1.73148E-03,
  5.75671E-04,  6.36855E-04,  7.02605E-04,  7.73242E-04,  8.49103E-04,  9.30543E-04,  1.01793E-03,  1.11165E-03,  1.21211E-03,  1.31970E-03,  1.43484E-03,  1.55796E-03,  1.68947E-03,  1.82979E-03,  1.97930E-03,  2.13839E-03,  2.30740E-03,  2.48662E-03,  2.67628E-03,  2.87656E-03,  3.08752E-03,  3.30911E-03,  3.54117E-03,  3.78334E-03,  4.03512E-03,  4.29577E-03,  4.56432E-03,  4.83955E-03,  5.11995E-03,  5.40371E-03,  5.68874E-03,  5.97262E-03,  6.25267E-03,  6.52594E-03,  6.78928E-03,  7.03939E-03,  7.27292E-03,  7.48653E-03,  7.67705E-03,  7.84155E-03,  7.97745E-03,  8.08267E-03,  8.15567E-03,  8.19551E-03,  8.20195E-03,  8.17538E-03,  8.11683E-03,  8.02792E-03,  7.91077E-03,  7.76789E-03,  7.60210E-03,  7.41641E-03,  7.21391E-03,  6.99768E-03,  6.77069E-03,  6.53579E-03,  6.29558E-03,  6.05245E-03,  5.80851E-03,  5.56561E-03,  5.32533E-03,  5.08903E-03,  4.85779E-03,  4.63251E-03,  4.41388E-03,  4.20242E-03,  3.99850E-03,  3.80237E-03,  3.61416E-03,  3.43393E-03,  3.26162E-03,  3.09716E-03,  2.94039E-03,  2.79114E-03,  2.64919E-03,  2.51430E-03,  2.38621E-03,  2.26468E-03,  2.14942E-03,  2.04017E-03,  1.93666E-03,  1.83860E-03,  1.74575E-03,
  6.21498E-04,  6.82823E-04,  7.48534E-04,  8.18922E-04,  8.94292E-04,  9.74961E-04,  1.06126E-03,  1.15352E-03,  1.25210E-03,  1.35734E-03,  1.46961E-03,  1.58926E-03,  1.71663E-03,  1.85206E-03,  1.99586E-03,  2.14833E-03,  2.30972E-03,  2.48024E-03,  2.66002E-03,  2.84913E-03,  3.04757E-03,  3.25519E-03,  3.47175E-03,  3.69685E-03,  3.92992E-03,  4.17023E-03,  4.41680E-03,  4.66848E-03,  4.92386E-03,  5.18127E-03,  5.43883E-03,  5.69440E-03,  5.94563E-03,  6.18997E-03,  6.42473E-03,  6.64711E-03,  6.85432E-03,  7.04356E-03,  7.21223E-03,  7.35790E-03,  7.47847E-03,  7.57224E-03,  7.63793E-03,  7.67480E-03,  7.68261E-03,  7.66166E-03,  7.61276E-03,  7.53721E-03,  7.43671E-03,  7.31329E-03,  7.16927E-03,  7.00711E-03,  6.82939E-03,  6.63870E-03,  6.43756E-03,  6.22840E-03,  6.01351E-03,  5.79497E-03,  5.57469E-03,  5.35435E-03,  5.13542E-03,  4.91915E-03,  4.70662E-03,  4.49870E-03,  4.29611E-03,  4.09939E-03,  3.90897E-03,  3.72516E-03,  3.54815E-03,  3.37805E-03,  3.21492E-03,  3.05871E-03,  2.90936E-03,  2.76676E-03,  2.63074E-03,  2.50115E-03,  2.37777E-03,  2.26040E-03,  2.14882E-03,  2.04281E-03,  1.94214E-03,  1.84657E-03,  1.75588E-03,
  6.63020E-04,  7.24246E-04,  7.89672E-04,  8.59560E-04,  9.34184E-04,  1.01383E-03,  1.09878E-03,  1.18933E-03,  1.28580E-03,  1.38847E-03,  1.49766E-03,  1.61365E-03,  1.73674E-03,  1.86719E-03,  2.00525E-03,  2.15113E-03,  2.30502E-03,  2.46704E-03,  2.63726E-03,  2.81568E-03,  3.00220E-03,  3.19665E-03,  3.39871E-03,  3.60795E-03,  3.82378E-03,  4.04547E-03,  4.27208E-03,  4.50252E-03,  4.73547E-03,  4.96943E-03,  5.20270E-03,  5.43339E-03,  5.65944E-03,  5.87865E-03,  6.08870E-03,  6.28723E-03,  6.47187E-03,  6.64030E-03,  6.79033E-03,  6.91996E-03,  7.02747E-03,  7.11144E-03,  7.17083E-03,  7.20500E-03,  7.21375E-03,  7.19731E-03,  7.15632E-03,  7.09183E-03,  7.00521E-03,  6.89813E-03,  6.77248E-03,  6.63031E-03,  6.47377E-03,  6.30504E-03,  6.12628E-03,  5.93957E-03,  5.74690E-03,  5.55012E-03,  5.35091E-03,  5.15079E-03,  4.95113E-03,  4.75309E-03,  4.55769E-03,  4.36578E-03,  4.17807E-03,  3.99513E-03,  3.81741E-03,  3.64526E-03,  3.47893E-03,  3.31857E-03,  3.16429E-03,  3.01612E-03,  2.87403E-03,  2.73798E-03,  2.60786E-03,  2.48354E-03,  2.36490E-03,  2.25176E-03,  2.14394E-03,  2.04127E-03,  1.94355E-03,  1.85059E-03,  1.76219E-03,
