 -5.18625E-04, -4.92869E-04, -4.63755E-04, -4.31005E-04, -3.94328E-04, -3.53415E-04, -3.07943E-04, -2.57576E-04, -2.01961E-04, -1.40740E-04, -7.35420E-05,  8.11171E-09,  8.02871E-05,  1.67669E-04,  2.62519E-04,  3.65188E-04,  4.76005E-04,  5.95265E-04,  7.23225E-04,  8.60087E-04,  1.00599E-03,  1.16100E-03,  1.32507E-03,  1.49807E-03,  1.67974E-03,  1.86968E-03,  2.06733E-03,  2.27196E-03,  2.48266E-03,  2.69835E-03,  2.91773E-03,  3.13929E-03,  3.36136E-03,  3.58204E-03,  3.79930E-03,  4.01094E-03,  4.21468E-03,  4.40814E-03,  4.58896E-03,  4.75481E-03,  4.90347E-03,  5.03291E-03,  5.14132E-03,  5.22721E-03,  5.28942E-03,  5.32719E-03,  5.34019E-03,  5.32850E-03,  5.29263E-03,  5.23349E-03,  5.15233E-03,  5.05074E-03,  4.93052E-03,  4.79369E-03,  4.64238E-03,  4.47877E-03,  4.30508E-03,  4.12343E-03,  3.93589E-03,  3.74441E-03,  3.55077E-03,  3.35659E-03,  3.16334E-03,  2.97228E-03,  2.78452E-03,  2.60098E-03,  2.42245E-03,  2.24954E-03,  2.08275E-03,  1.92244E-03,  1.76886E-03,  1.62218E-03,  1.48247E-03,  1.34975E-03,  1.22395E-03,  1.10498E-03,  9.92699E-04,  8.86919E-04,  7.87443E-04,  6.94050E-04,  6.06506E-04,  5.24565E-04,  4.47978E-04,
 -5.68770E-04, -5.44127E-04, -5.16025E-04, -4.84165E-04, -4.48227E-04, -4.07872E-04, -3.62743E-04, -3.12465E-04, -2.56643E-04, -1.94872E-04, -1.26728E-04, -5.17806E-05,  3.04088E-05,  1.20280E-04,  2.18270E-04,  3.24804E-04,  4.40289E-04,  5.65103E-04,  6.99584E-04,  8.44020E-04,  9.98631E-04,  1.16356E-03,  1.33884E-03,  1.52440E-03,  1.72003E-03,  1.92536E-03,  2.13986E-03,  2.36279E-03,  2.59320E-03,  2.82994E-03,  3.07159E-03,  3.31650E-03,  3.56281E-03,  3.80837E-03,  4.05087E-03,  4.28778E-03,  4.51642E-03,  4.73404E-03,  4.93784E-03,  5.12504E-03,  5.29301E-03,  5.43928E-03,  5.56170E-03,  5.65843E-03,  5.72810E-03,  5.76979E-03,  5.78310E-03,  5.76815E-03,  5.72557E-03,  5.65648E-03,  5.56244E-03,  5.44535E-03,  5.30744E-03,  5.15110E-03,  4.97890E-03,  4.79344E-03,  4.59729E-03,  4.39296E-03,  4.18284E-03,  3.96914E-03,  3.75387E-03,  3.53886E-03,  3.32571E-03,  3.11580E-03,  2.91031E-03,  2.71021E-03,  2.51630E-03,  2.32920E-03,  2.14938E-03,  1.97716E-03,  1.81276E-03,  1.65630E-03,  1.50778E-03,  1.36716E-03,  1.23432E-03,  1.10910E-03,  9.91288E-04,  8.80650E-04,  7.76927E-04,  6.79844E-04,  5.89114E-04,  5.04444E-04,  4.25540E-04,
 -6.22381E-04, -5.99106E-04, -5.72286E-04, -5.41597E-04, -5.06690E-04, -4.67195E-04, -4.22719E-04, -3.72845E-04, -3.17135E-04, -2.55129E-04, -1.86351E-04, -1.10305E-04, -2.64859E-05,  6.56215E-05,  1.66533E-04,  2.76761E-04,  3.96803E-04,  5.27131E-04,  6.68183E-04,  8.20347E-04,  9.83945E-04,  1.15921E-03,  1.34629E-03,  1.54518E-03,  1.75574E-03,  1.97768E-03,  2.21048E-03,  2.45343E-03,  2.70554E-03,  2.96560E-03,  3.23210E-03,  3.50322E-03,  3.77688E-03,  4.05069E-03,  4.32198E-03,  4.58786E-03,  4.84521E-03,  5.09078E-03,  5.32126E-03,  5.53335E-03,  5.72387E-03,  5.88984E-03,  6.02864E-03,  6.13807E-03,  6.21641E-03,  6.26257E-03,  6.27607E-03,  6.25708E-03,  6.20638E-03,  6.12538E-03,  6.01598E-03,  5.88054E-03,  5.72175E-03,  5.54254E-03,  5.34597E-03,  5.13514E-03,  4.91310E-03,  4.68276E-03,  4.44689E-03,  4.20800E-03,  3.96839E-03,  3.73007E-03,  3.49479E-03,  3.26405E-03,  3.03909E-03,  2.82093E-03,  2.61035E-03,  2.40796E-03,  2.21419E-03,  2.02933E-03,  1.85351E-03,  1.68678E-03,  1.52909E-03,  1.38031E-03,  1.24024E-03,  1.10865E-03,  9.85261E-04,  8.69760E-04,  7.61827E-04,  6.61123E-04,  5.67304E-04,  4.80022E-04,  3.98933E-04,
 -6.79596E-04, -6.57970E-04, -6.32728E-04, -6.03521E-04, -5.69972E-04, -5.31678E-04, -4.88208E-04, -4.39102E-04, -3.83874E-04, -3.22008E-04, -2.52967E-04, -1.76188E-04, -9.10890E-05,  2.92696E-06,  1.06467E-04,  2.20139E-04,  3.44545E-04,  4.80270E-04,  6.27868E-04,  7.87845E-04,  9.60645E-04,  1.14663E-03,  1.34605E-03,  1.55903E-03,  1.78552E-03,  2.02532E-03,  2.27796E-03,  2.54277E-03,  2.81877E-03,  3.10468E-03,  3.39889E-03,  3.69944E-03,  4.00402E-03,  4.30993E-03,  4.61416E-03,  4.91334E-03,  5.20387E-03,  5.48191E-03,  5.74352E-03,  5.98474E-03,  6.20173E-03,  6.39089E-03,  6.54899E-03,  6.67334E-03,  6.76184E-03,  6.81314E-03,  6.82666E-03,  6.80263E-03,  6.74205E-03,  6.64668E-03,  6.51890E-03,  6.36160E-03,  6.17809E-03,  5.97194E-03,  5.74684E-03,  5.50649E-03,  5.25450E-03,  4.99427E-03,  4.72900E-03,  4.46156E-03,  4.19451E-03,  3.93009E-03,  3.67022E-03,  3.41648E-03,  3.17018E-03,  2.93234E-03,  2.70374E-03,  2.48493E-03,  2.27629E-03,  2.07803E-03,  1.89021E-03,  1.71277E-03,  1.54558E-03,  1.38841E-03,  1.24098E-03,  1.10295E-03,  9.73975E-04,  8.53656E-04,  7.41596E-04,  6.37386E-04,  5.40616E-04,  4.50879E-04,  3.67777E-04,
 -7.40543E-04, -7.20872E-04, -6.97534E-04, -6.70155E-04, -6.38329E-04, -6.01620E-04, -5.59555E-04, -5.11632E-04, -4.57312E-04, -3.96023E-04, -3.27160E-04, -2.50086E-04, -1.64137E-04, -6.86245E-05,  3.71591E-05,  1.53933E-04,  2.82418E-04,  4.23327E-04,  5.77348E-04,  7.45133E-04,  9.27270E-04,  1.12427E-03,  1.33653E-03,  1.56433E-03,  1.80775E-03,  2.06668E-03,  2.34078E-03,  2.62943E-03,  2.93167E-03,  3.24620E-03,  3.57133E-03,  3.90495E-03,  4.24449E-03,  4.58697E-03,  4.92894E-03,  5.26654E-03,  5.59554E-03,  5.91143E-03,  6.20951E-03,  6.48501E-03,  6.73326E-03,  6.94986E-03,  7.13084E-03,  7.27284E-03,  7.37331E-03,  7.43054E-03,  7.44384E-03,  7.41352E-03,  7.34087E-03,  7.22809E-03,  7.07815E-03,  6.89469E-03,  6.68177E-03,  6.44376E-03,  6.18513E-03,  5.91032E-03,  5.62359E-03,  5.32895E-03,  5.03006E-03,  4.73019E-03,  4.43223E-03,  4.13862E-03,  3.85144E-03,  3.57234E-03,  3.30268E-03,  3.04346E-03,  2.79542E-03,  2.55904E-03,  2.33460E-03,  2.12222E-03,  1.92183E-03,  1.73329E-03,  1.55632E-03,  1.39059E-03,  1.23571E-03,  1.09125E-03,  9.56733E-04,  8.31696E-04,  7.15647E-04,  6.08097E-04,  5.08566E-04,  4.16579E-04,  3.31677E-04,
 -8.05342E-04, -7.87959E-04, -7.66881E-04, -7.41710E-04, -7.12010E-04, -6.77311E-04, -6.37103E-04, -5.90833E-04, -5.37912E-04, -4.77704E-04, -4.09534E-04, -3.32688E-04, -2.46409E-04, -1.49909E-04, -4.23683E-05,  7.70556E-05,  2.09219E-04,  3.54982E-04,  5.15191E-04,  6.90663E-04,  8.82164E-04,  1.09039E-03,  1.31591E-03,  1.55919E-03,  1.82048E-03,  2.09985E-03,  2.39709E-03,  2.71166E-03,  3.04269E-03,  3.38888E-03,  3.74848E-03,  4.11925E-03,  4.49839E-03,  4.88256E-03,  5.26787E-03,  5.64988E-03,  6.02365E-03,  6.38385E-03,  6.72485E-03,  7.04089E-03,  7.32627E-03,  7.57556E-03,  7.78382E-03,  7.94690E-03,  8.06156E-03,  8.12569E-03,  8.13845E-03,  8.10023E-03,  8.01271E-03,  7.87868E-03,  7.70192E-03,  7.48696E-03,  7.23886E-03,  6.96301E-03,  6.66483E-03,  6.34965E-03,  6.02255E-03,  5.68820E-03,  5.35083E-03,  5.01414E-03,  4.68133E-03,  4.35509E-03,  4.03760E-03,  3.73060E-03,  3.43543E-03,  3.15305E-03,  2.88411E-03,  2.62900E-03,  2.38786E-03,  2.16066E-03,  1.94722E-03,  1.74722E-03,  1.56026E-03,  1.38588E-03,  1.22354E-03,  1.07270E-03,  9.32780E-04,  8.03193E-04,  6.83356E-04,  5.72694E-04,  4.70644E-04,  3.76662E-04,  2.90222E-04,
 -8.74097E-04, -8.59361E-04, -8.40930E-04, -8.18382E-04, -7.91254E-04, -7.59040E-04, -7.21189E-04, -6.77104E-04, -6.26138E-04, -5.67591E-04, -5.00716E-04, -4.24711E-04, -3.38723E-04, -2.41855E-04, -1.33163E-04, -1.16675E-05,  1.23641E-04,  2.73789E-04,  4.39806E-04,  6.22703E-04,  8.23456E-04,  1.04297E-03,  1.28206E-03,  1.54140E-03,  1.82147E-03,  2.12254E-03,  2.44460E-03,  2.78728E-03,  3.14982E-03,  3.53097E-03,  3.92898E-03,  4.34149E-03,  4.76547E-03,  5.19725E-03,  5.63243E-03,  6.06590E-03,  6.49194E-03,  6.90422E-03,  7.29598E-03,  7.66024E-03,  7.98998E-03,  8.27847E-03,  8.51954E-03,  8.70794E-03,  8.83958E-03,  8.91181E-03,  8.92355E-03,  8.87536E-03,  8.76941E-03,  8.60929E-03,  8.39981E-03,  8.14671E-03,  7.85633E-03,  7.53530E-03,  7.19028E-03,  6.82769E-03,  6.45355E-03,  6.07333E-03,  5.69186E-03,  5.31334E-03,  4.94128E-03,  4.57859E-03,  4.22754E-03,  3.88991E-03,  3.56697E-03,  3.25959E-03,  2.96829E-03,  2.69330E-03,  2.43459E-03,  2.19195E-03,  1.96503E-03,  1.75332E-03,  1.55625E-03,  1.37321E-03,  1.20350E-03,  1.04643E-03,  9.01303E-04,  7.67410E-04,  6.44060E-04,  5.30579E-04,  4.26318E-04,  3.30653E-04,  2.42989E-04,
 -9.46895E-04, -9.35193E-04, -9.19828E-04, -9.00355E-04, -8.76284E-04, -8.47077E-04, -8.12143E-04, -7.70837E-04, -7.22455E-04, -6.66233E-04, -6.01343E-04, -5.26894E-04, -4.41933E-04, -3.45440E-04, -2.36339E-04, -1.13496E-04,  2.42677E-05,  1.78167E-04,  3.49440E-04,  5.39326E-04,  7.49043E-04,  9.79759E-04,  1.23256E-03,  1.50839E-03,  1.80803E-03,  2.13201E-03,  2.48059E-03,  2.85362E-03,  3.25054E-03,  3.67022E-03,  4.11095E-03,  4.57030E-03,  5.04509E-03,  5.53126E-03,  6.02390E-03,  6.51718E-03,  7.00443E-03,  7.47816E-03,  7.93026E-03,  8.35219E-03,  8.73529E-03,  9.07114E-03,  9.35197E-03,  9.57106E-03,  9.72321E-03,  9.80501E-03,  9.81509E-03,  9.75424E-03,  9.62527E-03,  9.43286E-03,  9.18322E-03,  8.88364E-03,  8.54213E-03,  8.16694E-03,  7.76624E-03,  7.34779E-03,  6.91871E-03,  6.48541E-03,  6.05340E-03,  5.62736E-03,  5.21115E-03,  4.80781E-03,  4.41969E-03,  4.04852E-03,  3.69546E-03,  3.36121E-03,  3.04611E-03,  2.75015E-03,  2.47309E-03,  2.21449E-03,  1.97375E-03,  1.75019E-03,  1.54301E-03,  1.35140E-03,  1.17451E-03,  1.01147E-03,  8.61434E-04,  7.23569E-04,  5.97062E-04,  4.81134E-04,  3.75037E-04,  2.78064E-04,  1.89546E-04,
 -1.02380E-03, -1.01555E-03, -1.00370E-03, -9.87790E-04, -9.67307E-04, -9.41680E-04, -9.10279E-04, -8.72413E-04, -8.27321E-04, -7.74171E-04, -7.12058E-04, -6.39995E-04, -5.56918E-04, -4.61684E-04, -3.53067E-04, -2.29770E-04, -9.04237E-05,  6.63993E-05,  2.42172E-04,  4.38395E-04,  6.56572E-04,  8.98177E-04,  1.16462E-03,  1.45719E-03,  1.77703E-03,  2.12501E-03,  2.50174E-03,  2.90738E-03,  3.34166E-03,  3.80367E-03,  4.29182E-03,  4.80371E-03,  5.33600E-03,  5.88434E-03,  6.44328E-03,  7.00621E-03,  7.56536E-03,  8.11190E-03,  8.63607E-03,  9.12740E-03,  9.57514E-03,  9.96867E-03,  1.02981E-02,  1.05548E-02,  1.07319E-02,  1.08251E-02,  1.08327E-02,  1.07556E-02,  1.05977E-02,  1.03650E-02,  1.00656E-02,  9.70905E-03,  9.30536E-03,  8.86492E-03,  8.39777E-03,  7.91329E-03,  7.41996E-03,  6.92518E-03,  6.43523E-03,  5.95528E-03,  5.48945E-03,  5.04091E-03,  4.61197E-03,  4.20423E-03,  3.81864E-03,  3.45568E-03,  3.11539E-03,  2.79747E-03,  2.50139E-03,  2.22643E-03,  1.97172E-03,  1.73629E-03,  1.51912E-03,  1.31919E-03,  1.13542E-03,  9.66779E-04,  8.12250E-04,  6.70850E-04,  5.41637E-04,  4.23714E-04,  3.16233E-04,  2.18397E-04,  1.29457E-04,
 -1.10487E-03, -1.10050E-03, -1.09264E-03, -1.08082E-03, -1.06450E-03, -1.04308E-03, -1.01589E-03, -9.82190E-04, -9.41175E-04, -8.91942E-04, -8.33502E-04, -7.64774E-04, -6.84579E-04, -5.91640E-04, -4.84576E-04, -3.61907E-04, -2.22058E-04, -6.33666E-05,  1.15907E-04,  3.17561E-04,  5.43426E-04,  7.95339E-04,  1.07510E-03,  1.38441E-03,  1.72483E-03,  2.09771E-03,  2.50408E-03,  2.94455E-03,  3.41922E-03,  3.92755E-03,  4.46819E-03,  5.03885E-03,  5.63619E-03,  6.25558E-03,  6.89107E-03,  7.53522E-03,  8.17909E-03,  8.81224E-03,  9.42292E-03,  9.99829E-03,  1.05249E-02,  1.09893E-02,  1.13787E-02,  1.16818E-02,  1.18898E-02,  1.19969E-02,  1.20006E-02,  1.19026E-02,  1.17078E-02,  1.14245E-02,  1.10632E-02,  1.06361E-02,  1.01564E-02,  9.63690E-03,  9.09015E-03,  8.52746E-03,  7.95885E-03,  7.39286E-03,  6.83653E-03,  6.29548E-03,  5.77405E-03,  5.27539E-03,  4.80169E-03,  4.35426E-03,  3.93377E-03,  3.54032E-03,  3.17357E-03,  2.83286E-03,  2.51727E-03,  2.22572E-03,  1.95702E-03,  1.70990E-03,  1.48305E-03,  1.27518E-03,  1.08500E-03,  9.11271E-04,  7.52784E-04,  6.08398E-04,  4.77031E-04,  3.57661E-04,  2.49331E-04,  1.51149E-04,  6.22851E-05,
 -1.19010E-03, -1.19007E-03, -1.18673E-03, -1.17956E-03, -1.16801E-03, -1.15147E-03, -1.12922E-03, -1.10050E-03, -1.06443E-03, -1.02006E-03, -9.66301E-04, -9.01988E-04, -8.25822E-04, -7.36385E-04, -6.32131E-04, -5.11389E-04, -3.72357E-04, -2.13113E-04, -3.16212E-05,  1.74251E-04,  4.06712E-04,  6.68014E-04,  9.60414E-04,  1.28612E-03,  1.64722E-03,  2.04561E-03,  2.48289E-03,  2.96025E-03,  3.47833E-03,  4.03709E-03,  4.63558E-03,  5.27183E-03,  5.94258E-03,  6.64311E-03,  7.36700E-03,  8.10601E-03,  8.84991E-03,  9.58646E-03,  1.03015E-02,  1.09793E-02,  1.16029E-02,  1.21552E-02,  1.26194E-02,  1.29807E-02,  1.32272E-02,  1.33511E-02,  1.33494E-02,  1.32241E-02,  1.29820E-02,  1.26342E-02,  1.21949E-02,  1.16802E-02,  1.11068E-02,  1.04912E-02,  9.84875E-03,  9.19321E-03,  8.53632E-03,  7.88785E-03,  7.25558E-03,  6.64548E-03,  6.06194E-03,  5.50797E-03,  4.98541E-03,  4.49520E-03,  4.03752E-03,  3.61195E-03,  3.21768E-03,  2.85355E-03,  2.51818E-03,  2.21006E-03,  1.92760E-03,  1.66917E-03,  1.43313E-03,  1.21791E-03,  1.02196E-03,  8.43794E-04,  6.82025E-04,  5.35331E-04,  4.02476E-04,  2.82306E-04,  1.73752E-04,  7.58211E-05, -1.24005E-05,
 -1.27948E-03, -1.28429E-03, -1.28598E-03, -1.28406E-03, -1.27795E-03, -1.26701E-03, -1.25051E-03, -1.22764E-03, -1.19747E-03, -1.15900E-03, -1.11105E-03, -1.05238E-03, -9.81545E-04, -8.97002E-04, -7.97030E-04, -6.79750E-04, -5.43122E-04, -3.84942E-04, -2.02846E-04,  5.67200E-06,  2.43248E-04,  5.12616E-04,  8.16565E-04,  1.15789E-03,  1.53933E-03,  1.96345E-03,  2.43257E-03,  2.94862E-03,  3.51297E-03,  4.12627E-03,  4.78822E-03,  5.49736E-03,  6.25074E-03,  7.04373E-03,  7.86964E-03,  8.71949E-03,  9.58173E-03,  1.04421E-02,  1.12837E-02,  1.20871E-02,  1.28311E-02,  1.34933E-02,  1.40518E-02,  1.44869E-02,  1.47822E-02,  1.49272E-02,  1.49176E-02,  1.47562E-02,  1.44527E-02,  1.40222E-02,  1.34838E-02,  1.28590E-02,  1.21696E-02,  1.14364E-02,  1.06787E-02,  9.91272E-03,  9.15232E-03,  8.40844E-03,  7.68950E-03,  7.00163E-03,  6.34905E-03,  5.73436E-03,  5.15887E-03,  4.62288E-03,  4.12590E-03,  3.66685E-03,  3.24428E-03,  2.85640E-03,  2.50128E-03,  2.17689E-03,  1.88117E-03,  1.61206E-03,  1.36758E-03,  1.14580E-03,  9.44901E-04,  7.63150E-04,  5.98935E-04,  4.50749E-04,  3.17195E-04,  1.96982E-04,  8.89214E-05, -8.07814E-06, -9.50172E-05,
 -1.37295E-03, -1.38310E-03, -1.39040E-03, -1.39435E-03, -1.39438E-03, -1.38981E-03, -1.37991E-03, -1.36384E-03, -1.34062E-03, -1.30919E-03, -1.26832E-03, -1.21664E-03, -1.15262E-03, -1.07456E-03, -9.80574E-04, -8.68559E-04, -7.36224E-04, -5.81062E-04, -4.00356E-04, -1.91182E-04,  4.95723E-05,  3.25186E-04,  6.39069E-04,  9.94707E-04,  1.39559E-03,  1.84513E-03,  2.34653E-03,  2.90264E-03,  3.51581E-03,  4.18763E-03,  4.91872E-03,  5.70841E-03,  6.55442E-03,  7.45248E-03,  8.39592E-03,  9.37521E-03,  1.03776E-02,  1.13867E-02,  1.23824E-02,  1.33409E-02,  1.42353E-02,  1.50366E-02,  1.57157E-02,  1.62456E-02,  1.66038E-02,  1.67754E-02,  1.67544E-02,  1.65450E-02,  1.61606E-02,  1.56226E-02,  1.49571E-02,  1.41930E-02,  1.33589E-02,  1.24815E-02,  1.15843E-02,  1.06870E-02,  9.80533E-03,  8.95136E-03,  8.13387E-03,  7.35885E-03,  6.62998E-03,  5.94914E-03,  5.31677E-03,  4.73226E-03,  4.19421E-03,  3.70070E-03,  3.24943E-03,  2.83787E-03,  2.46341E-03,  2.12341E-03,  1.81525E-03,  1.53642E-03,  1.28450E-03,  1.05721E-03,  8.52413E-04,  6.68110E-04,  5.02455E-04,  3.53744E-04,  2.20413E-04,  1.01028E-04, -5.71883E-06, -1.01021E-04, -1.85963E-04,
 -1.47043E-03, -1.48643E-03, -1.49993E-03, -1.51040E-03, -1.51729E-03, -1.51992E-03, -1.51754E-03, -1.50928E-03, -1.49415E-03, -1.47101E-03, -1.43859E-03, -1.39542E-03, -1.33988E-03, -1.27011E-03, -1.18405E-03, -1.07939E-03, -9.53570E-04, -8.03763E-04, -6.26870E-04, -4.19516E-04, -1.78058E-04,  1.01397E-04,  4.22965E-04,  7.90930E-04,  1.20968E-03,  1.68363E-03,  2.21706E-03,  2.81399E-03,  3.47800E-03,  4.21194E-03,  5.01770E-03,  5.89581E-03,  6.84507E-03,  7.86202E-03,  8.94042E-03,  1.00706E-02,  1.12390E-02,  1.24270E-02,  1.36110E-02,  1.47621E-02,NA,NA,NA,NA,NA,NA,NA,NA,NA,NA,  1.66471E-02,  1.57052E-02,  1.46896E-02,  1.36345E-02,  1.25686E-02,  1.15151E-02,  1.04917E-02,  9.51119E-03,  8.58228E-03,  7.71024E-03,  6.89775E-03,  6.14549E-03,  5.45264E-03,  4.81733E-03,  4.23698E-03,  3.70854E-03,  3.22870E-03,  2.79403E-03,  2.40110E-03,  2.04656E-03,  1.72720E-03,  1.43994E-03,  1.18191E-03,  9.50432E-04,  7.43033E-04,  5.57427E-04,  3.91525E-04,  2.43419E-04,  1.11372E-04, -6.19227E-06, -1.10702E-04, -2.03451E-04, -2.85605E-04,
 -1.57177E-03, -1.59416E-03, -1.61444E-03, -1.63212E-03, -1.64664E-03, -1.65733E-03, -1.66343E-03, -1.66407E-03, -1.65823E-03, -1.64474E-03, -1.62227E-03, -1.58929E-03, -1.54407E-03, -1.48462E-03, -1.40870E-03, -1.31380E-03, -1.19708E-03, -1.05539E-03, -8.85216E-04, -6.82708E-04, -4.43643E-04, -1.63442E-04,  1.62802E-04,  5.40294E-04,  9.74470E-04,  1.47091E-03,  2.03522E-03,  2.67285E-03,  3.38892E-03,  4.18794E-03,  5.07348E-03,  6.04777E-03,  7.11124E-03,  8.26188E-03,  9.49456E-03,  1.08002E-02,  1.21646E-02,  1.35678E-02,NA,NA,NA,NA,NA,NA,NA,NA,NA,NA,NA,NA,NA,NA,  1.61766E-02,  1.49018E-02,  1.36318E-02,  1.23930E-02,  1.12047E-02,  1.00797E-02,  9.02573E-03,  8.04668E-03,  7.14349E-03,  6.31504E-03,  5.55875E-03,  4.87107E-03,  4.24787E-03,  3.68474E-03,  3.17713E-03,  2.72052E-03,  2.31057E-03,  1.94311E-03,  1.61420E-03,  1.32021E-03,  1.05775E-03,  8.23722E-04,  6.15284E-04,  4.29857E-04,  2.65101E-04,  1.18901E-04, -1.06539E-05, -1.25281E-04, -2.26525E-04, -3.15775E-04, -3.94275E-04,
 -1.67677E-03, -1.70609E-03, -1.73377E-03, -1.75935E-03, -1.78228E-03, -1.80193E-03, -1.81753E-03, -1.82821E-03, -1.83295E-03, -1.83056E-03, -1.81968E-03, -1.79872E-03, -1.76584E-03, -1.71896E-03, -1.65568E-03, -1.57327E-03, -1.46863E-03, -1.33828E-03, -1.17828E-03, -9.84270E-04, -7.51404E-04, -4.74360E-04, -1.47344E-04,  2.35885E-04,  6.81967E-04,  1.19786E-03,  1.79072E-03,  2.46775E-03,  3.23598E-03,  4.10199E-03,  5.07158E-03,  6.14928E-03,  7.33787E-03,  8.63761E-03,  1.00454E-02,  1.15537E-02,NA,NA,NA,NA,NA,NA,NA,NA,NA,NA,NA,NA,NA,NA,NA,NA,NA,NA,  1.47700E-02,  1.33125E-02,  1.19336E-02,  1.06450E-02,  9.45212E-03,  8.35641E-03,  7.35615E-03,  6.44764E-03,  5.62592E-03,  4.88529E-03,  4.21968E-03,  3.62300E-03,  3.08925E-03,  2.61266E-03,  2.18779E-03,  1.80958E-03,  1.47334E-03,  1.17477E-03,  9.09951E-04,  6.75333E-04,  4.67708E-04,  2.84188E-04,  1.22180E-04, -2.06372E-05, -1.46342E-04, -2.56788E-04, -3.53632E-04, -4.38349E-04, -5.12253E-04,
 -1.78520E-03, -1.82198E-03, -1.85768E-03, -1.89186E-03, -1.92401E-03, -1.95353E-03, -1.97967E-03, -2.00159E-03, -2.01828E-03, -2.02855E-03, -2.03100E-03, -2.02402E-03, -2.00572E-03, -1.97390E-03, -1.92603E-03, -1.85919E-03, -1.77003E-03, -1.65474E-03, -1.50895E-03, -1.32779E-03, -1.10574E-03, -8.36677E-04, -5.13843E-04, -1.29840E-04,  3.23337E-04,  8.54233E-04,  1.47183E-03,  2.18542E-03,  3.00434E-03,  3.93777E-03,  4.99432E-03,  6.18157E-03,  7.50551E-03,  8.96972E-03,  1.05744E-02,NA,NA,NA,NA,NA,NA,NA,NA,NA,NA,NA,NA,NA,NA,NA,NA,NA,NA,NA,NA,  1.42592E-02,  1.26623E-02,  1.11905E-02,  9.84551E-03,  8.62458E-03,  7.52221E-03,  6.53122E-03,  5.64351E-03,  4.85068E-03,  4.14435E-03,  3.51640E-03,  2.95913E-03,  2.46538E-03,  2.02849E-03,  1.64241E-03,  1.30161E-03,  1.00110E-03,  7.36423E-04,  5.03548E-04,  2.98893E-04,  1.19264E-04, -3.81772E-05, -1.75953E-04, -2.96300E-04, -4.01198E-04, -4.92402E-04, -5.71465E-04, -6.39763E-04,
 -1.89676E-03, -1.94152E-03, -1.98584E-03, -2.02933E-03, -2.07152E-03, -2.11184E-03, -2.14961E-03, -2.18401E-03, -2.21406E-03, -2.23859E-03, -2.25624E-03, -2.26536E-03, -2.26403E-03, -2.24999E-03, -2.22060E-03, -2.17277E-03, -2.10293E-03, -2.00695E-03, -1.88007E-03, -1.71686E-03, -1.51114E-03, -1.25594E-03, -9.43453E-04, -5.65017E-04, -1.11102E-04,  4.28641E-04,  1.06531E-03,  1.81063E-03,  2.67674E-03,  3.67595E-03,  4.82037E-03,  6.12148E-03,  7.58949E-03,NA,NA,NA,NA,NA,NA,NA,NA,NA,NA,NA,NA,NA,NA,NA,NA,NA,NA,NA,NA,NA,NA,NA,  1.33675E-02,  1.16942E-02,  1.01856E-02,  8.83291E-03,  7.62553E-03,  6.55166E-03,  5.59932E-03,  4.75681E-03,  4.01297E-03,  3.35739E-03,  2.78046E-03,  2.27339E-03,  1.82826E-03,  1.43792E-03,  1.09598E-03,  7.96741E-04,  5.35148E-04,  3.06724E-04,  1.07512E-04, -6.59767E-05, -2.16817E-04, -3.47713E-04, -4.61046E-04, -5.58906E-04, -6.43132E-04, -7.15342E-04, -7.76956E-04,
 -2.01107E-03, -2.06434E-03, -2.11788E-03, -2.17137E-03, -2.22440E-03, -2.27646E-03, -2.32694E-03, -2.37508E-03, -2.41995E-03, -2.46045E-03, -2.49524E-03, -2.52269E-03, -2.54091E-03, -2.54758E-03, -2.54002E-03, -2.51500E-03, -2.46877E-03, -2.39691E-03, -2.29430E-03, -2.15498E-03, -1.97210E-03, -1.73781E-03, -1.44323E-03, -1.07830E-03, -6.31829E-04, -9.14463E-05,  5.56356E-04,  1.32612E-03,  2.23327E-03,  3.29388E-03,  4.52432E-03,  5.94087E-03,  7.55913E-03,NA,NA,NA,NA,NA,NA,NA,NA,NA,NA,NA,NA,NA,NA,NA,NA,NA,NA,NA,NA,NA,NA,NA,NA,  1.21275E-02,  1.04470E-02,  8.95943E-03,  7.64720E-03,  6.49285E-03,  5.47970E-03,  4.59218E-03,  3.81595E-03,  3.13800E-03,  2.54660E-03,  2.03126E-03,  1.58264E-03,  1.19249E-03,  8.53514E-04,  5.59298E-04,  3.04217E-04,  8.33444E-05, -1.07629E-04, -2.72468E-04, -4.14457E-04, -5.36462E-04, -6.40984E-04, -7.30203E-04, -8.06024E-04, -8.70107E-04, -9.23904E-04,
 -2.12773E-03, -2.18998E-03, -2.25331E-03, -2.31747E-03, -2.38213E-03, -2.44687E-03, -2.51114E-03, -2.57429E-03, -2.63547E-03, -2.69366E-03, -2.74760E-03, -2.79574E-03, -2.83621E-03, -2.86674E-03, -2.88461E-03, -2.88655E-03, -2.86866E-03, -2.82631E-03, -2.75404E-03, -2.64543E-03, -2.49298E-03, -2.28798E-03, -2.02039E-03, -1.67874E-03, -1.25002E-03, -7.19638E-04, -7.13845E-05,  7.12513E-04,  1.65128E-03,  2.76539E-03,  4.07631E-03,  5.60611E-03,NA,NA,NA,NA,NA,NA,NA,NA,NA,NA,NA,NA,NA,NA,NA,NA,NA,NA,NA,NA,NA,NA,NA,NA,NA,NA,  1.05994E-02,  8.97844E-03,  7.56564E-03,  6.33678E-03,  5.26971E-03,  4.34445E-03,  3.54313E-03,  2.84992E-03,  2.25080E-03,  1.73349E-03,  1.28722E-03,  9.02584E-04,  5.71404E-04,  2.86567E-04,  4.19063E-05, -1.67923E-04, -3.47549E-04, -5.00972E-04, -6.31656E-04, -7.42595E-04, -8.36381E-04, -9.15256E-04, -9.81163E-04, -1.03578E-03, -1.08058E-03,
 -2.24623E-03, -2.31792E-03, -2.39158E-03, -2.46705E-03, -2.54409E-03, -2.62239E-03, -2.70153E-03, -2.78094E-03, -2.85992E-03, -2.93755E-03, -3.01270E-03, -3.08393E-03, -3.14949E-03, -3.20718E-03, -3.25434E-03, -3.28770E-03, -3.30332E-03, -3.29643E-03, -3.26131E-03, -3.19116E-03, -3.07786E-03, -2.91191E-03, -2.68214E-03, -2.37561E-03, -1.97739E-03, -1.47050E-03, -8.35732E-04, -5.16900E-05,  9.05195E-04,  2.06052E-03,  3.44168E-03,NA,NA,NA,NA,NA,NA,NA,NA,NA,NA,NA,NA,NA,NA,NA,NA,NA,NA,NA,NA,NA,NA,NA,NA,NA,NA,NA,NA,  8.86078E-03,  7.35692E-03,  6.06388E-03,  4.95338E-03,  4.00066E-03,  3.18405E-03,  2.48473E-03,  1.88634E-03,  1.37476E-03,  9.37793E-04,  5.64919E-04,  2.47109E-04, -2.33958E-05, -2.53252E-04, -4.48167E-04, -6.13031E-04, -7.52036E-04, -8.68775E-04, -9.66329E-04, -1.04734E-03, -1.11408E-03, -1.16850E-03, -1.21228E-03, -1.24687E-03,
 -2.36604E-03, -2.44756E-03, -2.53203E-03, -2.61939E-03, -2.70953E-03, -2.80225E-03, -2.89726E-03, -2.99415E-03, -3.09237E-03, -3.19118E-03, -3.28960E-03, -3.38639E-03, -3.47994E-03, -3.56823E-03, -3.64872E-03, -3.71826E-03, -3.77296E-03, -3.80801E-03, -3.81757E-03, -3.79453E-03, -3.73033E-03, -3.61471E-03, -3.43546E-03, -3.17818E-03, -2.82599E-03, -2.35936E-03, -1.75585E-03, -9.90035E-04, -3.34397E-05,  1.14539E-03,NA,NA,NA,NA,NA,NA,NA,NA,NA,NA,NA,NA,NA,NA,NA,NA,NA,NA,NA,NA,NA,NA,NA,NA,NA,NA,NA,NA,NA,  8.57446E-03,  6.99528E-03,  5.65343E-03,  4.51414E-03,  3.54759E-03,  2.72823E-03,  2.03419E-03,  1.44679E-03,  9.50089E-04,  5.30538E-04,  1.76598E-04, -1.21533E-04, -3.72174E-04, -5.82385E-04, -7.58158E-04, -9.04573E-04, -1.02595E-03, -1.12594E-03, -1.20767E-03, -1.27379E-03, -1.32654E-03, -1.36786E-03, -1.39938E-03, -1.42252E-03,
 -2.48652E-03, -2.57822E-03, -2.67393E-03, -2.77371E-03, -2.87757E-03, -2.98548E-03, -3.09731E-03, -3.21283E-03, -3.33170E-03, -3.45336E-03, -3.57709E-03, -3.70187E-03, -3.82634E-03, -3.94873E-03, -4.06675E-03, -4.17746E-03, -4.27713E-03, -4.36110E-03, -4.42353E-03, -4.45720E-03, -4.45324E-03, -4.40081E-03, -4.28678E-03, -4.09539E-03, -3.80785E-03, -3.40201E-03, -2.85200E-03, -2.12798E-03,NA,NA,NA,NA,NA,NA,NA,NA,NA,NA,NA,NA,NA,NA,NA,NA,NA,NA,NA,NA,NA,NA,NA,NA,NA,NA,NA,NA,NA,NA,NA,NA,  6.45390E-03,  5.08425E-03,  3.93533E-03,  2.97225E-03,  2.16560E-03,  1.49056E-03,  9.26239E-04,  4.55044E-04,  6.21927E-05, -2.64738E-04, -5.36178E-04, -7.60881E-04, -9.46194E-04, -1.09828E-03, -1.22233E-03, -1.32269E-03, -1.40301E-03, -1.46639E-03, -1.51542E-03, -1.55230E-03, -1.57888E-03, -1.59672E-03, -1.60717E-03,
 -2.60700E-03, -2.70916E-03, -2.81645E-03, -2.92908E-03, -3.04722E-03, -3.17100E-03, -3.30050E-03, -3.43571E-03, -3.57650E-03, -3.72261E-03, -3.87359E-03, -4.02874E-03, -4.18702E-03, -4.34703E-03, -4.50682E-03, -4.66381E-03, -4.81463E-03, -4.95490E-03, -5.07900E-03, -5.17982E-03, -5.24841E-03, -5.27360E-03, -5.24159E-03, -5.13544E-03, -4.93459E-03, -4.61431E-03, -4.14517E-03,NA,NA,NA,NA,NA,NA,NA,NA,NA,NA,NA,NA,NA,NA,NA,NA,NA,NA,NA,NA,NA,NA,NA,NA,NA,NA,NA,NA,NA,NA,NA,NA,NA,  5.70590E-03,  4.33549E-03,  3.20088E-03,  2.26237E-03,  1.48689E-03,  8.46953E-04,  3.19670E-04, -1.13964E-04, -4.69733E-04, -7.60735E-04, -9.97836E-04, -1.19005E-03, -1.34486E-03, -1.46848E-03, -1.56606E-03, -1.64189E-03, -1.69954E-03, -1.74200E-03, -1.77174E-03, -1.79083E-03, -1.80103E-03, -1.80379E-03, -1.80034E-03,
 -2.72676E-03, -2.83956E-03, -2.95868E-03, -3.08450E-03, -3.21736E-03, -3.35758E-03, -3.50547E-03, -3.66127E-03, -3.82515E-03, -3.99715E-03, -4.17718E-03, -4.36493E-03, -4.55981E-03, -4.76086E-03, -4.96663E-03, -5.17507E-03, -5.38333E-03, -5.58756E-03, -5.78261E-03, -5.96177E-03, -6.11632E-03, -6.23512E-03, -6.30402E-03, -6.30527E-03, -6.21682E-03, -6.01157E-03,NA,NA,NA,NA,NA,NA,NA,NA,NA,NA,NA,NA,NA,NA,NA,NA,NA,NA,NA,NA,NA,NA,NA,NA,NA,NA,NA,NA,NA,NA,NA,NA,NA,NA,NA,  3.38747E-03,  2.29602E-03,  1.40701E-03,  6.84187E-04,  9.77573E-05, -3.76755E-04, -7.59431E-04, -1.06673E-03, -1.31215E-03, -1.50673E-03, -1.65953E-03, -1.77797E-03, -1.86815E-03, -1.93505E-03, -1.98279E-03, -2.01475E-03, -2.03370E-03, -2.04195E-03, -2.04140E-03, -2.03363E-03, -2.01993E-03, -2.00139E-03,
 -2.84500E-03, -2.96853E-03, -3.09965E-03, -3.23887E-03, -3.38675E-03, -3.54383E-03, -3.71067E-03, -3.88781E-03, -4.07573E-03, -4.27488E-03, -4.48557E-03, -4.70796E-03, -4.94200E-03, -5.18732E-03, -5.44314E-03, -5.70809E-03, -5.98009E-03, -6.25605E-03, -6.53164E-03, -6.80088E-03, -7.05572E-03, -7.28550E-03, -7.47623E-03, -7.60989E-03, -7.66343E-03, -7.60778E-03,NA,NA,NA,NA,NA,NA,NA,NA,NA,NA,NA,NA,NA,NA,NA,NA,NA,NA,NA,NA,NA,NA,NA,NA,NA,NA,NA,NA,NA,NA,NA,NA,NA,NA,NA,  2.22265E-03,  1.20804E-03,  3.97240E-04, -2.48573E-04, -7.60909E-04, -1.16531E-03, -1.48246E-03, -1.72907E-03, -1.91866E-03, -2.06214E-03, -2.16835E-03, -2.24442E-03, -2.29612E-03, -2.32812E-03, -2.34421E-03, -2.34748E-03, -2.34041E-03, -2.32505E-03, -2.30304E-03, -2.27576E-03, -2.24430E-03, -2.20957E-03,
 -2.96090E-03, -3.09515E-03, -3.23828E-03, -3.39100E-03, -3.55405E-03, -3.72824E-03, -3.91441E-03, -4.11341E-03, -4.32612E-03, -4.55340E-03, -4.79607E-03, -5.05485E-03, -5.33033E-03, -5.62286E-03, -5.93249E-03, -6.25876E-03, -6.60057E-03, -6.95596E-03, -7.32172E-03, -7.69310E-03, -8.06321E-03, -8.42248E-03, -8.75780E-03, -9.05158E-03, -9.28058E-03,NA,NA,NA,NA,NA,NA,NA,NA,NA,NA,NA,NA,NA,NA,NA,NA,NA,NA,NA,NA,NA,NA,NA,NA,NA,NA,NA,NA,NA,NA,NA,NA,NA,NA,NA,NA,NA, -7.28242E-05, -7.73162E-04, -1.31498E-03, -1.73073E-03, -2.04634E-03, -2.28246E-03, -2.45556E-03, -2.57870E-03, -2.66232E-03, -2.71467E-03, -2.74234E-03, -2.75057E-03, -2.74352E-03, -2.72452E-03, -2.69621E-03, -2.66072E-03, -2.61972E-03, -2.57457E-03, -2.52635E-03, -2.47592E-03, -2.42398E-03,
 -3.07358E-03, -3.21844E-03, -3.37348E-03, -3.53961E-03, -3.71782E-03, -3.90917E-03, -4.11482E-03, -4.33597E-03, -4.57392E-03, -4.83002E-03, -5.10565E-03, -5.40218E-03, -5.72096E-03, -6.06321E-03, -6.42996E-03, -6.82189E-03, -7.23920E-03, -7.68132E-03, -8.14667E-03, -8.63220E-03, -9.13284E-03, -9.64086E-03, -1.01449E-02, -1.06289E-02,NA,NA,NA,NA,NA,NA,NA,NA,NA,NA,NA,NA,NA,NA,NA,NA,NA,NA,NA,NA,NA,NA,NA,NA,NA,NA,NA,NA,NA,NA,NA,NA,NA,NA,NA,NA,NA,NA, -1.55254E-03, -2.10697E-03, -2.51556E-03, -2.81072E-03, -3.01787E-03, -3.15689E-03, -3.24333E-03, -3.28932E-03, -3.30430E-03, -3.29563E-03, -3.26905E-03, -3.22899E-03, -3.17895E-03, -3.12160E-03, -3.05904E-03, -2.99289E-03, -2.92441E-03, -2.85458E-03, -2.78413E-03, -2.71366E-03, -2.64359E-03,
 -3.18218E-03, -3.33738E-03, -3.50408E-03, -3.68339E-03, -3.87655E-03, -4.08490E-03, -4.30992E-03, -4.55322E-03, -4.81654E-03, -5.10176E-03, -5.41091E-03, -5.74609E-03, -6.10951E-03, -6.50341E-03, -6.92997E-03, -7.39126E-03, -7.88903E-03, -8.42455E-03, -8.99827E-03, -9.60946E-03, -1.02556E-02, -1.09318E-02, -1.16296E-02, -1.23356E-02,NA,NA,NA,NA,NA,NA,NA,NA,NA,NA,NA,NA,NA,NA,NA,NA,NA,NA,NA,NA,NA,NA,NA,NA,NA,NA,NA,NA,NA,NA,NA,NA,NA,NA,NA,NA,NA,NA,NA, -3.60268E-03, -3.84712E-03, -3.99670E-03, -4.07524E-03, -4.10094E-03, -4.08768E-03, -4.04600E-03, -3.98388E-03, -3.90737E-03, -3.82100E-03, -3.72820E-03, -3.63153E-03, -3.53288E-03, -3.43365E-03, -3.33487E-03, -3.23729E-03, -3.14143E-03, -3.04765E-03, -2.95621E-03, -2.86725E-03,
 -3.28578E-03, -3.45094E-03, -3.62890E-03, -3.82098E-03, -4.02868E-03, -4.25361E-03, -4.49763E-03, -4.76274E-03, -5.05118E-03, -5.36542E-03, -5.70815E-03, -6.08232E-03, -6.49108E-03, -6.93781E-03, -7.42607E-03, -7.95951E-03, -8.54175E-03, -9.17628E-03, -9.86610E-03, -1.06135E-02, -1.14193E-02, -1.22824E-02, -1.31987E-02,NA,NA,NA,NA,NA,NA,NA,NA,NA,NA,NA,NA,NA,NA,NA,NA,NA,NA,NA,NA,NA,NA,NA,NA,NA,NA,NA,NA,NA,NA,NA,NA,NA,NA,NA,NA,NA,NA,NA,NA, -5.25366E-03, -5.30212E-03, -5.28086E-03, -5.21078E-03, -5.10734E-03, -4.98186E-03, -4.84260E-03, -4.69552E-03, -4.54491E-03, -4.39380E-03, -4.24429E-03, -4.09782E-03, -3.95531E-03, -3.81737E-03, -3.68431E-03, -3.55628E-03, -3.43330E-03, -3.31530E-03, -3.20215E-03, -3.09370E-03,
 -3.38351E-03, -3.55810E-03, -3.74675E-03, -3.95101E-03, -4.17259E-03, -4.41346E-03, -4.67578E-03, -4.96202E-03, -5.27493E-03, -5.61758E-03, -5.99341E-03, -6.40623E-03, -6.86028E-03, -7.36019E-03, -7.91103E-03, -8.51826E-03, -9.18771E-03, -9.92543E-03, -1.07375E-02, -1.16299E-02, -1.26078E-02, -1.36751E-02, -1.48336E-02,NA,NA,NA,NA,NA,NA,NA,NA,NA,NA,NA,NA,NA,NA,NA,NA,NA,NA,NA,NA,NA,NA,NA,NA,NA,NA,NA,NA,NA,NA,NA,NA,NA,NA,NA,NA,NA,NA,NA,NA,NA, -6.86801E-03, -6.65130E-03, -6.41355E-03, -6.16618E-03, -5.91702E-03, -5.67128E-03, -5.43233E-03, -5.20225E-03, -4.98219E-03, -4.77268E-03, -4.57382E-03, -4.38544E-03, -4.20718E-03, -4.03857E-03, -3.87908E-03, -3.72818E-03, -3.58531E-03, -3.44995E-03, -3.32158E-03,
 -3.47450E-03, -3.65786E-03, -3.85647E-03, -4.07210E-03, -4.30671E-03, -4.56256E-03, -4.84220E-03, -5.14851E-03, -5.48478E-03, -5.85471E-03, -6.26252E-03, -6.71296E-03, -7.21137E-03, -7.76377E-03, -8.37689E-03, -9.05821E-03, -9.81599E-03, -1.06592E-02, -1.15977E-02, -1.26416E-02, -1.38014E-02, -1.50874E-02,NA,NA,NA,NA,NA,NA,NA,NA,NA,NA,NA,NA,NA,NA,NA,NA,NA,NA,NA,NA,NA,NA,NA,NA,NA,NA,NA,NA,NA,NA,NA,NA,NA,NA,NA,NA,NA,NA,NA,NA,NA,NA, -8.52670E-03, -8.09174E-03, -7.66910E-03, -7.26483E-03, -6.88219E-03, -6.52256E-03, -6.18614E-03, -5.87234E-03, -5.58012E-03, -5.30817E-03, -5.05508E-03, -4.81942E-03, -4.59976E-03, -4.39478E-03, -4.20321E-03, -4.02391E-03, -3.85581E-03, -3.69795E-03, -3.54946E-03,
 -3.55792E-03, -3.74924E-03, -3.95693E-03, -4.18293E-03, -4.42947E-03, -4.69910E-03, -4.99472E-03, -5.31964E-03, -5.67770E-03, -6.07323E-03, -6.51124E-03, -6.99743E-03, -7.53834E-03, -8.14142E-03, -8.81517E-03, -9.56925E-03, -1.04146E-02, -1.13635E-02, -1.24297E-02, -1.36285E-02, -1.49765E-02, -1.64917E-02,NA,NA,NA,NA,NA,NA,NA,NA,NA,NA,NA,NA,NA,NA,NA,NA,NA,NA,NA,NA,NA,NA,NA,NA,NA,NA,NA,NA,NA,NA,NA,NA,NA,NA,NA,NA,NA,NA,NA,NA,NA,NA,NA, -9.58132E-03, -8.95954E-03, -8.38800E-03, -7.86435E-03, -7.38540E-03, -6.94759E-03, -6.54725E-03, -6.18085E-03, -5.84504E-03, -5.53672E-03, -5.25307E-03, -4.99155E-03, -4.74989E-03, -4.52605E-03, -4.31824E-03, -4.12485E-03, -3.94447E-03, -3.77586E-03,
 -3.63301E-03, -3.83136E-03, -4.04706E-03, -4.28226E-03, -4.53940E-03, -4.82131E-03, -5.13124E-03, -5.47293E-03, -5.85071E-03, -6.26957E-03, -6.73529E-03, -7.25454E-03, -7.83506E-03, -8.48578E-03, -9.21703E-03, -1.00408E-02, -1.09707E-02, -1.20228E-02, -1.32151E-02, -1.45685E-02, -1.61065E-02, -1.78557E-02,NA,NA,NA,NA,NA,NA,NA,NA,NA,NA,NA,NA,NA,NA,NA,NA,NA,NA,NA,NA,NA,NA,NA,NA,NA,NA,NA,NA,NA,NA,NA,NA,NA,NA,NA,NA,NA,NA,NA,NA,NA,NA,NA, -1.10947E-02, -1.02636E-02, -9.51791E-03, -8.84868E-03, -8.24741E-03, -7.70630E-03, -7.21829E-03, -6.77710E-03, -6.37714E-03, -6.01354E-03, -5.68202E-03, -5.37883E-03, -5.10072E-03, -4.84487E-03, -4.60881E-03, -4.39039E-03, -4.18775E-03, -3.99925E-03,
 -3.69908E-03, -3.90340E-03, -4.12591E-03, -4.36893E-03, -4.63512E-03, -4.92755E-03, -5.24980E-03, -5.60600E-03, -6.00097E-03, -6.44030E-03, -6.93053E-03, -7.47928E-03, -8.09546E-03, -8.78947E-03, -9.57350E-03, -1.04618E-02, -1.14711E-02, -1.26209E-02, -1.39341E-02, -1.54373E-02, -1.71617E-02,NA,NA,NA,NA,NA,NA,NA,NA,NA,NA,NA,NA,NA,NA,NA,NA,NA,NA,NA,NA,NA,NA,NA,NA,NA,NA,NA,NA,NA,NA,NA,NA,NA,NA,NA,NA,NA,NA,NA,NA,NA,NA,NA,NA, -1.26024E-02, -1.15571E-02, -1.06347E-02, -9.81886E-03, -9.09515E-03, -8.45118E-03, -7.87626E-03, -7.36120E-03, -6.89809E-03, -6.48020E-03, -6.10175E-03, -5.75778E-03, -5.44405E-03, -5.15693E-03, -4.89329E-03, -4.65044E-03, -4.42606E-03, -4.21814E-03,
 -3.75554E-03, -3.96464E-03, -4.19263E-03, -4.44194E-03, -4.71542E-03, -5.01637E-03, -5.34864E-03, -5.71672E-03, -6.12587E-03, -6.58225E-03, -7.09309E-03, -7.66690E-03, -8.31372E-03, -9.04536E-03, -9.87583E-03, -1.08217E-02, -1.19025E-02, -1.31415E-02, -1.45664E-02, -1.62099E-02, -1.81111E-02,NA,NA,NA,NA,NA,NA,NA,NA,NA,NA,NA,NA,NA,NA,NA,NA,NA,NA,NA,NA,NA,NA,NA,NA,NA,NA,NA,NA,NA,NA,NA,NA,NA,NA,NA,NA,NA,NA,NA,NA,NA,NA,NA,NA, -1.40716E-02, -1.28138E-02, -1.17172E-02, -1.07576E-02, -9.91454E-03, -9.17072E-03, -8.51171E-03, -7.92535E-03, -7.40143E-03, -6.93132E-03, -6.50777E-03, -6.12462E-03, -5.77667E-03, -5.45951E-03, -5.16935E-03, -4.90300E-03, -4.65768E-03, -4.43105E-03,
 -3.80191E-03, -4.01453E-03, -4.24652E-03, -4.50044E-03, -4.77927E-03, -5.08650E-03, -5.42621E-03, -5.80320E-03, -6.22310E-03, -6.69256E-03, -7.21944E-03, -7.81306E-03, -8.48446E-03, -9.24679E-03, -1.01157E-02, -1.11100E-02, -1.22521E-02, -1.35687E-02, -1.50922E-02, -1.68614E-02, -1.89233E-02,NA,NA,NA,NA,NA,NA,NA,NA,NA,NA,NA,NA,NA,NA,NA,NA,NA,NA,NA,NA,NA,NA,NA,NA,NA,NA,NA,NA,NA,NA,NA,NA,NA,NA,NA,NA,NA,NA,NA,NA,NA,NA,NA,NA,NA, -1.40059E-02, -1.27433E-02, -1.16474E-02, -1.06914E-02, -9.85341E-03, -9.11525E-03, -8.46187E-03, -7.88080E-03, -7.36164E-03, -6.89569E-03, -6.47569E-03, -6.09551E-03, -5.74999E-03, -5.43478E-03, -5.14616E-03, -4.88099E-03, -4.63656E-03,
 -3.83784E-03, -4.05263E-03, -4.28707E-03, -4.54379E-03, -4.82588E-03, -5.13697E-03, -5.48130E-03, -5.86392E-03, -6.29075E-03, -6.76886E-03, -7.30661E-03, -7.91400E-03, -8.60298E-03, -9.38785E-03, -1.02858E-02, -1.13175E-02, -1.25080E-02, -1.38875E-02, -1.54926E-02, -1.73680E-02, -1.95680E-02,NA,NA,NA,NA,NA,NA,NA,NA,NA,NA,NA,NA,NA,NA,NA,NA,NA,NA,NA,NA,NA,NA,NA,NA,NA,NA,NA,NA,NA,NA,NA,NA,NA,NA,NA,NA,NA,NA,NA,NA,NA,NA,NA,NA,NA, -1.51062E-02, -1.36914E-02, -1.24709E-02, -1.14120E-02, -1.04882E-02, -9.67792E-03, -8.96346E-03, -8.33023E-03, -7.76621E-03, -7.26142E-03, -6.80755E-03, -6.39767E-03, -6.02595E-03, -5.68750E-03, -5.37817E-03, -5.09445E-03, -4.83335E-03,
 -3.86313E-03, -4.07870E-03, -4.31396E-03, -4.57159E-03, -4.85473E-03, -5.16710E-03, -5.51305E-03, -5.89777E-03, -6.32742E-03, -6.80932E-03, -7.35226E-03, -7.96675E-03, -8.66545E-03, -9.46362E-03, -1.03797E-02, -1.14361E-02, -1.26601E-02, -1.40848E-02, -1.57508E-02, -1.77081E-02, -2.00178E-02,NA,NA,NA,NA,NA,NA,NA,NA,NA,NA,NA,NA,NA,NA,NA,NA,NA,NA,NA,NA,NA,NA,NA,NA,NA,NA,NA,NA,NA,NA,NA,NA,NA,NA,NA,NA,NA,NA,NA,NA,NA,NA,NA,NA,NA, -1.60886E-02, -1.45412E-02, -1.32122E-02, -1.20636E-02, -1.10649E-02, -1.01916E-02, -9.42347E-03, -8.74430E-03, -8.14058E-03, -7.60125E-03, -7.11713E-03, -6.68056E-03, -6.28518E-03, -5.92564E-03, -5.59741E-03, -5.29669E-03, -5.02022E-03,
 -3.87773E-03, -4.09265E-03, -4.32707E-03, -4.58367E-03, -4.86559E-03, -5.17657E-03, -5.52100E-03, -5.90414E-03, -6.33223E-03, -6.81280E-03, -7.35484E-03, -7.96923E-03, -8.66913E-03, -9.47048E-03, -1.03927E-02, -1.14596E-02, -1.27001E-02, -1.41499E-02, -1.58531E-02, -1.78639E-02, -2.02497E-02,NA,NA,NA,NA,NA,NA,NA,NA,NA,NA,NA,NA,NA,NA,NA,NA,NA,NA,NA,NA,NA,NA,NA,NA,NA,NA,NA,NA,NA,NA,NA,NA,NA,NA,NA,NA,NA,NA,NA,NA,NA,NA,NA,NA,NA, -1.69303E-02, -1.52750E-02, -1.38574E-02, -1.26352E-02, -1.15748E-02, -1.06491E-02, -9.83623E-03, -9.11834E-03, -8.48092E-03, -7.91202E-03, -7.40175E-03, -6.94196E-03, -6.52580E-03, -6.14758E-03, -5.80249E-03, -5.48649E-03, -5.19613E-03,
 -3.88177E-03, -4.09460E-03, -4.32652E-03, -4.58013E-03, -4.85855E-03, -5.16543E-03, -5.50515E-03, -5.88291E-03, -6.30498E-03, -6.77887E-03, -7.31368E-03, -7.92042E-03, -8.61249E-03, -9.40625E-03, -1.03217E-02, -1.13836E-02, -1.26222E-02, -1.40751E-02, -1.57890E-02, -1.78217E-02, -2.02457E-02,NA,NA,NA,NA,NA,NA,NA,NA,NA,NA,NA,NA,NA,NA,NA,NA,NA,NA,NA,NA,NA,NA,NA,NA,NA,NA,NA,NA,NA,NA,NA,NA,NA,NA,NA,NA,NA,NA,NA,NA,NA,NA,NA,NA,NA, -1.76129E-02, -1.58787E-02, -1.43955E-02, -1.31182E-02, -1.20110E-02, -1.10451E-02, -1.01972E-02, -9.44868E-03, -8.78419E-03, -8.19118E-03, -7.65931E-03, -7.18005E-03, -6.74626E-03, -6.35200E-03, -5.99227E-03, -5.66286E-03, -5.36019E-03,
 -3.87552E-03, -4.08489E-03, -4.31266E-03, -4.56138E-03, -4.83401E-03, -5.13412E-03, -5.46595E-03, -5.83457E-03, -6.24610E-03, -6.70795E-03, -7.22908E-03, -7.82044E-03, -8.49541E-03, -9.27043E-03, -1.01658E-02, -1.12065E-02, -1.24237E-02, -1.38562E-02, -1.55524E-02, -1.75731E-02, -1.99944E-02,NA,NA,NA,NA,NA,NA,NA,NA,NA,NA,NA,NA,NA,NA,NA,NA,NA,NA,NA,NA,NA,NA,NA,NA,NA,NA,NA,NA,NA,NA,NA,NA,NA,NA,NA,NA,NA,NA,NA,NA,NA,NA,NA,NA,NA, -1.81238E-02, -1.63424E-02, -1.48188E-02, -1.35066E-02, -1.23687E-02, -1.13755E-02, -1.05033E-02, -9.73274E-03, -9.04824E-03, -8.43693E-03, -7.88827E-03, -7.39352E-03, -6.94542E-03, -6.53790E-03, -6.16587E-03, -5.82501E-03, -5.51170E-03,
 -3.85944E-03, -4.06402E-03, -4.28610E-03, -4.52807E-03, -4.79275E-03, -5.08351E-03, -5.40436E-03, -5.76016E-03, -6.15676E-03, -6.60127E-03, -7.10236E-03, -7.67068E-03, -8.31928E-03, -9.06434E-03, -9.92590E-03, -1.09290E-02, -1.21048E-02, -1.34926E-02, -1.51418E-02, -1.71148E-02,NA,NA,NA,NA,NA,NA,NA,NA,NA,NA,NA,NA,NA,NA,NA,NA,NA,NA,NA,NA,NA,NA,NA,NA,NA,NA,NA,NA,NA,NA,NA,NA,NA,NA,NA,NA,NA,NA,NA,NA,NA,NA,NA,NA,NA,NA, -1.84569E-02, -1.66614E-02, -1.51237E-02, -1.37973E-02, -1.26454E-02, -1.16385E-02, -1.07528E-02, -9.96914E-03, -9.27189E-03, -8.64826E-03, -8.08773E-03, -7.58159E-03, -7.12257E-03, -6.70464E-03, -6.32269E-03, -5.97241E-03, -5.65016E-03,
 -3.83415E-03, -4.03270E-03, -4.24765E-03, -4.48117E-03, -4.73587E-03, -5.01485E-03, -5.32184E-03, -5.66134E-03, -6.03882E-03, -6.46095E-03, -6.93592E-03, -7.47378E-03, -8.08702E-03, -8.79115E-03, -9.60558E-03, -1.05547E-02, -1.16691E-02, -1.29879E-02, -1.45603E-02, -1.64497E-02,NA,NA,NA,NA,NA,NA,NA,NA,NA,NA,NA,NA,NA,NA,NA,NA,NA,NA,NA,NA,NA,NA,NA,NA,NA,NA,NA,NA,NA,NA,NA,NA,NA,NA,NA,NA,NA,NA,NA,NA,NA,NA,NA,NA,NA,NA, -1.86132E-02, -1.68363E-02, -1.53104E-02, -1.39906E-02, -1.28414E-02, -1.18341E-02, -1.09457E-02, -1.01578E-02, -9.45499E-03, -8.82497E-03, -8.25747E-03, -7.74398E-03, -7.27744E-03, -6.85193E-03, -6.46244E-03, -6.10476E-03, -5.77528E-03,
 -3.80040E-03, -3.99185E-03, -4.19836E-03, -4.42190E-03, -4.66478E-03, -4.92979E-03, -5.22029E-03, -5.54033E-03, -5.89487E-03, -6.28999E-03, -6.73316E-03, -7.23368E-03, -7.80312E-03, -8.45598E-03, -9.21055E-03, -1.00900E-02, -1.11238E-02, -1.23497E-02, -1.38162E-02,NA,NA,NA,NA,NA,NA,NA,NA,NA,NA,NA,NA,NA,NA,NA,NA,NA,NA,NA,NA,NA,NA,NA,NA,NA,NA,NA,NA,NA,NA,NA,NA,NA,NA,NA,NA,NA,NA,NA,NA,NA,NA,NA,NA,NA,NA, -2.06178E-02, -1.86001E-02, -1.68729E-02, -1.53835E-02, -1.40900E-02, -1.29591E-02, -1.19642E-02, -1.10836E-02, -1.02998E-02, -9.59839E-03, -8.96767E-03, -8.39790E-03, -7.88099E-03, -7.41019E-03, -6.97983E-03, -6.58512E-03, -6.22199E-03, -5.88695E-03,
 -3.75913E-03, -3.94252E-03, -4.13949E-03, -4.35172E-03, -4.58121E-03, -4.83037E-03, -5.10209E-03, -5.39992E-03, -5.72816E-03, -6.09217E-03, -6.49855E-03, -6.95556E-03, -7.47360E-03, -8.06580E-03, -8.74887E-03, -9.54420E-03, -1.04794E-02, -1.15900E-02, -1.29226E-02,NA,NA,NA,NA,NA,NA,NA,NA,NA,NA,NA,NA,NA,NA,NA,NA,NA,NA,NA,NA,NA,NA,NA,NA,NA,NA,NA,NA,NA,NA,NA,NA,NA,NA,NA,NA,NA,NA,NA,NA,NA,NA,NA,NA,NA,NA, -2.03477E-02, -1.84318E-02, -1.67820E-02, -1.53511E-02, -1.41017E-02, -1.30037E-02, -1.20329E-02, -1.11695E-02, -1.03975E-02, -9.70390E-03, -9.07774E-03, -8.51007E-03, -7.99339E-03, -7.52139E-03, -7.08877E-03, -6.69102E-03, -6.32428E-03, -5.98528E-03,
 -3.71134E-03, -3.88593E-03, -4.07246E-03, -4.27232E-03, -4.48715E-03, -4.71891E-03, -4.97001E-03, -5.24335E-03, -5.54254E-03, -5.87204E-03, -6.23744E-03, -6.64575E-03, -7.10593E-03, -7.62938E-03, -8.23082E-03, -8.92930E-03, -9.74970E-03, -1.07247E-02, -1.18977E-02,NA,NA,NA,NA,NA,NA,NA,NA,NA,NA,NA,NA,NA,NA,NA,NA,NA,NA,NA,NA,NA,NA,NA,NA,NA,NA,NA,NA,NA,NA,NA,NA,NA,NA,NA,NA,NA,NA,NA,NA,NA,NA,NA,NA,NA,NA, -1.99123E-02, -1.81273E-02, -1.65782E-02, -1.52249E-02, -1.40349E-02, -1.29822E-02, -1.20455E-02, -1.12076E-02, -1.04544E-02, -9.77418E-03, -9.15728E-03, -8.59562E-03, -8.08244E-03, -7.61200E-03, -7.17945E-03, -6.78065E-03, -6.41203E-03, -6.07052E-03,
 -3.65818E-03, -3.82340E-03, -3.99885E-03, -4.18556E-03, -4.38479E-03, -4.59804E-03, -4.82714E-03, -5.07433E-03, -5.34239E-03, -5.63481E-03, -5.95601E-03, -6.31160E-03, -6.70883E-03, -7.15711E-03, -7.66871E-03, -8.25983E-03, -8.95200E-03, -9.77402E-03,NA,NA,NA,NA,NA,NA,NA,NA,NA,NA,NA,NA,NA,NA,NA,NA,NA,NA,NA,NA,NA,NA,NA,NA,NA,NA,NA,NA,NA,NA,NA,NA,NA,NA,NA,NA,NA,NA,NA,NA,NA,NA,NA,NA,NA,NA, -2.12165E-02, -1.93418E-02, -1.77100E-02, -1.62800E-02, -1.50192E-02, -1.39008E-02, -1.29033E-02, -1.20091E-02, -1.12036E-02, -1.04747E-02, -9.81265E-03, -9.20896E-03, -8.65665E-03, -8.14978E-03, -7.68330E-03, -7.25288E-03, -6.85478E-03, -6.48579E-03, -6.14310E-03,
 -3.60083E-03, -3.75637E-03, -3.92034E-03, -4.09344E-03, -4.27652E-03, -4.47058E-03, -4.67685E-03, -4.89685E-03, -5.13249E-03, -5.38620E-03, -5.66111E-03, -5.96129E-03, -6.29212E-03, -6.66071E-03, -7.07659E-03, -7.55262E-03, -8.10631E-03, -8.76167E-03,NA,NA,NA,NA,NA,NA,NA,NA,NA,NA,NA,NA,NA,NA,NA,NA,NA,NA,NA,NA,NA,NA,NA,NA,NA,NA,NA,NA,NA,NA,NA,NA,NA,NA,NA,NA,NA,NA,NA,NA,NA,NA,NA,NA,NA,NA, -2.03297E-02, -1.86698E-02, -1.72061E-02, -1.59079E-02, -1.47501E-02, -1.37122E-02, -1.27773E-02, -1.19317E-02, -1.11637E-02, -1.04636E-02, -9.82333E-03, -9.23598E-03, -8.69568E-03, -8.19741E-03, -7.73686E-03, -7.31026E-03, -6.91436E-03, -6.54631E-03, -6.20358E-03,
 -3.54055E-03, -3.68630E-03, -3.83868E-03, -3.99805E-03, -4.16482E-03, -4.33950E-03, -4.52268E-03, -4.71515E-03, -4.91791E-03, -5.13228E-03, -5.36005E-03, -5.60364E-03, -5.86641E-03, -6.15300E-03, -6.46993E-03, -6.82633E-03, -7.23516E-03, -7.71484E-03,NA,NA,NA,NA,NA,NA,NA,NA,NA,NA,NA,NA,NA,NA,NA,NA,NA,NA,NA,NA,NA,NA,NA,NA,NA,NA,NA,NA,NA,NA,NA,NA,NA,NA,NA,NA,NA,NA,NA,NA,NA,NA,NA,NA,NA,NA, -1.93681E-02, -1.79314E-02, -1.66436E-02, -1.54839E-02, -1.44351E-02, -1.34828E-02, -1.26152E-02, -1.18221E-02, -1.10949E-02, -1.04265E-02, -9.81063E-03, -9.24184E-03, -8.71550E-03, -8.22754E-03, -7.77442E-03, -7.35300E-03, -6.96049E-03, -6.59442E-03, -6.25261E-03,
 -3.47857E-03, -3.61468E-03, -3.75564E-03, -3.90149E-03, -4.05221E-03, -4.20780E-03, -4.36824E-03, -4.53357E-03, -4.70387E-03, -4.87934E-03, -5.06041E-03, -5.24780E-03, -5.44280E-03, -5.64746E-03, -5.86512E-03, -6.10094E-03, -6.36292E-03, -6.66327E-03,NA,NA,NA,NA,NA,NA,NA,NA,NA,NA,NA,NA,NA,NA,NA,NA,NA,NA,NA,NA,NA,NA,NA,NA,NA,NA,NA,NA,NA,NA,NA,NA,NA,NA,NA,NA,NA,NA,NA,NA,NA,NA,NA,NA,NA,NA, -1.83761E-02, -1.71621E-02, -1.60506E-02, -1.50304E-02, -1.40920E-02, -1.32270E-02, -1.24282E-02, -1.16892E-02, -1.10046E-02, -1.03694E-02, -9.77920E-03, -9.23026E-03, -8.71907E-03, -8.24254E-03, -7.79788E-03, -7.38257E-03, -6.99433E-03, -6.63107E-03, -6.29093E-03,
 -3.41614E-03, -3.54297E-03, -3.67297E-03, -3.80584E-03, -3.94117E-03, -4.07846E-03, -4.21710E-03, -4.35640E-03, -4.49555E-03, -4.63366E-03, -4.76979E-03, -4.90301E-03, -5.03252E-03, -5.15781E-03, -5.27895E-03, -5.39705E-03, -5.51496E-03, -5.63832E-03,NA,NA,NA,NA,NA,NA,NA,NA,NA,NA,NA,NA,NA,NA,NA,NA,NA,NA,NA,NA,NA,NA,NA,NA,NA,NA,NA,NA,NA,NA,NA,NA,NA,NA,NA,NA,NA,NA,NA,NA,NA,NA,NA,NA,NA,NA, -1.73962E-02, -1.63957E-02, -1.54543E-02, -1.45694E-02, -1.37386E-02, -1.29589E-02, -1.22278E-02, -1.15424E-02, -1.08999E-02, -1.02979E-02, -9.73374E-03, -9.20501E-03, -8.70943E-03, -8.24483E-03, -7.80917E-03, -7.40053E-03, -7.01711E-03, -6.65723E-03, -6.31930E-03,
 -3.35443E-03, -3.47257E-03, -3.59234E-03, -3.71311E-03, -3.83410E-03, -3.95435E-03, -4.07272E-03, -4.18781E-03, -4.29797E-03, -4.40130E-03, -4.49556E-03, -4.57825E-03, -4.64656E-03, -4.69749E-03, -4.72799E-03, -4.73515E-03, -4.71670E-03, -4.67170E-03,NA,NA,NA,NA,NA,NA,NA,NA,NA,NA,NA,NA,NA,NA,NA,NA,NA,NA,NA,NA,NA,NA,NA,NA,NA,NA,NA,NA,NA,NA,NA,NA,NA,NA,NA,NA,NA,NA,NA,NA,NA,NA,NA,NA,NA,NA, -1.64673E-02, -1.56639E-02, -1.48802E-02, -1.41214E-02, -1.33912E-02, -1.26919E-02, -1.20247E-02, -1.13901E-02, -1.07880E-02, -1.02178E-02, -9.67878E-03, -9.16974E-03, -8.68951E-03, -8.23677E-03, -7.81019E-03, -7.40840E-03, -7.03007E-03, -6.67385E-03, -6.33849E-03,
 -3.29452E-03, -3.40478E-03, -3.51528E-03, -3.62512E-03, -3.73319E-03, -3.83813E-03, -3.93828E-03, -4.03163E-03, -4.11581E-03, -4.18793E-03, -4.24463E-03, -4.28194E-03, -4.29523E-03, -4.27923E-03, -4.22792E-03, -4.13471E-03, -3.99248E-03, -3.79402E-03,NA,NA,NA,NA,NA,NA,NA,NA,NA,NA,NA,NA,NA,NA,NA,NA,NA,NA,NA,NA,NA,NA,NA,NA,NA,NA,NA,NA,NA,NA,NA,NA,NA,NA,NA,NA,NA,NA,NA,NA,NA,NA,NA,NA,NA,NA, -1.56236E-02, -1.49946E-02, -1.43511E-02, -1.37048E-02, -1.30649E-02, -1.24380E-02, -1.18287E-02, -1.12404E-02, -1.06752E-02, -1.01344E-02, -9.61859E-03, -9.12790E-03, -8.66208E-03, -8.22060E-03, -7.80274E-03, -7.40763E-03, -7.03435E-03, -6.68189E-03, -6.34925E-03,
 -3.23739E-03, -3.34075E-03, -3.44318E-03, -3.54354E-03, -3.64043E-03, -3.73216E-03, -3.81664E-03, -3.89134E-03, -3.95322E-03, -3.99862E-03, -4.02317E-03, -4.02163E-03, -3.98782E-03, -3.91444E-03, -3.79294E-03, -3.61340E-03, -3.36447E-03, -3.03329E-03,NA,NA,NA,NA,NA,NA,NA,NA,NA,NA,NA,NA,NA,NA,NA,NA,NA,NA,NA,NA,NA,NA,NA,NA,NA,NA,NA,NA,NA,NA,NA,NA,NA,NA,NA,NA,NA,NA,NA,NA,NA,NA,NA,NA,NA,NA, -1.48938E-02, -1.44114E-02, -1.38862E-02, -1.33355E-02, -1.27727E-02, -1.22079E-02, -1.16485E-02, -1.11003E-02, -1.05673E-02, -1.00522E-02, -9.55693E-03, -9.08255E-03, -8.62965E-03, -8.19835E-03, -7.78845E-03, -7.39954E-03, -7.03103E-03, -6.68220E-03, -6.35226E-03,
 -3.18387E-03, -3.28147E-03, -3.37721E-03, -3.46976E-03, -3.55750E-03, -3.63846E-03, -3.71022E-03, -3.76984E-03, -3.81375E-03, -3.83767E-03, -3.83641E-03, -3.80373E-03, -3.73219E-03, -3.61284E-03, -3.43507E-03, -3.18627E-03, -2.85155E-03, -2.41344E-03,NA,NA,NA,NA,NA,NA,NA,NA,NA,NA,NA,NA,NA,NA,NA,NA,NA,NA,NA,NA,NA,NA,NA,NA,NA,NA,NA,NA,NA,NA,NA,NA,NA,NA,NA,NA,NA,NA,NA,NA,NA,NA,NA,NA,NA,NA, -1.43003E-02, -1.39328E-02, -1.35010E-02, -1.30263E-02, -1.25251E-02, -1.20102E-02, -1.14913E-02, -1.09758E-02, -1.04691E-02, -9.97522E-03, -9.49700E-03, -9.03630E-03, -8.59433E-03, -8.17174E-03, -7.76875E-03, -7.38528E-03, -7.02104E-03, -6.67552E-03, -6.34814E-03,
 -3.13462E-03, -3.22773E-03, -3.31830E-03, -3.40489E-03, -3.48572E-03, -3.55862E-03, -3.62093E-03, -3.66943E-03, -3.70019E-03, -3.70844E-03, -3.68845E-03, -3.63326E-03, -3.53448E-03, -3.38202E-03, -3.16373E-03, -2.86503E-03, -2.46844E-03, -1.95307E-03,NA,NA,NA,NA,NA,NA,NA,NA,NA,NA,NA,NA,NA,NA,NA,NA,NA,NA,NA,NA,NA,NA,NA,NA,NA,NA,NA,NA,NA,NA,NA,NA,NA,NA,NA,NA,NA,NA,NA,NA,NA,NA,NA,NA,NA, -1.40367E-02, -1.38588E-02, -1.35721E-02, -1.32067E-02, -1.27865E-02, -1.23298E-02, -1.18514E-02, -1.13623E-02, -1.08711E-02, -1.03842E-02, -9.90645E-03, -9.44131E-03, -8.99122E-03, -8.55783E-03, -8.14216E-03, -7.74476E-03, -7.36578E-03, -7.00513E-03, -6.66249E-03, -6.33739E-03,
 -3.09013E-03, -3.18009E-03, -3.26713E-03, -3.34973E-03, -3.42604E-03, -3.49376E-03, -3.55012E-03, -3.59173E-03, -3.61445E-03, -3.61328E-03, -3.58214E-03, -3.51366E-03, -3.39893E-03, -3.22715E-03, -2.98529E-03, -2.65759E-03, -2.22501E-03, -1.66457E-03,NA,NA,NA,NA,NA,NA,NA,NA,NA,NA,NA,NA,NA,NA,NA,NA,NA,NA,NA,NA,NA,NA,NA,NA,NA,NA,NA,NA,NA,NA,NA,NA,NA,NA,NA,NA,NA,NA,NA,NA,NA,NA,NA,NA,NA, -1.37014E-02, -1.35779E-02, -1.33370E-02, -1.30100E-02, -1.26218E-02, -1.21919E-02, -1.17358E-02, -1.12652E-02, -1.07893E-02, -1.03152E-02, -9.84802E-03, -9.39161E-03, -8.94875E-03, -8.52135E-03, -8.11063E-03, -7.71732E-03, -7.34173E-03, -6.98388E-03, -6.64357E-03, -6.32040E-03,
 -3.05068E-03, -3.13889E-03, -3.22408E-03, -3.30473E-03, -3.37897E-03, -3.44450E-03, -3.49851E-03, -3.53759E-03, -3.55758E-03, -3.55341E-03, -3.51893E-03, -3.44669E-03, -3.32763E-03, -3.15079E-03, -2.90286E-03, -2.56773E-03, -2.12587E-03, -1.55358E-03, -8.22099E-04,NA,NA,NA,NA,NA,NA,NA,NA,NA,NA,NA,NA,NA,NA,NA,NA,NA,NA,NA,NA,NA,NA,NA,NA,NA,NA,NA,NA,NA,NA,NA,NA,NA,NA,NA,NA,NA,NA,NA,NA,NA,NA,NA,NA, -1.35721E-02, -1.34597E-02, -1.32297E-02, -1.29131E-02, -1.25345E-02, -1.21134E-02, -1.16652E-02, -1.12016E-02, -1.07320E-02, -1.02634E-02, -9.80105E-03, -9.34889E-03, -8.90975E-03, -8.48560E-03, -8.07774E-03, -7.68693E-03, -7.31355E-03, -6.95765E-03, -6.61906E-03, -6.29742E-03,
 -3.01636E-03, -3.10421E-03, -3.18925E-03, -3.26999E-03, -3.34463E-03, -3.41094E-03, -3.46621E-03, -3.50713E-03, -3.52966E-03, -3.52890E-03, -3.49888E-03, -3.43237E-03, -3.32057E-03, -3.15282E-03, -2.91620E-03, -2.59503E-03, -2.17029E-03, -1.61891E-03,NA,NA,NA,NA,NA,NA,NA,NA,NA,NA,NA,NA,NA,NA,NA,NA,NA,NA,NA,NA,NA,NA,NA,NA,NA,NA,NA,NA,NA,NA,NA,NA,NA,NA,NA,NA,NA,NA,NA,NA,NA,NA,NA,NA,NA, -1.36425E-02, -1.34998E-02, -1.32473E-02, -1.29141E-02, -1.25234E-02, -1.20936E-02, -1.16392E-02, -1.11714E-02, -1.06991E-02, -1.02288E-02, -9.76567E-03, -9.31330E-03, -8.87438E-03, -8.45077E-03, -8.04367E-03, -7.65378E-03, -7.28141E-03, -6.92659E-03, -6.58910E-03, -6.26858E-03,
 -2.98705E-03, -3.07591E-03, -3.16244E-03, -3.24525E-03, -3.32269E-03, -3.39268E-03, -3.45270E-03, -3.49968E-03, -3.52987E-03, -3.53871E-03, -3.52067E-03, -3.46902E-03, -3.37560E-03, -3.23053E-03, -3.02182E-03, -2.73497E-03, -2.35241E-03, -1.85289E-03,NA,NA,NA,NA,NA,NA,NA,NA,NA,NA,NA,NA,NA,NA,NA,NA,NA,NA,NA,NA,NA,NA,NA,NA,NA,NA,NA,NA,NA,NA,NA,NA,NA,NA,NA,NA,NA,NA,NA,NA,NA,NA,NA,NA, -1.39823E-02, -1.38988E-02, -1.36879E-02, -1.33819E-02, -1.30070E-02, -1.25839E-02, -1.21290E-02, -1.16552E-02, -1.11727E-02, -1.06891E-02, -1.02105E-02, -9.74108E-03, -9.28423E-03, -8.84220E-03, -8.41653E-03, -8.00819E-03, -7.61769E-03, -7.24520E-03, -6.89062E-03, -6.55365E-03, -6.23385E-03,
 -2.96244E-03, -3.05360E-03, -3.14317E-03, -3.22993E-03, -3.31241E-03, -3.38880E-03, -3.45685E-03, -3.51385E-03, -3.55648E-03, -3.58071E-03, -3.58164E-03, -3.55333E-03, -3.48859E-03, -3.37872E-03, -3.21318E-03, -2.97929E-03, -2.66170E-03, -2.24197E-03,NA,NA,NA,NA,NA,NA,NA,NA,NA,NA,NA,NA,NA,NA,NA,NA,NA,NA,NA,NA,NA,NA,NA,NA,NA,NA,NA,NA,NA,NA,NA,NA,NA,NA,NA,NA,NA,NA,NA,NA,NA,NA,NA,NA, -1.45332E-02, -1.43215E-02, -1.40085E-02, -1.36215E-02, -1.31824E-02, -1.27086E-02, -1.22138E-02, -1.17088E-02, -1.12018E-02, -1.06993E-02, -1.02060E-02, -9.72556E-03, -9.26037E-03, -8.81219E-03, -8.38209E-03, -7.97069E-03, -7.57821E-03, -7.20457E-03, -6.84949E-03, -6.51252E-03, -6.19310E-03,
 -2.94205E-03, -3.03668E-03, -3.13070E-03, -3.22311E-03, -3.31269E-03, -3.39794E-03, -3.47699E-03, -3.54758E-03, -3.60696E-03, -3.65177E-03, -3.67795E-03, -3.68056E-03, -3.65365E-03, -3.59005E-03, -3.48111E-03, -3.31644E-03, -3.08359E-03,NA,NA,NA,NA,NA,NA,NA,NA,NA,NA,NA,NA,NA,NA,NA,NA,NA,NA,NA,NA,NA,NA,NA,NA,NA,NA,NA,NA,NA,NA,NA,NA,NA,NA,NA,NA,NA,NA,NA,NA,NA,NA,NA,NA,NA, -1.52604E-02, -1.48856E-02, -1.44419E-02, -1.39504E-02, -1.34279E-02, -1.28877E-02, -1.23402E-02, -1.17935E-02, -1.12538E-02, -1.07256E-02, -1.02124E-02, -9.71661E-03, -9.23973E-03, -8.78276E-03, -8.34622E-03, -7.93020E-03, -7.53456E-03, -7.15892E-03, -6.80273E-03, -6.46535E-03, -6.14606E-03,
 -2.92521E-03, -3.02434E-03, -3.12405E-03, -3.22360E-03, -3.32207E-03, -3.41832E-03, -3.51095E-03, -3.59823E-03, -3.67808E-03, -3.74793E-03, -3.80470E-03, -3.84467E-03, -3.86334E-03, -3.85532E-03, -3.81417E-03, -3.73220E-03, -3.60028E-03,NA,NA,NA,NA,NA,NA,NA,NA,NA,NA,NA,NA,NA,NA,NA,NA,NA,NA,NA,NA,NA,NA,NA,NA,NA,NA,NA,NA,NA,NA,NA,NA,NA,NA,NA,NA,NA,NA,NA,NA,NA,NA,NA,NA,NA, -1.61280E-02, -1.55624E-02, -1.49650E-02, -1.43499E-02, -1.37284E-02, -1.31090E-02, -1.24984E-02, -1.19016E-02, -1.13223E-02, -1.07631E-02, -1.02257E-02, -9.71103E-03, -9.21975E-03, -8.75190E-03, -8.30729E-03, -7.88545E-03, -7.48575E-03, -7.10746E-03, -6.74972E-03, -6.41167E-03, -6.09237E-03,
 -2.91112E-03, -3.01561E-03, -3.12204E-03, -3.22996E-03, -3.33880E-03, -3.44783E-03, -3.55615E-03, -3.66265E-03, -3.76598E-03, -3.86448E-03, -3.95616E-03, -4.03863E-03, -4.10902E-03, -4.16390E-03, -4.19925E-03, -4.21033E-03, -4.19162E-03,NA,NA,NA,NA,NA,NA,NA,NA,NA,NA,NA,NA,NA,NA,NA,NA,NA,NA,NA,NA,NA,NA,NA,NA,NA,NA,NA,NA,NA,NA,NA,NA,NA,NA,NA,NA,NA,NA,NA,NA,NA,NA,NA,NA,NA, -1.70974E-02, -1.63204E-02, -1.55521E-02, -1.47993E-02, -1.40670E-02, -1.33589E-02, -1.26774E-02, -1.20243E-02, -1.14004E-02, -1.08060E-02, -1.02410E-02, -9.70508E-03, -9.19743E-03, -8.71721E-03, -8.26339E-03, -7.83489E-03, -7.43057E-03, -7.04924E-03, -6.68973E-03, -6.35089E-03, -6.03157E-03,
 -2.89886E-03, -3.00937E-03, -3.12331E-03, -3.24056E-03, -3.36089E-03, -3.48405E-03, -3.60966E-03, -3.73729E-03, -3.86636E-03, -3.99620E-03, -4.12596E-03, -4.25467E-03, -4.38117E-03, -4.50414E-03, -4.62206E-03, -4.73327E-03, -4.83598E-03,NA,NA,NA,NA,NA,NA,NA,NA,NA,NA,NA,NA,NA,NA,NA,NA,NA,NA,NA,NA,NA,NA,NA,NA,NA,NA,NA,NA,NA,NA,NA,NA,NA,NA,NA,NA,NA,NA,NA,NA,NA,NA,NA,NA,NA, -1.81280E-02, -1.71263E-02, -1.61761E-02, -1.52764E-02, -1.44258E-02, -1.36227E-02, -1.28653E-02, -1.21518E-02, -1.14799E-02, -1.08479E-02, -1.02534E-02, -9.69461E-03, -9.16945E-03, -8.67599E-03, -8.21238E-03, -7.77684E-03, -7.36765E-03, -6.98318E-03, -6.62191E-03, -6.28236E-03, -5.96316E-03,
 -2.88741E-03, -3.00439E-03, -3.12639E-03, -3.25360E-03, -3.38620E-03, -3.52438E-03, -3.66836E-03, -3.81835E-03, -3.97463E-03, -4.13748E-03, -4.30730E-03, -4.48453E-03, -4.66977E-03, -4.86381E-03, -5.06768E-03, -5.28281E-03, -5.51111E-03,NA,NA,NA,NA,NA,NA,NA,NA,NA,NA,NA,NA,NA,NA,NA,NA,NA,NA,NA,NA,NA,NA,NA,NA,NA,NA,NA,NA,NA,NA,NA,NA,NA,NA,NA,NA,NA,NA,NA,NA,NA,NA,NA,NA,NA, -1.91787E-02, -1.79463E-02, -1.68090E-02, -1.57581E-02, -1.47857E-02, -1.38849E-02, -1.30495E-02, -1.22738E-02, -1.15528E-02, -1.08820E-02, -1.02574E-02, -9.67522E-03, -9.13224E-03, -8.62541E-03, -8.15198E-03, -7.70946E-03, -7.29554E-03, -6.90815E-03, -6.54534E-03, -6.20536E-03, -5.88659E-03,
 -2.87571E-03, -2.99939E-03, -3.12973E-03, -3.26722E-03, -3.41246E-03, -3.56611E-03, -3.72894E-03, -3.90187E-03, -4.08598E-03, -4.28257E-03, -4.49319E-03, -4.71975E-03, -4.96457E-03, -5.23050E-03, -5.52109E-03, -5.84073E-03, -6.19491E-03,NA,NA,NA,NA,NA,NA,NA,NA,NA,NA,NA,NA,NA,NA,NA,NA,NA,NA,NA,NA,NA,NA,NA,NA,NA,NA,NA,NA,NA,NA,NA,NA,NA,NA,NA,NA,NA,NA,NA,NA,NA,NA,NA,NA,NA, -2.02088E-02, -1.87464E-02, -1.74228E-02, -1.62214E-02, -1.51280E-02, -1.41302E-02, -1.32173E-02, -1.23800E-02, -1.16105E-02, -1.09016E-02, -1.02473E-02, -9.64242E-03, -9.08219E-03, -8.56254E-03, -8.07984E-03, -7.63087E-03, -7.21276E-03, -6.82294E-03, -6.45911E-03, -6.11919E-03, -5.80130E-03,
 -2.86263E-03, -2.99303E-03, -3.13172E-03, -3.27951E-03, -3.43738E-03, -3.60646E-03, -3.78809E-03, -3.98385E-03, -4.19562E-03, -4.42566E-03, -4.67668E-03, -4.95196E-03, -5.25548E-03, -5.59206E-03, -5.96762E-03, -6.38936E-03, -6.86613E-03,NA,NA,NA,NA,NA,NA,NA,NA,NA,NA,NA,NA,NA,NA,NA,NA,NA,NA,NA,NA,NA,NA,NA,NA,NA,NA,NA,NA,NA,NA,NA,NA,NA,NA,NA,NA,NA,NA,NA,NA,NA,NA,NA,NA,NA,NA, -1.94937E-02, -1.79901E-02, -1.66437E-02, -1.54339E-02, -1.43431E-02, -1.33561E-02, -1.24603E-02, -1.16446E-02, -1.08998E-02, -1.02178E-02, -9.59178E-03, -9.01572E-03, -8.48451E-03, -7.99366E-03, -7.53924E-03, -7.11784E-03, -6.72642E-03, -6.36230E-03, -6.02312E-03, -5.70675E-03,
 -2.84709E-03, -2.98400E-03, -3.13078E-03, -3.28855E-03, -3.45868E-03, -3.64272E-03, -3.84256E-03, -4.06039E-03, -4.29887E-03, -4.56116E-03, -4.85105E-03, -5.17310E-03, -5.53283E-03, -5.93690E-03, -6.39340E-03, -6.91212E-03, -7.50495E-03,NA,NA,NA,NA,NA,NA,NA,NA,NA,NA,NA,NA,NA,NA,NA,NA,NA,NA,NA,NA,NA,NA,NA,NA,NA,NA,NA,NA,NA,NA,NA,NA,NA,NA,NA,NA,NA,NA,NA,NA,NA,NA,NA,NA,NA,NA,NA, -1.84849E-02, -1.70036E-02, -1.56859E-02, -1.45092E-02, -1.34543E-02, -1.25049E-02, -1.16475E-02, -1.08703E-02, -1.01637E-02, -9.51908E-03, -8.92944E-03, -8.38858E-03, -7.89123E-03, -7.43283E-03, -7.00940E-03, -6.61749E-03, -6.25407E-03, -5.91650E-03, -5.60244E-03,
 -2.82801E-03, -2.97102E-03, -3.12538E-03, -3.29254E-03, -3.47418E-03, -3.67228E-03, -3.88922E-03, -4.12778E-03, -4.39130E-03, -4.68377E-03, -5.00996E-03, -5.37562E-03, -5.78762E-03, -6.25431E-03, -6.78568E-03, -7.39386E-03, -8.09343E-03,NA,NA,NA,NA,NA,NA,NA,NA,NA,NA,NA,NA,NA,NA,NA,NA,NA,NA,NA,NA,NA,NA,NA,NA,NA,NA,NA,NA,NA,NA,NA,NA,NA,NA,NA,NA,NA,NA,NA,NA,NA,NA,NA,NA,NA,NA,NA, -1.88829E-02, -1.72810E-02, -1.58676E-02, -1.46152E-02, -1.35007E-02, -1.25050E-02, -1.16117E-02, -1.08072E-02, -1.00801E-02, -9.42047E-03, -8.82022E-03, -8.27226E-03, -7.77058E-03, -7.31003E-03, -6.88617E-03, -6.49516E-03, -6.13366E-03, -5.79876E-03, -5.48793E-03,
 -2.80437E-03, -2.95286E-03, -3.11409E-03, -3.28974E-03, -3.48183E-03, -3.69272E-03, -3.92519E-03, -4.18258E-03, -4.46882E-03, -4.78865E-03, -5.14768E-03, -5.55270E-03, -6.01179E-03, -6.53470E-03, -7.13315E-03, -7.82121E-03, -8.61583E-03,NA,NA,NA,NA,NA,NA,NA,NA,NA,NA,NA,NA,NA,NA,NA,NA,NA,NA,NA,NA,NA,NA,NA,NA,NA,NA,NA,NA,NA,NA,NA,NA,NA,NA,NA,NA,NA,NA,NA,NA,NA,NA,NA,NA,NA,NA,NA,NA, -1.74582E-02, -1.59644E-02, -1.46491E-02, -1.34858E-02, -1.24526E-02, -1.15309E-02, -1.07053E-02, -9.96280E-03, -9.29257E-03, -8.68536E-03, -8.13337E-03, -7.62998E-03, -7.16950E-03, -6.74711E-03, -6.35862E-03, -6.00043E-03, -5.66943E-03, -5.36289E-03,
 -2.77525E-03, -2.92844E-03, -3.09558E-03, -3.27861E-03, -3.47980E-03, -3.70183E-03, -3.94789E-03, -4.22172E-03, -4.52782E-03, -4.87151E-03, -5.25916E-03, -5.69838E-03, -6.19830E-03, -6.76983E-03, -7.42610E-03, -8.18282E-03, -9.05890E-03,NA,NA,NA,NA,NA,NA,NA,NA,NA,NA,NA,NA,NA,NA,NA,NA,NA,NA,NA,NA,NA,NA,NA,NA,NA,NA,NA,NA,NA,NA,NA,NA,NA,NA,NA,NA,NA,NA,NA,NA,NA,NA,NA,NA,NA,NA,NA,NA, -1.75198E-02, -1.59638E-02, -1.46009E-02, -1.34014E-02, -1.23412E-02, -1.13997E-02, -1.05602E-02, -9.80844E-03, -9.13258E-03, -8.52263E-03, -7.97016E-03, -7.46802E-03, -7.01015E-03, -6.59136E-03, -6.20722E-03, -5.85391E-03, -5.52815E-03, -5.22707E-03,
 -2.73982E-03, -2.89676E-03, -3.06870E-03, -3.25777E-03, -3.46646E-03, -3.69773E-03, -3.95506E-03, -4.24258E-03, -4.56519E-03, -4.92872E-03, -5.34012E-03, -5.80769E-03, -6.34133E-03, -6.95291E-03, -7.65662E-03, -8.46949E-03, -9.41195E-03, -1.05085E-02,NA,NA,NA,NA,NA,NA,NA,NA,NA,NA,NA,NA,NA,NA,NA,NA,NA,NA,NA,NA,NA,NA,NA,NA,NA,NA,NA,NA,NA,NA,NA,NA,NA,NA,NA,NA,NA,NA,NA,NA,NA,NA,NA,NA,NA,NA,NA, -1.74535E-02, -1.58562E-02, -1.44626E-02, -1.32412E-02, -1.21656E-02, -1.12141E-02, -1.03687E-02, -9.61433E-03, -8.93842E-03, -8.33037E-03, -7.78131E-03, -7.28370E-03, -6.83119E-03, -6.41835E-03, -6.04055E-03, -5.69382E-03, -5.37474E-03, -5.08038E-03,
 -2.69739E-03, -2.85701E-03, -3.03249E-03, -3.22608E-03, -3.44048E-03, -3.67884E-03, -3.94488E-03, -4.24300E-03, -4.57843E-03, -4.95737E-03, -5.38720E-03, -5.87669E-03, -6.43634E-03, -7.07868E-03, -7.81867E-03, -8.67428E-03, -9.66702E-03, -1.08227E-02,NA,NA,NA,NA,NA,NA,NA,NA,NA,NA,NA,NA,NA,NA,NA,NA,NA,NA,NA,NA,NA,NA,NA,NA,NA,NA,NA,NA,NA,NA,NA,NA,NA,NA,NA,NA,NA,NA,NA,NA,NA,NA,NA,NA,NA,NA,NA,NA, -1.56345E-02, -1.42289E-02, -1.30007E-02, -1.19223E-02, -1.09712E-02, -1.01286E-02, -9.37875E-03, -8.70872E-03, -8.10754E-03, -7.56603E-03, -7.07644E-03, -6.63221E-03, -6.22779E-03, -5.85842E-03, -5.52004E-03, -5.20918E-03, -4.92282E-03,
 -2.64738E-03, -2.80853E-03, -2.98615E-03, -3.18264E-03, -3.40080E-03, -3.64393E-03, -3.91591E-03, -4.22135E-03, -4.56566E-03, -4.95530E-03, -5.39790E-03, -5.90256E-03, -6.48012E-03, -7.14349E-03, -7.90812E-03, -8.79251E-03, -9.81883E-03, -1.10137E-02,NA,NA,NA,NA,NA,NA,NA,NA,NA,NA,NA,NA,NA,NA,NA,NA,NA,NA,NA,NA,NA,NA,NA,NA,NA,NA,NA,NA,NA,NA,NA,NA,NA,NA,NA,NA,NA,NA,NA,NA,NA,NA,NA,NA,NA,NA,NA,NA, -1.52949E-02, -1.38968E-02, -1.26777E-02, -1.16097E-02, -1.06698E-02, -9.83880E-03, -9.10093E-03, -8.44293E-03, -7.85374E-03, -7.32407E-03, -6.84608E-03, -6.41316E-03, -6.01969E-03, -5.66090E-03, -5.33270E-03, -5.03160E-03, -4.75459E-03,
 -2.58938E-03, -2.75082E-03, -2.92913E-03, -3.12679E-03, -3.34667E-03, -3.59214E-03, -3.86719E-03, -4.17651E-03, -4.52563E-03, -4.92110E-03, -5.37068E-03, -5.88358E-03, -6.47077E-03, -7.14529E-03, -7.92274E-03, -8.82177E-03, -9.86478E-03, -1.10787E-02, -1.24962E-02,NA,NA,NA,NA,NA,NA,NA,NA,NA,NA,NA,NA,NA,NA,NA,NA,NA,NA,NA,NA,NA,NA,NA,NA,NA,NA,NA,NA,NA,NA,NA,NA,NA,NA,NA,NA,NA,NA,NA,NA,NA,NA,NA,NA,NA,NA,NA, -1.48372E-02, -1.34661E-02, -1.22722E-02, -1.12278E-02, -1.03099E-02, -9.49960E-03, -8.78112E-03, -8.14133E-03, -7.56927E-03, -7.05573E-03, -6.59294E-03, -6.17434E-03, -5.79438E-03, -5.44832E-03, -5.13213E-03, -4.84234E-03, -4.57599E-03,
 -2.52313E-03, -2.68358E-03, -2.86109E-03, -3.05814E-03, -3.27764E-03, -3.52299E-03, -3.79818E-03, -4.10791E-03, -4.45772E-03, -4.85413E-03, -5.30488E-03, -5.81912E-03, -6.40770E-03, -7.08358E-03, -7.86215E-03, -8.76188E-03, -9.80491E-03, -1.10179E-02, -1.24333E-02,NA,NA,NA,NA,NA,NA,NA,NA,NA,NA,NA,NA,NA,NA,NA,NA,NA,NA,NA,NA,NA,NA,NA,NA,NA,NA,NA,NA,NA,NA,NA,NA,NA,NA,NA,NA,NA,NA,NA,NA,NA,NA,NA,NA,NA,NA,NA, -1.42641E-02, -1.29393E-02, -1.17864E-02, -1.07785E-02, -9.89327E-03, -9.11237E-03, -8.42052E-03, -7.80498E-03, -7.25507E-03, -6.76186E-03, -6.31778E-03, -5.91647E-03, -5.55250E-03, -5.22127E-03, -4.91887E-03, -4.64191E-03, -4.38752E-03,
 -2.44853E-03, -2.60670E-03, -2.78189E-03, -2.97657E-03, -3.19360E-03, -3.43637E-03, -3.70879E-03, -4.01551E-03, -4.36195E-03, -4.75451E-03, -5.20075E-03, -5.70959E-03, -6.29159E-03, -6.95933E-03, -7.72775E-03, -8.61473E-03, -9.64174E-03, -1.08346E-02, -1.22249E-02, -1.38509E-02,NA,NA,NA,NA,NA,NA,NA,NA,NA,NA,NA,NA,NA,NA,NA,NA,NA,NA,NA,NA,NA,NA,NA,NA,NA,NA,NA,NA,NA,NA,NA,NA,NA,NA,NA,NA,NA,NA,NA,NA,NA,NA,NA,NA,NA,NA, -1.35822E-02, -1.23218E-02, -1.12247E-02, -1.02654E-02, -9.42285E-03, -8.67964E-03, -8.02130E-03, -7.43571E-03, -6.91273E-03, -6.44383E-03, -6.02182E-03, -5.64059E-03, -5.29498E-03, -4.98059E-03, -4.69367E-03, -4.43099E-03, -4.18978E-03,
 -2.36561E-03, -2.52024E-03, -2.69163E-03, -2.88218E-03, -3.09471E-03, -3.33249E-03, -3.59934E-03, -3.89973E-03, -4.23890E-03, -4.62303E-03, -5.05934E-03, -5.55638E-03, -6.12425E-03, -6.77490E-03, -7.52256E-03, -8.38418E-03, -9.38012E-03, -1.05349E-02, -1.18783E-02, -1.34469E-02,NA,NA,NA,NA,NA,NA,NA,NA,NA,NA,NA,NA,NA,NA,NA,NA,NA,NA,NA,NA,NA,NA,NA,NA,NA,NA,NA,NA,NA,NA,NA,NA,NA,NA,NA,NA,NA,NA,NA,NA,NA,NA,NA,NA,NA,NA, -1.28007E-02, -1.16212E-02, -1.05934E-02, -9.69372E-03, -8.90297E-03, -8.20503E-03, -7.58649E-03, -7.03610E-03, -6.54443E-03, -6.10352E-03, -5.70664E-03, -5.34810E-03, -5.02305E-03, -4.72736E-03, -4.45749E-03, -4.21042E-03, -3.98354E-03,
 -2.27456E-03, -2.42442E-03, -2.59058E-03, -2.77534E-03, -2.98142E-03, -3.21193E-03, -3.47053E-03, -3.76147E-03, -4.08972E-03, -4.46111E-03, -4.88245E-03, -5.36178E-03, -5.90854E-03, -6.53389E-03, -7.25107E-03, -8.07583E-03, -9.02702E-03, -1.01273E-02, -1.14043E-02, -1.28916E-02,NA,NA,NA,NA,NA,NA,NA,NA,NA,NA,NA,NA,NA,NA,NA,NA,NA,NA,NA,NA,NA,NA,NA,NA,NA,NA,NA,NA,NA,NA,NA,NA,NA,NA,NA,NA,NA,NA,NA,NA,NA,NA,NA,NA,NA,NA, -1.19317E-02, -1.08473E-02, -9.90035E-03, -9.07003E-03, -8.33908E-03, -7.69306E-03, -7.11986E-03, -6.60932E-03, -6.15285E-03, -5.74320E-03, -5.37423E-03, -5.04070E-03, -4.73818E-03, -4.46284E-03, -4.21145E-03, -3.98119E-03, -3.76966E-03,
 -2.17572E-03, -2.31964E-03, -2.47922E-03, -2.65663E-03, -2.85442E-03, -3.07555E-03, -3.32342E-03, -3.60203E-03, -3.91600E-03, -4.27074E-03, -4.67255E-03, -5.12882E-03, -5.64822E-03, -6.24094E-03, -6.91904E-03, -7.69680E-03, -8.59125E-03, -9.62282E-03, -1.08162E-02, -1.22015E-02,NA,NA,NA,NA,NA,NA,NA,NA,NA,NA,NA,NA,NA,NA,NA,NA,NA,NA,NA,NA,NA,NA,NA,NA,NA,NA,NA,NA,NA,NA,NA,NA,NA,NA,NA,NA,NA,NA,NA,NA,NA,NA,NA,NA,NA,NA, -1.09894E-02, -1.00116E-02, -9.15511E-03, -8.40207E-03, -7.73757E-03, -7.14903E-03, -6.62586E-03, -6.15909E-03, -5.74114E-03, -5.36555E-03, -5.02685E-03, -4.72034E-03, -4.44204E-03, -4.18852E-03, -3.95682E-03, -3.74443E-03, -3.54916E-03,
 -2.06953E-03, -2.20645E-03, -2.35819E-03, -2.52681E-03, -2.71465E-03, -2.92446E-03, -3.15939E-03, -3.42308E-03, -3.71978E-03, -4.05439E-03, -4.43265E-03, -4.86119E-03, -5.34781E-03, -5.90161E-03, -6.53329E-03, -7.25546E-03, -8.08309E-03, -9.03402E-03, -1.01297E-02, -1.13960E-02, -1.28647E-02,NA,NA,NA,NA,NA,NA,NA,NA,NA,NA,NA,NA,NA,NA,NA,NA,NA,NA,NA,NA,NA,NA,NA,NA,NA,NA,NA,NA,NA,NA,NA,NA,NA,NA,NA,NA,NA,NA,NA,NA,NA,NA,NA,NA,NA, -9.98963E-03, -9.12692E-03, -8.36806E-03, -7.69840E-03, -7.10551E-03, -6.57883E-03, -6.10939E-03, -5.68955E-03, -5.31279E-03, -4.97354E-03, -4.66703E-03, -4.38920E-03, -4.13652E-03, -3.90600E-03, -3.69503E-03, -3.50137E-03, -3.32309E-03,
 -1.95655E-03, -2.08549E-03, -2.22829E-03, -2.38682E-03, -2.56324E-03, -2.76003E-03, -2.98004E-03, -3.22657E-03, -3.50340E-03, -3.81492E-03, -4.16620E-03, -4.56310E-03, -5.01243E-03, -5.52211E-03, -6.10139E-03, -6.76108E-03, -7.51390E-03, -8.37491E-03, -9.36200E-03, -1.04966E-02, -1.18047E-02,NA,NA,NA,NA,NA,NA,NA,NA,NA,NA,NA,NA,NA,NA,NA,NA,NA,NA,NA,NA,NA,NA,NA,NA,NA,NA,NA,NA,NA,NA,NA,NA,NA,NA,NA,NA,NA,NA,NA,NA,NA,NA,NA,NA,NA, -8.94878E-03, -8.20666E-03, -7.55025E-03, -6.96812E-03, -6.45044E-03, -5.98874E-03, -5.57572E-03, -5.20512E-03, -4.87153E-03, -4.57033E-03, -4.29749E-03, -4.04958E-03, -3.82361E-03, -3.61701E-03, -3.42756E-03, -3.25333E-03, -3.09263E-03,
 -1.83745E-03, -1.95756E-03, -2.09043E-03, -2.23775E-03, -2.40146E-03, -2.58377E-03, -2.78721E-03, -3.01467E-03, -3.26949E-03, -3.55548E-03, -3.87700E-03, -4.23911E-03, -4.64759E-03, -5.10912E-03, -5.63145E-03, -6.22351E-03, -6.89573E-03, -7.66026E-03, -8.53138E-03, -9.52589E-03, -1.06638E-02,NA,NA,NA,NA,NA,NA,NA,NA,NA,NA,NA,NA,NA,NA,NA,NA,NA,NA,NA,NA,NA,NA,NA,NA,NA,NA,NA,NA,NA,NA,NA,NA,NA,NA,NA,NA,NA,NA,NA,NA,NA,NA,NA,NA,NA, -7.88360E-03, -7.26452E-03, -6.71292E-03, -6.22056E-03, -5.78014E-03, -5.38525E-03, -5.03030E-03, -4.71039E-03, -4.42127E-03, -4.15923E-03, -3.92105E-03, -3.70392E-03, -3.50540E-03, -3.32338E-03, -3.15600E-03, -3.00167E-03, -2.85897E-03,
 -1.71296E-03, -1.82350E-03, -1.94561E-03, -2.08079E-03, -2.23073E-03, -2.39736E-03, -2.58288E-03, -2.78976E-03, -3.02086E-03, -3.27940E-03, -3.56906E-03, -3.89402E-03, -4.25904E-03, -4.66958E-03, -5.13183E-03, -5.65288E-03, -6.24085E-03, -6.90504E-03, -7.65614E-03, -8.50646E-03, -9.47018E-03,NA,NA,NA,NA,NA,NA,NA,NA,NA,NA,NA,NA,NA,NA,NA,NA,NA,NA,NA,NA,NA,NA,NA,NA,NA,NA,NA,NA,NA,NA,NA,NA,NA,NA,NA,NA,NA,NA,NA,NA,NA,NA,NA,NA,NA, -6.81029E-03, -6.31388E-03, -5.86719E-03, -5.46496E-03, -5.10231E-03, -4.77484E-03, -4.47858E-03, -4.20999E-03, -3.96593E-03, -3.74361E-03, -3.54058E-03, -3.35469E-03, -3.18403E-03, -3.02694E-03, -2.88196E-03, -2.74781E-03, -2.62335E-03,
 -1.58388E-03, -1.68425E-03, -1.79494E-03, -1.91722E-03, -2.05255E-03, -2.20257E-03, -2.36912E-03, -2.55429E-03, -2.76042E-03, -2.99015E-03, -3.24647E-03, -3.53271E-03, -3.85263E-03, -4.21045E-03, -4.61089E-03, -5.05922E-03, -5.56137E-03, -6.12391E-03, -6.75415E-03, -7.46017E-03, -8.25084E-03,NA,NA,NA,NA,NA,NA,NA,NA,NA,NA,NA,NA,NA,NA,NA,NA,NA,NA,NA,NA,NA,NA,NA,NA,NA,NA,NA,NA,NA,NA,NA,NA,NA,NA,NA,NA,NA,NA,NA,NA,NA,NA,NA,NA,NA, -5.74405E-03, -5.36742E-03, -5.02366E-03, -4.71022E-03, -4.42447E-03, -4.16386E-03, -3.92595E-03, -3.70850E-03, -3.50941E-03, -3.32680E-03, -3.15896E-03, -3.00437E-03, -2.86164E-03, -2.72957E-03, -2.60706E-03, -2.49316E-03, -2.38701E-03,
 -1.45105E-03, -1.54079E-03, -1.63953E-03, -1.74836E-03, -1.86846E-03, -2.00120E-03, -2.14807E-03, -2.31075E-03, -2.49110E-03, -2.69121E-03, -2.91334E-03, -3.16005E-03, -3.43411E-03, -3.73857E-03, -4.07675E-03, -4.45224E-03, -4.86889E-03, -5.33078E-03, -5.84215E-03, -6.40729E-03, -7.03035E-03, -7.71506E-03,NA,NA,NA,NA,NA,NA,NA,NA,NA,NA,NA,NA,NA,NA,NA,NA,NA,NA,NA,NA,NA,NA,NA,NA,NA,NA,NA,NA,NA,NA,NA,NA,NA,NA,NA,NA,NA,NA,NA,NA,NA,NA,NA, -4.97739E-03, -4.69869E-03, -4.43678E-03, -4.19215E-03, -3.96465E-03, -3.75366E-03, -3.55829E-03, -3.37753E-03, -3.21028E-03, -3.05547E-03, -2.91204E-03, -2.77898E-03, -2.65537E-03, -2.54033E-03, -2.43308E-03, -2.33289E-03, -2.23912E-03, -2.15119E-03,
 -1.31533E-03, -1.39411E-03, -1.48056E-03, -1.57555E-03, -1.68004E-03, -1.79508E-03, -1.92186E-03, -2.06165E-03, -2.21584E-03, -2.38598E-03, -2.57369E-03, -2.78074E-03, -3.00901E-03, -3.26046E-03, -3.53711E-03, -3.84102E-03, -4.17418E-03, -4.53844E-03, -4.93534E-03, -5.36591E-03, -5.83037E-03, -6.32759E-03,NA,NA,NA,NA,NA,NA,NA,NA,NA,NA,NA,NA,NA,NA,NA,NA,NA,NA,NA,NA,NA,NA,NA,NA,NA,NA,NA,NA,NA,NA,NA,NA,NA,NA,NA,NA,NA,NA,NA,NA,NA,NA,NA, -3.84066E-03, -3.68631E-03, -3.53229E-03, -3.38152E-03, -3.23584E-03, -3.09638E-03, -2.96372E-03, -2.83809E-03, -2.71947E-03, -2.60767E-03, -2.50240E-03, -2.40331E-03, -2.31001E-03, -2.22212E-03, -2.13924E-03, -2.06101E-03, -1.98706E-03, -1.91708E-03,
 -1.17760E-03, -1.24523E-03, -1.31919E-03, -1.40015E-03, -1.48883E-03, -1.58602E-03, -1.69258E-03, -1.80940E-03, -1.93746E-03, -2.07775E-03, -2.23133E-03, -2.39924E-03, -2.58253E-03, -2.78219E-03, -2.99908E-03, -3.23387E-03, -3.48696E-03, -3.75826E-03, -4.04705E-03, -4.35165E-03, -4.66908E-03, -4.99447E-03,NA,NA,NA,NA,NA,NA,NA,NA,NA,NA,NA,NA,NA,NA,NA,NA,NA,NA,NA,NA,NA,NA,NA,NA,NA,NA,NA,NA,NA,NA,NA,NA,NA,NA,NA,NA,NA,NA,NA,NA,NA,NA,NA, -2.75741E-03, -2.71712E-03, -2.66288E-03, -2.59948E-03, -2.53048E-03, -2.45842E-03, -2.38516E-03, -2.31200E-03, -2.23984E-03, -2.16929E-03, -2.10074E-03, -2.03443E-03, -1.97048E-03, -1.90892E-03, -1.84974E-03, -1.79288E-03, -1.73828E-03, -1.68584E-03,
 -1.03873E-03, -1.09514E-03, -1.15656E-03, -1.22347E-03, -1.29636E-03, -1.37577E-03, -1.46224E-03, -1.55634E-03, -1.65862E-03, -1.76962E-03, -1.88984E-03, -2.01969E-03, -2.15947E-03, -2.30930E-03, -2.46904E-03, -2.63818E-03, -2.81575E-03, -3.00006E-03, -3.18855E-03, -3.37740E-03, -3.56116E-03, -3.73220E-03, -3.87994E-03,NA,NA,NA,NA,NA,NA,NA,NA,NA,NA,NA,NA,NA,NA,NA,NA,NA,NA,NA,NA,NA,NA,NA,NA,NA,NA,NA,NA,NA,NA,NA,NA,NA,NA,NA,NA,NA,NA,NA,NA,NA, -1.64029E-03, -1.73696E-03, -1.79946E-03, -1.83590E-03, -1.85256E-03, -1.85429E-03, -1.84483E-03, -1.82703E-03, -1.80312E-03, -1.77478E-03, -1.74330E-03, -1.70968E-03, -1.67464E-03, -1.63878E-03, -1.60250E-03, -1.56613E-03, -1.52991E-03, -1.49401E-03, -1.45856E-03,
 -8.99570E-04, -9.44816E-04, -9.93786E-04, -1.04677E-03, -1.10407E-03, -1.16597E-03, -1.23275E-03, -1.30464E-03, -1.38184E-03, -1.46446E-03, -1.55251E-03, -1.64584E-03, -1.74411E-03, -1.84669E-03, -1.95259E-03, -2.06032E-03, -2.16778E-03, -2.27202E-03, -2.36903E-03, -2.45337E-03, -2.51783E-03, -2.55284E-03, -2.54583E-03,NA,NA,NA,NA,NA,NA,NA,NA,NA,NA,NA,NA,NA,NA,NA,NA,NA,NA,NA,NA,NA,NA,NA,NA,NA,NA,NA,NA,NA,NA,NA,NA,NA,NA,NA,NA,NA,NA,NA,NA,NA, -5.87543E-04, -7.86258E-04, -9.39746E-04, -1.05723E-03, -1.14605E-03, -1.21203E-03, -1.25981E-03, -1.29309E-03, -1.31479E-03, -1.32725E-03, -1.33233E-03, -1.33151E-03, -1.32600E-03, -1.31673E-03, -1.30448E-03, -1.28985E-03, -1.27335E-03, -1.25538E-03, -1.23625E-03,
 -7.60940E-04, -7.95184E-04, -8.31916E-04, -8.71263E-04, -9.13330E-04, -9.58189E-04, -1.00586E-03, -1.05630E-03, -1.10938E-03, -1.16484E-03, -1.22226E-03, -1.28102E-03, -1.34022E-03, -1.39861E-03, -1.45450E-03, -1.50563E-03, -1.54900E-03, -1.58069E-03, -1.59562E-03, -1.58724E-03, -1.54711E-03, -1.46449E-03, -1.32569E-03, -1.11342E-03,NA,NA,NA,NA,NA,NA,NA,NA,NA,NA,NA,NA,NA,NA,NA,NA,NA,NA,NA,NA,NA,NA,NA,NA,NA,NA,NA,NA,NA,NA,NA,NA,NA,NA,NA,NA,NA,NA,NA,  7.28538E-04,  3.76219E-04,  8.98938E-05, -1.42627E-04, -3.31248E-04, -4.84007E-04, -6.07427E-04, -7.06799E-04, -7.86420E-04, -8.49785E-04, -8.99739E-04, -9.38600E-04, -9.68266E-04, -9.90290E-04, -1.00595E-03, -1.01629E-03, -1.02219E-03, -1.02437E-03, -1.02342E-03, -1.01984E-03,
 -6.23614E-04, -6.47121E-04, -6.71944E-04, -6.98060E-04, -7.25402E-04, -7.53845E-04, -7.83193E-04, -8.13152E-04, -8.43304E-04, -8.73073E-04, -9.01686E-04, -9.28112E-04, -9.51006E-04, -9.68621E-04, -9.78711E-04, -9.78405E-04, -9.64055E-04, -9.31045E-04, -8.73564E-04, -7.84315E-04, -6.54179E-04, -4.71794E-04, -2.23067E-04,  1.09396E-04,  5.46935E-04,NA,NA,NA,NA,NA,NA,NA,NA,NA,NA,NA,NA,NA,NA,NA,NA,NA,NA,NA,NA,NA,NA,NA,NA,NA,NA,NA,NA,NA,NA,NA,NA,NA,NA,NA,NA,NA,  2.20073E-03,  1.68088E-03,  1.24852E-03,  8.88657E-04,  5.88906E-04,  3.39040E-04,  1.30627E-04, -4.32767E-05, -1.88397E-04, -3.09454E-04, -4.10348E-04, -4.94302E-04, -5.63987E-04, -6.21620E-04, -6.69048E-04, -7.07809E-04, -7.39192E-04, -7.64277E-04, -7.83974E-04, -7.99052E-04, -8.10161E-04,
 -4.88320E-04, -5.01441E-04, -5.14783E-04, -5.28186E-04, -5.41432E-04, -5.54226E-04, -5.66179E-04, -5.76784E-04, -5.85383E-04, -5.91134E-04, -5.92969E-04, -5.89533E-04, -5.79124E-04, -5.59608E-04, -5.28325E-04, -4.81965E-04, -4.16425E-04, -3.26632E-04, -2.06335E-04, -4.78473E-05,  1.58249E-04,  4.23455E-04,  7.61761E-04,  1.19010E-03,  1.72885E-03,NA,NA,NA,NA,NA,NA,NA,NA,NA,NA,NA,NA,NA,NA,NA,NA,NA,NA,NA,NA,NA,NA,NA,NA,NA,NA,NA,NA,NA,NA,NA,NA,NA,NA,NA,NA,NA,  3.11331E-03,  2.52546E-03,  2.02887E-03,  1.60892E-03,  1.25335E-03,  9.51890E-04,  6.96002E-04,  4.78539E-04,  2.93539E-04,  1.36024E-04,  1.83065E-06, -1.12525E-04, -2.09966E-04, -2.92945E-04, -3.63531E-04, -4.23466E-04, -4.74227E-04, -5.17066E-04, -5.53047E-04, -5.83077E-04, -6.07936E-04,
 -3.55724E-04, -3.58888E-04, -3.61260E-04, -3.62562E-04, -3.62444E-04, -3.60467E-04, -3.56077E-04, -3.48589E-04, -3.37148E-04, -3.20699E-04, -2.97936E-04, -2.67255E-04, -2.26685E-04, -1.73811E-04, -1.05681E-04, -1.86960E-05,  9.15273E-05,  2.30311E-04,  4.04106E-04,  6.20708E-04,  8.89514E-04,  1.22181E-03,  1.63111E-03,  2.13349E-03,  2.74798E-03,  3.49695E-03,NA,NA,NA,NA,NA,NA,NA,NA,NA,NA,NA,NA,NA,NA,NA,NA,NA,NA,NA,NA,NA,NA,NA,NA,NA,NA,NA,NA,NA,NA,NA,NA,NA,NA,NA,  4.65141E-03,  3.90342E-03,  3.26461E-03,  2.71850E-03,  2.25108E-03,  1.85048E-03,  1.50669E-03,  1.21123E-03,  9.56970E-04,  7.37867E-04,  5.48834E-04,  3.85572E-04,  2.44440E-04,  1.22357E-04,  1.67090E-05, -7.47276E-05, -1.53846E-04, -2.22262E-04, -2.81359E-04, -3.32323E-04, -3.76174E-04, -4.13792E-04,
 -2.26430E-04, -2.20130E-04, -2.12114E-04, -2.02003E-04, -1.89336E-04, -1.73550E-04, -1.53962E-04, -1.29738E-04, -9.98684E-05, -6.31303E-05, -1.80424E-05,  3.71851E-05,  1.04712E-04,  1.87140E-04,  2.87602E-04,  4.09859E-04,  5.58422E-04,  7.38693E-04,  9.57121E-04,  1.22139E-03,  1.54065E-03,  1.92569E-03,  2.38927E-03,  2.94636E-03,  3.61443E-03,  4.41369E-03,  5.36740E-03,NA,NA,NA,NA,NA,NA,NA,NA,NA,NA,NA,NA,NA,NA,NA,NA,NA,NA,NA,NA,NA,NA,NA,NA,NA,NA,NA,NA,NA,NA,NA,NA,NA,  6.26541E-03,  5.35835E-03,  4.57657E-03,  3.90223E-03,  3.32002E-03,  2.81677E-03,  2.38124E-03,  2.00381E-03,  1.67630E-03,  1.39171E-03,  1.14409E-03,  9.28353E-04,  7.40174E-04,  5.75853E-04,  4.32228E-04,  3.06593E-04,  1.96631E-04,  1.00350E-04,  1.60352E-05, -5.77890E-05, -1.22399E-04, -1.78900E-04, -2.28251E-04,
 -1.00975E-04, -8.57557E-05, -6.79885E-05, -4.72112E-05, -2.28708E-05,  5.69420E-06,  3.92743E-05,  7.88142E-05,  1.25442E-04,  1.80505E-04,  2.45607E-04,  3.22663E-04,  4.13950E-04,  5.22175E-04,  6.50555E-04,  8.02905E-04,  9.83741E-04,  1.19840E-03,  1.45318E-03,  1.75549E-03,  2.11401E-03,  2.53890E-03,  3.04197E-03,  3.63690E-03,  4.33946E-03,  5.16767E-03,  6.14198E-03,  7.28540E-03,NA,NA,NA,NA,NA,NA,NA,NA,NA,NA,NA,NA,NA,NA,NA,NA,NA,NA,NA,NA,NA,NA,NA,NA,NA,NA,NA,NA,NA,NA,NA,  7.91812E-03,  6.85959E-03,  5.93957E-03,  5.13956E-03,  4.44343E-03,  3.83718E-03,  3.30868E-03,  2.84746E-03,  2.44447E-03,  2.09192E-03,  1.78312E-03,  1.51228E-03,  1.27446E-03,  1.06538E-03,  8.81353E-04,  7.19221E-04,  5.76245E-04,  4.50063E-04,  3.38632E-04,  2.40180E-04,  1.53171E-04,  7.62689E-05,  8.30817E-06, -5.17273E-05,
  2.01724E-05,  4.37266E-05,  7.05655E-05,  1.01220E-04,  1.36315E-04,  1.76590E-04,  2.22915E-04,  2.76318E-04,  3.38010E-04,  4.09421E-04,  4.92233E-04,  5.88431E-04,  7.00347E-04,  8.30724E-04,  9.82784E-04,  1.16030E-03,  1.36770E-03,  1.61015E-03,  1.89367E-03,  2.22525E-03,  2.61302E-03,  3.06633E-03,  3.59596E-03,  4.21422E-03,  4.93509E-03,  5.77440E-03,  6.74986E-03,  7.88113E-03,  9.18987E-03,NA,NA,NA,NA,NA,NA,NA,NA,NA,NA,NA,NA,NA,NA,NA,NA,NA,NA,NA,NA,NA,NA,NA,NA,NA,NA,NA,NA,NA,  9.56530E-03,  8.37022E-03,  7.32287E-03,  6.40492E-03,  5.60015E-03,  4.89424E-03,  4.27463E-03,  3.73035E-03,  3.25178E-03,  2.83058E-03,  2.45946E-03,  2.13211E-03,  1.84304E-03,  1.58748E-03,  1.36131E-03,  1.16092E-03,  9.83213E-04,  8.25463E-04,  6.85314E-04,  5.60712E-04,  4.49863E-04,  3.51202E-04,  2.63358E-04,  1.85130E-04,  1.15464E-04,
  1.36614E-04,  1.67889E-04,  2.03091E-04,  2.42806E-04,  2.87712E-04,  3.38606E-04,  3.96414E-04,  4.62220E-04,  5.37288E-04,  6.23092E-04,  7.21355E-04,  8.34082E-04,  9.63611E-04,  1.11266E-03,  1.28439E-03,  1.48247E-03,  1.71114E-03,  1.97533E-03,  2.28067E-03,  2.63369E-03,  3.04184E-03,  3.51362E-03,  4.05869E-03,  4.68796E-03,  5.41365E-03,  6.24942E-03,  7.21032E-03,  8.31284E-03,  9.57481E-03,NA,NA,NA,NA,NA,NA,NA,NA,NA,NA,NA,NA,NA,NA,NA,NA,NA,NA,NA,NA,NA,NA,NA,NA,NA,NA,NA,NA,  1.11564E-02,  9.84770E-03,  8.69068E-03,  7.66824E-03,  6.76491E-03,  5.96677E-03,  5.26138E-03,  4.63769E-03,  4.08592E-03,  3.59743E-03,  3.16461E-03,  2.78078E-03,  2.44007E-03,  2.13735E-03,  1.86812E-03,  1.62844E-03,  1.41485E-03,  1.22435E-03,  1.05429E-03,  9.02342E-04,  7.66488E-04,  6.44938E-04,  5.36125E-04,  4.38669E-04,  3.51354E-04,  2.73107E-04,
  2.48017E-04,  2.86381E-04,  3.29224E-04,  3.77168E-04,  4.30932E-04,  4.91350E-04,  5.59385E-04,  6.36150E-04,  7.22935E-04,  8.21231E-04,  9.32761E-04,  1.05952E-03,  1.20379E-03,  1.36824E-03,  1.55590E-03,  1.77028E-03,  2.01540E-03,  2.29584E-03,  2.61685E-03,  2.98439E-03,  3.40520E-03,  3.88688E-03,  4.43798E-03,  5.06800E-03,  5.78747E-03,  6.60794E-03,  7.54196E-03,  8.60304E-03,  9.80545E-03,  1.11640E-02,NA,NA,NA,NA,NA,NA,NA,NA,NA,NA,NA,NA,NA,NA,NA,NA,NA,NA,NA,NA,NA,NA,NA,NA,NA,NA,  1.26358E-02,  1.12450E-02,  1.00030E-02,  8.89559E-03,  7.90892E-03,  7.03035E-03,  6.24823E-03,  5.55200E-03,  4.93212E-03,  4.38003E-03,  3.88809E-03,  3.44948E-03,  3.05817E-03,  2.70879E-03,  2.39660E-03,  2.11741E-03,  1.86753E-03,  1.64369E-03,  1.44302E-03,  1.26296E-03,  1.10129E-03,  9.56023E-04,  8.25407E-04,  7.07897E-04,  6.02124E-04,  5.06875E-04,  4.21075E-04,
  3.54118E-04,  3.98931E-04,  4.48683E-04,  5.04025E-04,  5.65699E-04,  6.34559E-04,  7.11586E-04,  7.97903E-04,  8.94801E-04,  1.00376E-03,  1.12648E-03,  1.26489E-03,  1.42123E-03,  1.59803E-03,  1.79818E-03,  2.02498E-03,  2.28218E-03,  2.57401E-03,  2.90525E-03,  3.28128E-03,  3.70812E-03,  4.19249E-03,  4.74179E-03,  5.36421E-03,  6.06863E-03,  6.86465E-03,  7.76251E-03,  8.77295E-03,  9.90702E-03,  1.11757E-02,  1.25896E-02,NA,NA,NA,NA,NA,NA,NA,NA,NA,NA,NA,NA,NA,NA,NA,NA,NA,NA,NA,NA,NA,NA,NA,NA,  1.39457E-02,  1.25123E-02,  1.12174E-02,  1.00504E-02,  9.00076E-03,  8.05802E-03,  7.21208E-03,  6.45349E-03,  5.77347E-03,  5.16395E-03,  4.61759E-03,  4.12775E-03,  3.68843E-03,  3.29422E-03,  2.94032E-03,  2.62241E-03,  2.33664E-03,  2.07959E-03,  1.84821E-03,  1.63980E-03,  1.45193E-03,  1.28248E-03,  1.12953E-03,  9.91406E-04,  8.66591E-04,  7.53747E-04,  6.51682E-04,  5.59330E-04,
  4.54716E-04,  5.05336E-04,  5.61273E-04,  6.23190E-04,  6.91842E-04,  7.68088E-04,  8.52910E-04,  9.47424E-04,  1.05290E-03,  1.17079E-03,  1.30273E-03,  1.45060E-03,  1.61651E-03,  1.80287E-03,  2.01238E-03,  2.24812E-03,  2.51352E-03,  2.81244E-03,  3.14918E-03,  3.52855E-03,  3.95584E-03,  4.43688E-03,  4.97804E-03,  5.58620E-03,  6.26874E-03,  7.03348E-03,  7.88854E-03,  8.84220E-03,  9.90265E-03,  1.10776E-02,  1.23738E-02,  1.37963E-02,NA,NA,NA,NA,NA,NA,NA,NA,NA,NA,NA,NA,NA,NA,NA,NA,NA,NA,NA,NA,NA,NA,  1.50301E-02,  1.36008E-02,  1.22907E-02,  1.10951E-02,  1.00078E-02,  9.02135E-03,  8.12825E-03,  7.32076E-03,  6.59143E-03,  5.93316E-03,  5.33931E-03,  4.80369E-03,  4.32061E-03,  3.88487E-03,  3.49176E-03,  3.13697E-03,  2.81665E-03,  2.52731E-03,  2.26582E-03,  2.02937E-03,  1.81544E-03,  1.62177E-03,  1.44635E-03,  1.28736E-03,  1.14319E-03,  1.01239E-03,  8.93663E-04,  7.85850E-04,  6.87909E-04,
  5.49670E-04,  6.05465E-04,  6.66873E-04,  7.34562E-04,  8.09286E-04,  8.91900E-04,  9.83370E-04,  1.08479E-03,  1.19739E-03,  1.32258E-03,  1.46193E-03,  1.61721E-03,  1.79042E-03,  1.98380E-03,  2.19987E-03,  2.44144E-03,  2.71163E-03,  3.01392E-03,  3.35214E-03,  3.73049E-03,  4.15360E-03,  4.62644E-03,  5.15440E-03,  5.74318E-03,  6.39878E-03,  7.12741E-03,  7.93532E-03,  8.82864E-03,  9.81313E-03,  1.08937E-02,  1.20741E-02,  1.33559E-02,  1.47377E-02,NA,NA,NA,NA,NA,NA,NA,NA,NA,NA,NA,NA,NA,NA,NA,NA,NA,NA,NA,NA,  1.58424E-02,  1.44667E-02,  1.31832E-02,  1.19939E-02,  1.08979E-02,  9.89190E-03,  8.97156E-03,  8.13163E-03,  7.36654E-03,  6.67063E-03,  6.03834E-03,  5.46429E-03,  4.94340E-03,  4.47090E-03,  4.04237E-03,  3.65371E-03,  3.30117E-03,  2.98133E-03,  2.69108E-03,  2.42758E-03,  2.18828E-03,  1.97085E-03,  1.77321E-03,  1.59348E-03,  1.42996E-03,  1.28111E-03,  1.14557E-03,  1.02208E-03,  9.09533E-04,  8.06922E-04,
  6.38894E-04,  6.99245E-04,  7.65432E-04,  8.38117E-04,  9.18044E-04,  1.00605E-03,  1.10308E-03,  1.21019E-03,  1.32857E-03,  1.45954E-03,  1.60461E-03,  1.76544E-03,  1.94389E-03,  2.14203E-03,  2.36216E-03,  2.60684E-03,  2.87888E-03,  3.18135E-03,  3.51764E-03,  3.89139E-03,  4.30655E-03,  4.76735E-03,  5.27822E-03,  5.84383E-03,  6.46894E-03,  7.15834E-03,  7.91667E-03,  8.74824E-03,  9.65677E-03,  1.06450E-02,  1.17141E-02,  1.28633E-02,  1.40888E-02,  1.53828E-02,NA,NA,NA,NA,NA,NA,NA,NA,NA,NA,NA,NA,NA,NA,NA,NA,NA,NA,  1.63522E-02,  1.50776E-02,  1.38625E-02,  1.27158E-02,  1.16421E-02,  1.06431E-02,  9.71789E-03,  8.86436E-03,  8.07932E-03,  7.35899E-03,  6.69927E-03,  6.09593E-03,  5.54479E-03,  5.04175E-03,  4.58288E-03,  4.16448E-03,  3.78308E-03,  3.43543E-03,  3.11855E-03,  2.82969E-03,  2.56632E-03,  2.32613E-03,  2.10702E-03,  1.90707E-03,  1.72455E-03,  1.55788E-03,  1.40562E-03,  1.26648E-03,  1.13928E-03,  1.02295E-03,  9.16539E-04,
  7.22354E-04,  7.86663E-04,  8.56962E-04,  9.33899E-04,  1.01820E-03,  1.11068E-03,  1.21225E-03,  1.32392E-03,  1.44681E-03,  1.58218E-03,  1.73144E-03,  1.89613E-03,  2.07798E-03,  2.27886E-03,  2.50088E-03,  2.74632E-03,  3.01768E-03,  3.31766E-03,  3.64920E-03,  4.01543E-03,  4.41968E-03,  4.86547E-03,  5.35641E-03,  5.89621E-03,  6.48856E-03,  7.13703E-03,  7.84491E-03,  8.61500E-03,  9.44938E-03,  1.03490E-02,  1.13134E-02,  1.23400E-02,  1.34235E-02,  1.45550E-02,  1.57212E-02,  1.69036E-02,NA,NA,NA,NA,NA,NA,NA,NA,NA,NA,NA,NA,NA,NA,  1.76905E-02,  1.65515E-02,  1.54173E-02,  1.43080E-02,  1.32382E-02,  1.22176E-02,  1.12524E-02,  1.03459E-02,  9.49902E-03,  8.71141E-03,  7.98147E-03,  7.30691E-03,  6.68494E-03,  6.11252E-03,  5.58646E-03,  5.10356E-03,  4.66067E-03,  4.25474E-03,  3.88287E-03,  3.54230E-03,  3.23047E-03,  2.94497E-03,  2.68357E-03,  2.44422E-03,  2.22502E-03,  2.02425E-03,  1.84031E-03,  1.67174E-03,  1.51723E-03,  1.37555E-03,  1.24561E-03,  1.12639E-03,  1.01699E-03,
  8.00064E-04,  8.67757E-04,  9.41530E-04,  1.02202E-03,  1.10992E-03,  1.20601E-03,  1.31116E-03,  1.42633E-03,  1.55259E-03,  1.69110E-03,  1.84317E-03,  2.01022E-03,  2.19383E-03,  2.39570E-03,  2.61771E-03,  2.86190E-03,  3.13045E-03,  3.42573E-03,  3.75025E-03,  4.10665E-03,  4.49773E-03,  4.92632E-03,  5.39535E-03,  5.90767E-03,  6.46606E-03,  7.07306E-03,  7.73084E-03,  8.44099E-03,  9.20432E-03,  1.00205E-02,  1.08879E-02,  1.18026E-02,  1.27587E-02,  1.37470E-02,  1.47549E-02,  1.57653E-02,  1.67571E-02,  1.77042E-02,NA,NA,NA,NA,NA,NA,NA,NA,NA,NA,  1.82750E-02,  1.73943E-02,  1.64568E-02,  1.54893E-02,  1.45144E-02,  1.35500E-02,  1.26099E-02,  1.17038E-02,  1.08388E-02,  1.00190E-02,  9.24675E-03,  8.52291E-03,  7.84712E-03,  7.21827E-03,  6.63465E-03,  6.09419E-03,  5.59460E-03,  5.13344E-03,  4.70824E-03,  4.31657E-03,  3.95602E-03,  3.62431E-03,  3.31924E-03,  3.03875E-03,  2.78090E-03,  2.54387E-03,  2.32599E-03,  2.12570E-03,  1.94156E-03,  1.77223E-03,  1.61650E-03,  1.47325E-03,  1.34146E-03,  1.22017E-03,  1.10853E-03,
  8.72078E-04,  9.42608E-04,  1.01925E-03,  1.10262E-03,  1.19339E-03,  1.29230E-03,  1.40016E-03,  1.51788E-03,  1.64645E-03,  1.78696E-03,  1.94061E-03,  2.10869E-03,  2.29263E-03,  2.49397E-03,  2.71436E-03,  2.95560E-03,  3.21960E-03,  3.50839E-03,  3.82408E-03,  4.16890E-03,  4.54511E-03,  4.95502E-03,  5.40088E-03,  5.88486E-03,  6.40895E-03,  6.97483E-03,  7.58379E-03,  8.23646E-03,  8.93271E-03,  9.67132E-03,  1.04497E-02,  1.12636E-02,  1.21066E-02,  1.29698E-02,  1.38415E-02,  1.47069E-02,  1.55478E-02,  1.63431E-02,  1.70692E-02,  1.77015E-02,  1.82156E-02,  1.85901E-02,  1.88082E-02,  1.88603E-02,  1.87447E-02,  1.84681E-02,  1.80447E-02,  1.74941E-02,  1.68396E-02,  1.61057E-02,  1.53160E-02,  1.44923E-02,  1.36534E-02,  1.28149E-02,  1.19893E-02,  1.11861E-02,  1.04124E-02,  9.67291E-03,  8.97078E-03,  8.30768E-03,  7.68422E-03,  7.10016E-03,  6.55469E-03,  6.04653E-03,  5.57411E-03,  5.13567E-03,  4.72935E-03,  4.35323E-03,  4.00537E-03,  3.68390E-03,  3.38699E-03,  3.11287E-03,  2.85989E-03,  2.62645E-03,  2.41109E-03,  2.21242E-03,  2.02914E-03,  1.86005E-03,  1.70405E-03,  1.56011E-03,  1.42727E-03,  1.30467E-03,  1.19150E-03,
  9.38486E-04,  1.01134E-03,  1.09029E-03,  1.17593E-03,  1.26889E-03,  1.36987E-03,  1.47964E-03,  1.59904E-03,  1.72898E-03,  1.87048E-03,  2.02461E-03,  2.19256E-03,  2.37560E-03,  2.57510E-03,  2.79252E-03,  3.02942E-03,  3.28745E-03,  3.56832E-03,  3.87381E-03,  4.20575E-03,  4.56595E-03,  4.95623E-03,  5.37828E-03,  5.83370E-03,  6.32381E-03,  6.84962E-03,  7.41170E-03,  8.00998E-03,  8.64363E-03,  9.31082E-03,  1.00085E-02,  1.07321E-02,  1.14754E-02,  1.22299E-02,  1.29852E-02,  1.37284E-02,  1.44443E-02,  1.51156E-02,  1.57237E-02,  1.62497E-02,  1.66751E-02,  1.69841E-02,  1.71645E-02,  1.72093E-02,  1.71171E-02,  1.68929E-02,  1.65468E-02,  1.60932E-02,  1.55496E-02,  1.49345E-02,  1.42664E-02,  1.35630E-02,  1.28397E-02,  1.21099E-02,  1.13849E-02,  1.06733E-02,  9.98207E-03,  9.31619E-03,  8.67915E-03,  8.07321E-03,  7.49962E-03,  6.95883E-03,  6.45068E-03,  5.97455E-03,  5.52947E-03,  5.11424E-03,  4.72751E-03,  4.36781E-03,  4.03363E-03,  3.72345E-03,  3.43578E-03,  3.16913E-03,  2.92209E-03,  2.69331E-03,  2.48149E-03,  2.28541E-03,  2.10393E-03,  1.93597E-03,  1.78053E-03,  1.63667E-03,  1.50353E-03,  1.38029E-03,  1.26621E-03,
  9.99411E-04,  1.07410E-03,  1.15484E-03,  1.24217E-03,  1.33670E-03,  1.43909E-03,  1.55004E-03,  1.67033E-03,  1.80081E-03,  1.94239E-03,  2.09606E-03,  2.26287E-03,  2.44396E-03,  2.64053E-03,  2.85386E-03,  3.08529E-03,  3.33622E-03,  3.60809E-03,  3.90237E-03,  4.22052E-03,  4.56400E-03,  4.93417E-03,  5.33228E-03,  5.75942E-03,  6.21639E-03,  6.70366E-03,  7.22126E-03,  7.76859E-03,  8.34436E-03,  8.94637E-03,  9.57132E-03,  1.02147E-02,  1.08704E-02,  1.15309E-02,  1.21868E-02,  1.28271E-02,  1.34391E-02,  1.40089E-02,  1.45216E-02,  1.49625E-02,  1.53177E-02,  1.55751E-02,  1.57258E-02,  1.57645E-02,  1.56904E-02,  1.55068E-02,  1.52213E-02,  1.48447E-02,  1.43899E-02,  1.38714E-02,  1.33037E-02,  1.27008E-02,  1.20756E-02,  1.14395E-02,  1.08022E-02,  1.01718E-02,  9.55456E-03,  8.95556E-03,  8.37843E-03,  7.82575E-03,  7.29918E-03,  6.79968E-03,  6.32757E-03,  5.88274E-03,  5.46472E-03,  5.07277E-03,  4.70594E-03,  4.36318E-03,  4.04333E-03,  3.74521E-03,  3.46759E-03,  3.20926E-03,  2.96904E-03,  2.74577E-03,  2.53834E-03,  2.34569E-03,  2.16681E-03,  2.00074E-03,  1.84659E-03,  1.70351E-03,  1.57071E-03,  1.44745E-03,  1.33305E-03,
  1.05500E-03,  1.13109E-03,  1.21312E-03,  1.30162E-03,  1.39716E-03,  1.50033E-03,  1.61181E-03,  1.73230E-03,  1.86258E-03,  2.00346E-03,  2.15584E-03,  2.32066E-03,  2.49891E-03,  2.69164E-03,  2.89997E-03,  3.12503E-03,  3.36800E-03,  3.63008E-03,  3.91245E-03,  4.21628E-03,  4.54267E-03,  4.89264E-03,  5.26705E-03,  5.66658E-03,  6.09162E-03,  6.54222E-03,  7.01801E-03,  7.51802E-03,  8.04067E-03,  8.58354E-03,  9.14331E-03,  9.71556E-03,  1.02947E-02,  1.08740E-02,  1.14451E-02,  1.19987E-02,  1.25243E-02,  1.30105E-02,  1.34456E-02,  1.38179E-02,  1.41168E-02,  1.43332E-02,  1.44602E-02,  1.44939E-02,  1.44337E-02,  1.42821E-02,  1.40446E-02,  1.37294E-02,  1.33464E-02,  1.29068E-02,  1.24220E-02,  1.19033E-02,  1.13613E-02,  1.08057E-02,  1.02449E-02,  9.68594E-03,  9.13483E-03,  8.59625E-03,  8.07387E-03,  7.57041E-03,  7.08780E-03,  6.62732E-03,  6.18965E-03,  5.77507E-03,  5.38348E-03,  5.01452E-03,  4.66760E-03,  4.34200E-03,  4.03686E-03,  3.75128E-03,  3.48429E-03,  3.23493E-03,  3.00219E-03,  2.78513E-03,  2.58279E-03,  2.39426E-03,  2.21865E-03,  2.05513E-03,  1.90290E-03,  1.76120E-03,  1.62932E-03,  1.50659E-03,  1.39239E-03,
  1.10543E-03,  1.18249E-03,  1.26538E-03,  1.35458E-03,  1.45060E-03,  1.55403E-03,  1.66545E-03,  1.78553E-03,  1.91495E-03,  2.05446E-03,  2.20485E-03,  2.36694E-03,  2.54162E-03,  2.72979E-03,  2.93240E-03,  3.15040E-03,  3.38479E-03,  3.63652E-03,  3.90655E-03,  4.19577E-03,  4.50502E-03,  4.83499E-03,  5.18624E-03,  5.55912E-03,  5.95370E-03,  6.36972E-03,  6.80649E-03,  7.26285E-03,  7.73701E-03,  8.22651E-03,  8.72807E-03,  9.23757E-03,  9.74990E-03,  1.02590E-02,  1.07577E-02,  1.12382E-02,  1.16916E-02,  1.21087E-02,  1.24801E-02,  1.27967E-02,  1.30502E-02,  1.32335E-02,  1.33414E-02,  1.33710E-02,  1.33217E-02,  1.31954E-02,  1.29963E-02,  1.27306E-02,  1.24060E-02,  1.20311E-02,  1.16151E-02,  1.11670E-02,  1.06958E-02,  1.02093E-02,  9.71489E-03,  9.21884E-03,  8.72648E-03,  8.24222E-03,  7.76960E-03,  7.31136E-03,  6.86955E-03,  6.44565E-03,  6.04061E-03,  5.65498E-03,  5.28894E-03,  4.94244E-03,  4.61517E-03,  4.30669E-03,  4.01640E-03,  3.74364E-03,  3.48766E-03,  3.24770E-03,  3.02296E-03,  2.81264E-03,  2.61594E-03,  2.43209E-03,  2.26032E-03,  2.09990E-03,  1.95013E-03,  1.81034E-03,  1.67989E-03,  1.55818E-03,  1.44463E-03,
  1.15089E-03,  1.22855E-03,  1.31189E-03,  1.40134E-03,  1.49740E-03,  1.60059E-03,  1.71144E-03,  1.83056E-03,  1.95857E-03,  2.09613E-03,  2.24394E-03,  2.40272E-03,  2.57323E-03,  2.75625E-03,  2.95259E-03,  3.16304E-03,  3.38840E-03,  3.62945E-03,  3.88692E-03,  4.16150E-03,  4.45377E-03,  4.76418E-03,  5.09304E-03,  5.44043E-03,  5.80617E-03,  6.18979E-03,  6.59041E-03,  7.00669E-03,  7.43680E-03,  7.87828E-03,  8.32802E-03,  8.78220E-03,  9.23621E-03,  9.68471E-03,  1.01216E-02,  1.05401E-02,  1.09330E-02,  1.12927E-02,  1.16116E-02,  1.18826E-02,  1.20990E-02,  1.22554E-02,  1.23478E-02,  1.23738E-02,  1.23332E-02,  1.22271E-02,  1.20590E-02,  1.18335E-02,  1.15566E-02,  1.12352E-02,  1.08765E-02,  1.04880E-02,  1.00768E-02,  9.64979E-03,  9.21309E-03,  8.77223E-03,  8.33199E-03,  7.89641E-03,  7.46882E-03,  7.05190E-03,  6.64776E-03,  6.25794E-03,  5.88359E-03,  5.52543E-03,  5.18389E-03,  4.85911E-03,  4.55104E-03,  4.25944E-03,  3.98395E-03,  3.72409E-03,  3.47933E-03,  3.24906E-03,  3.03266E-03,  2.82948E-03,  2.63885E-03,  2.46013E-03,  2.29265E-03,  2.13580E-03,  1.98895E-03,  1.85152E-03,  1.72294E-03,  1.60266E-03,  1.49017E-03,
  1.19159E-03,  1.26950E-03,  1.35291E-03,  1.44224E-03,  1.53793E-03,  1.64044E-03,  1.75028E-03,  1.86799E-03,  1.99410E-03,  2.12922E-03,  2.27396E-03,  2.42894E-03,  2.59481E-03,  2.77225E-03,  2.96190E-03,  3.16445E-03,  3.38052E-03,  3.61072E-03,  3.85562E-03,  4.11570E-03,  4.39134E-03,  4.68280E-03,  4.99018E-03,  5.31337E-03,  5.65201E-03,  6.00545E-03,  6.37269E-03,  6.75234E-03,  7.14255E-03,  7.54095E-03,  7.94463E-03,  8.35009E-03,  8.75324E-03,  9.14937E-03,  9.53325E-03,  9.89917E-03,  1.02411E-02,  1.05528E-02,  1.08282E-02,  1.10615E-02,  1.12474E-02,  1.13818E-02,  1.14614E-02,  1.14845E-02,  1.14506E-02,  1.13610E-02,  1.12180E-02,  1.10254E-02,  1.07879E-02,  1.05109E-02,  1.02002E-02,  9.86192E-03,  9.50197E-03,  9.12607E-03,  8.73949E-03,  8.34705E-03,  7.95296E-03,  7.56089E-03,  7.17393E-03,  6.79465E-03,  6.42510E-03,  6.06689E-03,  5.72123E-03,  5.38899E-03,  5.07075E-03,  4.76683E-03,  4.47734E-03,  4.20224E-03,  3.94133E-03,  3.69431E-03,  3.46081E-03,  3.24039E-03,  3.03255E-03,  2.83678E-03,  2.65254E-03,  2.47929E-03,  2.31647E-03,  2.16356E-03,  2.02001E-03,  1.88531E-03,  1.75897E-03,  1.64049E-03,  1.52942E-03,
  1.22773E-03,  1.30559E-03,  1.38875E-03,  1.47761E-03,  1.57256E-03,  1.67403E-03,  1.78247E-03,  1.89836E-03,  2.02218E-03,  2.15446E-03,  2.29572E-03,  2.44652E-03,  2.60739E-03,  2.77891E-03,  2.96161E-03,  3.15604E-03,  3.36269E-03,  3.58203E-03,  3.81447E-03,  4.06034E-03,  4.31984E-03,  4.59309E-03,  4.88002E-03,  5.18036E-03,  5.49364E-03,  5.81910E-03,  6.15567E-03,  6.50194E-03,  6.85610E-03,  7.21592E-03,  7.57870E-03,  7.94127E-03,  8.30001E-03,  8.65081E-03,  8.98918E-03,  9.31029E-03,  9.60910E-03,  9.88051E-03,  1.01195E-02,  1.03215E-02,  1.04822E-02,  1.05984E-02,  1.06674E-02,  1.06879E-02,  1.06596E-02,  1.05832E-02,  1.04609E-02,  1.02954E-02,  1.00905E-02,  9.85052E-03,  9.58023E-03,  9.28453E-03,  8.96838E-03,  8.63655E-03,  8.29357E-03,  7.94358E-03,  7.59032E-03,  7.23709E-03,  6.88671E-03,  6.54160E-03,  6.20372E-03,  5.87468E-03,  5.55573E-03,  5.24781E-03,  4.95161E-03,  4.66757E-03,  4.39595E-03,  4.13683E-03,  3.89017E-03,  3.65581E-03,  3.43350E-03,  3.22295E-03,  3.02378E-03,  2.83559E-03,  2.65796E-03,  2.49043E-03,  2.33255E-03,  2.18387E-03,  2.04393E-03,  1.91228E-03,  1.78849E-03,  1.67213E-03,  1.56279E-03,
  1.25955E-03,  1.33707E-03,  1.41969E-03,  1.50777E-03,  1.60167E-03,  1.70177E-03,  1.80848E-03,  1.92222E-03,  2.04342E-03,  2.17253E-03,  2.31001E-03,  2.45632E-03,  2.61193E-03,  2.77730E-03,  2.95288E-03,  3.13909E-03,  3.33631E-03,  3.54490E-03,  3.76511E-03,  3.99716E-03,  4.24112E-03,  4.49698E-03,  4.76454E-03,  5.04344E-03,  5.33310E-03,  5.63270E-03,  5.94116E-03,  6.25709E-03,  6.57874E-03,  6.90403E-03,  7.23050E-03,  7.55530E-03,  7.87523E-03,  8.18671E-03,  8.48589E-03,  8.76868E-03,  9.03087E-03,  9.26824E-03,  9.47671E-03,  9.65247E-03,  9.79219E-03,  9.89314E-03,  9.95332E-03,  9.97159E-03,  9.94770E-03,  9.88231E-03,  9.77696E-03,  9.63395E-03,  9.45627E-03,  9.24742E-03,  9.01124E-03,  8.75179E-03,  8.47317E-03,  8.17942E-03,  7.87438E-03,  7.56165E-03,  7.24451E-03,  6.92591E-03,  6.60841E-03,  6.29425E-03,  5.98529E-03,  5.68309E-03,  5.38890E-03,  5.10370E-03,  4.82824E-03,  4.56306E-03,  4.30850E-03,  4.06477E-03,  3.83193E-03,  3.60994E-03,  3.39867E-03,  3.19792E-03,  3.00743E-03,  2.82690E-03,  2.65600E-03,  2.49437E-03,  2.34163E-03,  2.19741E-03,  2.06132E-03,  1.93297E-03,  1.81200E-03,  1.69801E-03,  1.59066E-03,
  1.28727E-03,  1.36420E-03,  1.44603E-03,  1.53307E-03,  1.62564E-03,  1.72410E-03,  1.82880E-03,  1.94011E-03,  2.05841E-03,  2.18409E-03,  2.31754E-03,  2.45916E-03,  2.60932E-03,  2.76842E-03,  2.93679E-03,  3.11477E-03,  3.30265E-03,  3.50067E-03,  3.70898E-03,  3.92769E-03,  4.15678E-03,  4.39611E-03,  4.64542E-03,  4.90426E-03,  5.17200E-03,  5.44779E-03,  5.73055E-03,  6.01893E-03,  6.31129E-03,  6.60571E-03,  6.89995E-03,  7.19146E-03,  7.47741E-03,  7.75472E-03,  8.02006E-03,  8.26997E-03,  8.50092E-03,  8.70940E-03,  8.89204E-03,  9.04575E-03,  9.16780E-03,  9.25600E-03,  9.30873E-03,  9.32506E-03,  9.30479E-03,  9.24844E-03,  9.15722E-03,  9.03300E-03,  8.87816E-03,  8.69556E-03,  8.48833E-03,  8.25984E-03,  8.01350E-03,  7.75271E-03,  7.48076E-03,  7.20076E-03,  6.91558E-03,  6.62785E-03,  6.33988E-03,  6.05371E-03,  5.77110E-03,  5.49352E-03,  5.22222E-03,  4.95817E-03,  4.70216E-03,  4.45477E-03,  4.21644E-03,  3.98743E-03,  3.76791E-03,  3.55793E-03,  3.35744E-03,  3.16635E-03,  2.98448E-03,  2.81161E-03,  2.64750E-03,  2.49187E-03,  2.34441E-03,  2.20481E-03,  2.07276E-03,  1.94791E-03,  1.82996E-03,  1.71857E-03,  1.61343E-03,
  1.31111E-03,  1.38725E-03,  1.46805E-03,  1.55382E-03,  1.64484E-03,  1.74142E-03,  1.84387E-03,  1.95253E-03,  2.06772E-03,  2.18977E-03,  2.31902E-03,  2.45579E-03,  2.60040E-03,  2.75315E-03,  2.91432E-03,  3.08415E-03,  3.26285E-03,  3.45056E-03,  3.64737E-03,  3.85327E-03,  4.06819E-03,  4.29190E-03,  4.52407E-03,  4.76421E-03,  5.01166E-03,  5.26556E-03,  5.52486E-03,  5.78827E-03,  6.05427E-03,  6.32108E-03,  6.58669E-03,  6.84882E-03,  7.10499E-03,  7.35252E-03,  7.58855E-03,  7.81014E-03,  8.01432E-03,  8.19815E-03,  8.35886E-03,  8.49388E-03,  8.60101E-03,  8.67843E-03,  8.72484E-03,  8.73948E-03,  8.72217E-03,  8.67334E-03,  8.59395E-03,  8.48550E-03,  8.34995E-03,  8.18961E-03,  8.00707E-03,  7.80511E-03,  7.58661E-03,  7.35444E-03,  7.11140E-03,  6.86018E-03,  6.60331E-03,  6.34309E-03,  6.08161E-03,  5.82074E-03,  5.56210E-03,  5.30709E-03,  5.05688E-03,  4.81246E-03,  4.57462E-03,  4.34397E-03,  4.12099E-03,  3.90601E-03,  3.69926E-03,  3.50087E-03,  3.31087E-03,  3.12922E-03,  2.95583E-03,  2.79057E-03,  2.63325E-03,  2.48365E-03,  2.34155E-03,  2.20668E-03,  2.07880E-03,  1.95761E-03,  1.84285E-03,  1.73423E-03,  1.63148E-03,
  1.33132E-03,  1.40646E-03,  1.48605E-03,  1.57035E-03,  1.65961E-03,  1.75412E-03,  1.85415E-03,  1.95998E-03,  2.07189E-03,  2.19016E-03,  2.31509E-03,  2.44692E-03,  2.58593E-03,  2.73234E-03,  2.88636E-03,  3.04817E-03,  3.21790E-03,  3.39563E-03,  3.58137E-03,  3.77505E-03,  3.97652E-03,  4.18552E-03,  4.40165E-03,  4.62441E-03,  4.85312E-03,  5.08694E-03,  5.32485E-03,  5.56565E-03,  5.80791E-03,  6.05003E-03,  6.29018E-03,  6.52636E-03,  6.75637E-03,  6.97788E-03,  7.18844E-03,  7.38555E-03,  7.56670E-03,  7.72941E-03,  7.87138E-03,  7.99050E-03,  8.08492E-03,  8.15318E-03,  8.19420E-03,  8.20736E-03,  8.19250E-03,  8.14996E-03,  8.08052E-03,  7.98541E-03,  7.86621E-03,  7.72484E-03,  7.56345E-03,  7.38434E-03,  7.18993E-03,  6.98265E-03,  6.76492E-03,  6.53906E-03,  6.30727E-03,  6.07158E-03,  5.83389E-03,  5.59587E-03,  5.35901E-03,  5.12463E-03,  4.89384E-03,  4.66759E-03,  4.44667E-03,  4.23171E-03,  4.02321E-03,  3.82155E-03,  3.62699E-03,  3.43973E-03,  3.25986E-03,  3.08739E-03,  2.92231E-03,  2.76454E-03,  2.61394E-03,  2.47037E-03,  2.33366E-03,  2.20359E-03,  2.07996E-03,  1.96254E-03,  1.85109E-03,  1.74538E-03,  1.64517E-03,
  1.34811E-03,  1.42209E-03,  1.50030E-03,  1.58296E-03,  1.67032E-03,  1.76260E-03,  1.86005E-03,  1.96290E-03,  2.07142E-03,  2.18582E-03,  2.30634E-03,  2.43320E-03,  2.56660E-03,  2.70673E-03,  2.85372E-03,  3.00769E-03,  3.16873E-03,  3.33684E-03,  3.51198E-03,  3.69403E-03,  3.88279E-03,  4.07796E-03,  4.27913E-03,  4.48576E-03,  4.69719E-03,  4.91261E-03,  5.13104E-03,  5.35136E-03,  5.57226E-03,  5.79227E-03,  6.00978E-03,  6.22298E-03,  6.42996E-03,  6.62869E-03,  6.81707E-03,  6.99294E-03,  7.15418E-03,  7.29872E-03,  7.42461E-03,  7.53010E-03,  7.61367E-03,  7.67409E-03,  7.71049E-03,  7.72233E-03,  7.70950E-03,  7.67226E-03,  7.61125E-03,  7.52746E-03,  7.42222E-03,  7.29710E-03,  7.15388E-03,  6.99450E-03,  6.82101E-03,  6.63547E-03,  6.43994E-03,  6.23645E-03,  6.02691E-03,  5.81313E-03,  5.59678E-03,  5.37938E-03,  5.16231E-03,  4.94678E-03,  4.73383E-03,  4.52438E-03,  4.31919E-03,  4.11889E-03,  3.92401E-03,  3.73493E-03,  3.55198E-03,  3.37536E-03,  3.20523E-03,  3.04166E-03,  2.88466E-03,  2.73421E-03,  2.59024E-03,  2.45266E-03,  2.32131E-03,  2.19606E-03,  2.07673E-03,  1.96314E-03,  1.85510E-03,  1.75240E-03,  1.65485E-03,
