 -6.96603E-04, -6.61687E-04, -6.22572E-04, -5.78939E-04, -5.30454E-04, -4.76767E-04, -4.17515E-04, -3.52322E-04, -2.80804E-04, -2.02566E-04, -1.17213E-04, -2.43475E-05,  7.64208E-05,  1.85471E-04,  3.03164E-04,  4.29831E-04,  5.65767E-04,  7.11220E-04,  8.66373E-04,  1.03134E-03,  1.20613E-03,  1.39065E-03,  1.58470E-03,  1.78791E-03,  1.99976E-03,  2.21954E-03,  2.44636E-03,  2.67910E-03,  2.91642E-03,  3.15676E-03,  3.39833E-03,  3.63911E-03,  3.87690E-03,  4.10931E-03,  4.33380E-03,  4.54777E-03,  4.74858E-03,  4.93362E-03,  5.10040E-03,  5.24661E-03,  5.37021E-03,  5.46949E-03,  5.54313E-03,  5.59023E-03,  5.61038E-03,  5.60363E-03,  5.57052E-03,  5.51201E-03,  5.42947E-03,  5.32462E-03,  5.19946E-03,  5.05621E-03,  4.89719E-03,  4.72484E-03,  4.54157E-03,  4.34974E-03,  4.15162E-03,  3.94935E-03,  3.74488E-03,  3.53999E-03,  3.33625E-03,  3.13506E-03,  2.93760E-03,  2.74487E-03,  2.55768E-03,  2.37669E-03,  2.20241E-03,  2.03521E-03,  1.87533E-03,  1.72293E-03,  1.57807E-03,  1.44073E-03,  1.31082E-03,  1.18822E-03,  1.07276E-03,  9.64211E-04,  8.62355E-04,  7.66934E-04,  6.77683E-04,  5.94328E-04,  5.16589E-04,  4.44187E-04,
 -7.59536E-04, -7.25604E-04, -6.87315E-04, -6.44318E-04, -5.96245E-04, -5.42708E-04, -4.83300E-04, -4.17598E-04, -3.45165E-04, -2.65550E-04, -1.78294E-04, -8.29332E-05,  2.09971E-05,  1.33954E-04,  2.56380E-04,  3.88694E-04,  5.31282E-04,  6.84482E-04,  8.48572E-04,  1.02375E-03,  1.21012E-03,  1.40768E-03,  1.61628E-03,  1.83561E-03,  2.06519E-03,  2.30432E-03,  2.55208E-03,  2.80730E-03,  3.06854E-03,  3.33409E-03,  3.60196E-03,  3.86988E-03,  4.13533E-03,  4.39554E-03,  4.64758E-03,  4.88837E-03,  5.11479E-03,  5.32372E-03,  5.51217E-03,  5.67737E-03,  5.81685E-03,  5.92852E-03,  6.01078E-03,  6.06256E-03,  6.08338E-03,  6.07331E-03,  6.03304E-03,  5.96376E-03,  5.86717E-03,  5.74539E-03,  5.60084E-03,  5.43620E-03,  5.25428E-03,  5.05798E-03,  4.85013E-03,  4.63352E-03,  4.41076E-03,  4.18429E-03,  3.95634E-03,  3.72888E-03,  3.50367E-03,  3.28219E-03,  3.06572E-03,  2.85529E-03,  2.65174E-03,  2.45571E-03,  2.26768E-03,  2.08798E-03,  1.91680E-03,  1.75422E-03,  1.60025E-03,  1.45478E-03,  1.31767E-03,  1.18872E-03,  1.06768E-03,  9.54266E-04,  8.48192E-04,  7.49140E-04,  6.56787E-04,  5.70807E-04,  4.90871E-04,  4.16654E-04,
 -8.26928E-04, -7.94270E-04, -7.57107E-04, -7.15057E-04, -6.67714E-04, -6.14650E-04, -5.55412E-04, -4.89526E-04, -4.16498E-04, -3.35814E-04, -2.46947E-04, -1.49357E-04, -4.24964E-05,  7.41795E-05,  2.01209E-04,  3.39112E-04,  4.88381E-04,  6.49463E-04,  8.22749E-04,  1.00855E-03,  1.20709E-03,  1.41846E-03,  1.64260E-03,  1.87930E-03,  2.12813E-03,  2.38843E-03,  2.65927E-03,  2.93945E-03,  3.22743E-03,  3.52135E-03,  3.81901E-03,  4.11785E-03,  4.41499E-03,  4.70724E-03,  4.99118E-03,  5.26317E-03,  5.51949E-03,  5.75641E-03,  5.97033E-03,  6.15786E-03,  6.31599E-03,  6.44219E-03,  6.53450E-03,  6.59162E-03,  6.61296E-03,  6.59867E-03,  6.54960E-03,  6.46726E-03,  6.35377E-03,  6.21172E-03,  6.04411E-03,  5.85419E-03,  5.64537E-03,  5.42107E-03,  5.18469E-03,  4.93948E-03,  4.68846E-03,  4.43445E-03,  4.17993E-03,  3.92712E-03,  3.67793E-03,  3.43397E-03,  3.19657E-03,  2.96680E-03,  2.74548E-03,  2.53324E-03,  2.33050E-03,  2.13751E-03,  1.95440E-03,  1.78117E-03,  1.61772E-03,  1.46388E-03,  1.31941E-03,  1.18402E-03,  1.05737E-03,  9.39124E-04,  8.28902E-04,  7.26322E-04,  6.30998E-04,  5.42542E-04,  4.60574E-04,  3.84718E-04,
 -8.98984E-04, -8.67920E-04, -8.32218E-04, -7.91462E-04, -7.45208E-04, -6.92985E-04, -6.34293E-04, -5.68603E-04, -4.95359E-04, -4.13979E-04, -3.23860E-04, -2.24377E-04, -1.14894E-04,  5.23650E-06,  1.36661E-04,  2.80016E-04,  4.35918E-04,  6.04945E-04,  7.87625E-04,  9.84410E-04,  1.19566E-03,  1.42160E-03,  1.66231E-03,  1.91768E-03,  2.18738E-03,  2.47082E-03,  2.76710E-03,  3.07499E-03,  3.39289E-03,  3.71879E-03,  4.05025E-03,  4.38442E-03,  4.71801E-03,  5.04734E-03,  5.36838E-03,  5.67686E-03,  5.96830E-03,  6.23822E-03,  6.48222E-03,  6.69619E-03,  6.87641E-03,  7.01977E-03,  7.12386E-03,  7.18709E-03,  7.20875E-03,  7.18906E-03,  7.12911E-03,  7.03082E-03,  6.89684E-03,  6.73041E-03,  6.53522E-03,  6.31525E-03,  6.07464E-03,  5.81750E-03,  5.54787E-03,  5.26954E-03,  4.98606E-03,  4.70059E-03,  4.41598E-03,  4.13466E-03,  3.85870E-03,  3.58982E-03,  3.32941E-03,  3.07852E-03,  2.83797E-03,  2.60829E-03,  2.38985E-03,  2.18280E-03,  1.98716E-03,  1.80283E-03,  1.62959E-03,  1.46718E-03,  1.31523E-03,  1.17336E-03,  1.04115E-03,  9.18147E-04,  8.03899E-04,  6.97945E-04,  5.99827E-04,  5.09091E-04,  4.25297E-04,  3.48016E-04,
 -9.75901E-04, -9.46783E-04, -9.12912E-04, -8.73837E-04, -8.29076E-04, -7.78114E-04, -7.20398E-04, -6.55342E-04, -5.82325E-04, -5.00691E-04, -4.09755E-04, -3.08800E-04, -1.97087E-04, -7.38568E-05,  6.16607E-05,  2.10236E-04,  3.72630E-04,  5.49576E-04,  7.41764E-04,  9.49815E-04,  1.17426E-03,  1.41550E-03,  1.67379E-03,  1.94918E-03,  2.24147E-03,  2.55017E-03,  2.87447E-03,  3.21315E-03,  3.56456E-03,  3.92655E-03,  4.29648E-03,  4.67114E-03,  5.04680E-03,  5.41921E-03,  5.78365E-03,  6.13502E-03,  6.46797E-03,  6.77705E-03,  7.05688E-03,  7.30238E-03,  7.50897E-03,  7.67276E-03,  7.79077E-03,  7.86102E-03,  7.88267E-03,  7.85603E-03,  7.78251E-03,  7.66459E-03,  7.50560E-03,  7.30961E-03,  7.08122E-03,  6.82533E-03,  6.54697E-03,  6.25112E-03,  5.94257E-03,  5.62580E-03,  5.30489E-03,  4.98347E-03,  4.66471E-03,  4.35130E-03,  4.04546E-03,  3.74900E-03,  3.46330E-03,  3.18941E-03,  2.92805E-03,  2.67970E-03,  2.44456E-03,  2.22269E-03,  2.01396E-03,  1.81813E-03,  1.63485E-03,  1.46372E-03,  1.30426E-03,  1.15595E-03,  1.01826E-03,  8.90649E-04,  7.72558E-04,  6.63442E-04,  5.62760E-04,  4.69990E-04,  3.84624E-04,  3.06175E-04,
 -1.05787E-03, -1.03108E-03, -9.99447E-04, -9.62483E-04, -9.19666E-04, -8.70435E-04, -8.14184E-04, -7.50266E-04, -6.77991E-04, -5.96625E-04, -5.05391E-04, -4.03475E-04, -2.90023E-04, -1.64151E-04, -2.49512E-05,  1.28501E-04,  2.97133E-04,  4.81859E-04,  6.83562E-04,  9.03068E-04,  1.14112E-03,  1.39835E-03,  1.67521E-03,  1.97198E-03,  2.28864E-03,  2.62489E-03,  2.98003E-03,  3.35291E-03,  3.74187E-03,  4.14469E-03,  4.55848E-03,  4.97970E-03,  5.40412E-03,  5.82683E-03,  6.24229E-03,  6.64441E-03,  7.02675E-03,  7.38265E-03,  7.70548E-03,  7.98892E-03,  8.22724E-03,  8.41558E-03,  8.55016E-03,  8.62853E-03,  8.64968E-03,  8.61403E-03,  8.52346E-03,  8.38115E-03,  8.19138E-03,  7.95929E-03,  7.69064E-03,  7.39151E-03,  7.06807E-03,  6.72635E-03,  6.37207E-03,  6.01049E-03,  5.64633E-03,  5.28372E-03,  4.92619E-03,  4.57665E-03,  4.23746E-03,  3.91047E-03,  3.59704E-03,  3.29814E-03,  3.01438E-03,  2.74606E-03,  2.49327E-03,  2.25585E-03,  2.03352E-03,  1.82587E-03,  1.63237E-03,  1.45246E-03,  1.28552E-03,  1.13088E-03,  9.87899E-04,  8.55896E-04,  7.34216E-04,  6.22213E-04,  5.19262E-04,  4.24758E-04,  3.38125E-04,  2.58813E-04,
 -1.14506E-03, -1.12102E-03, -1.09207E-03, -1.05769E-03, -1.01732E-03, -9.70345E-04, -9.16110E-04, -8.53904E-04, -7.82963E-04, -7.02470E-04, -6.11554E-04, -5.09289E-04, -3.94700E-04, -2.66765E-04, -1.24418E-04,  3.34360E-05,  2.07916E-04,  4.00147E-04,  6.11239E-04,  8.42266E-04,  1.09423E-03,  1.36803E-03,  1.66442E-03,  1.98392E-03,  2.32682E-03,  2.69303E-03,  3.08207E-03,  3.49294E-03,  3.92404E-03,  4.37309E-03,  4.83703E-03,  5.31197E-03,  5.79314E-03,  6.27488E-03,  6.75068E-03,  7.21327E-03,  7.65483E-03,  8.06718E-03,  8.44207E-03,  8.77159E-03,  9.04848E-03,  9.26658E-03,  9.42110E-03,  9.50893E-03,  9.52881E-03,  9.48140E-03,  9.36918E-03,  9.19629E-03,  8.96827E-03,  8.69169E-03,  8.37382E-03,  8.02228E-03,  7.64467E-03,  7.24831E-03,  6.84004E-03,  6.42605E-03,  6.01177E-03,  5.60188E-03,  5.20025E-03,  4.81002E-03,  4.43363E-03,  4.07291E-03,  3.72913E-03,  3.40312E-03,  3.09530E-03,  2.80577E-03,  2.53438E-03,  2.28077E-03,  2.04442E-03,  1.82470E-03,  1.62091E-03,  1.43226E-03,  1.25797E-03,  1.09722E-03,  9.49200E-04,  8.13111E-04,  6.88174E-04,  5.73636E-04,  4.68774E-04,  3.72901E-04,  2.85362E-04,  2.05543E-04,
 -1.23763E-03, -1.21680E-03, -1.19102E-03, -1.15974E-03, -1.12236E-03, -1.07823E-03, -1.02663E-03, -9.66783E-04, -8.97853E-04, -8.18932E-04, -7.29050E-04, -6.27163E-04, -5.12163E-04, -3.82875E-04, -2.38063E-04, -7.64353E-05,  1.03344E-04,  3.02642E-04,  5.22836E-04,  7.65291E-04,  1.03133E-03,  1.32218E-03,  1.63894E-03,  1.98252E-03,  2.35353E-03,  2.75226E-03,  3.17853E-03,  3.63158E-03,  4.10997E-03,  4.61147E-03,  5.13290E-03,  5.67005E-03,  6.21758E-03,  6.76898E-03,  7.31662E-03,  7.85181E-03,  8.36498E-03,  8.84601E-03,  9.28459E-03,  9.67066E-03,  9.99497E-03,  1.02496E-02,  1.04283E-02,  1.05272E-02,  1.05447E-02,  1.04818E-02,  1.03418E-02,  1.01301E-02,  9.85403E-03,  9.52209E-03,  9.14355E-03,  8.72797E-03,  8.28480E-03,  7.82296E-03,  7.35064E-03,  6.87509E-03,  6.40258E-03,  5.93830E-03,  5.48648E-03,  5.05042E-03,  4.63256E-03,  4.23463E-03,  3.85773E-03,  3.50243E-03,  3.16889E-03,  2.85693E-03,  2.56609E-03,  2.29572E-03,  2.04504E-03,  1.81315E-03,  1.59909E-03,  1.40186E-03,  1.22048E-03,  1.05393E-03,  9.01248E-04,  7.61476E-04,  6.33705E-04,  5.17063E-04,  4.10726E-04,  3.13913E-04,  2.25891E-04,  1.45974E-04,
 -1.33572E-03, -1.31858E-03, -1.29650E-03, -1.26889E-03, -1.23511E-03, -1.19447E-03, -1.14619E-03, -1.08943E-03, -1.02327E-03, -9.46720E-04, -8.58700E-04, -7.58042E-04, -6.43494E-04, -5.13716E-04, -3.67282E-04, -2.02683E-04, -1.83382E-05,  1.87396E-04,  4.16207E-04,  6.69805E-04,  9.49887E-04,  1.25810E-03,  1.59597E-03,  1.96488E-03,  2.36592E-03,  2.79984E-03,  3.26690E-03,  3.76675E-03,  4.29826E-03,  4.85937E-03,  5.44688E-03,  6.05634E-03,  6.68184E-03,  7.31597E-03,  7.94978E-03,  8.57283E-03,  9.17342E-03,  9.73892E-03,  1.02563E-02,  1.07126E-02,  1.10959E-02,  1.13959E-02,  1.16044E-02,  1.17164E-02,  1.17299E-02,  1.16462E-02,  1.14699E-02,  1.12085E-02,  1.08714E-02,  1.04698E-02,  1.00157E-02,  9.52122E-03,  8.99810E-03,  8.45728E-03,  7.90856E-03,  7.36045E-03,  6.82004E-03,  6.29309E-03,  5.78411E-03,  5.29643E-03,  4.83240E-03,  4.39352E-03,  3.98057E-03,  3.59377E-03,  3.23288E-03,  2.89734E-03,  2.58631E-03,  2.29877E-03,  2.03359E-03,  1.78956E-03,  1.56542E-03,  1.35993E-03,  1.17184E-03,  9.99945E-04,  8.43083E-04,  7.00138E-04,  5.70053E-04,  4.51831E-04,  3.44534E-04,  2.47285E-04,  1.59267E-04,  7.97200E-05,
 -1.43945E-03, -1.42652E-03, -1.40870E-03, -1.38537E-03, -1.35585E-03, -1.31940E-03, -1.27520E-03, -1.22233E-03, -1.15981E-03, -1.08654E-03, -1.00133E-03, -9.02884E-04, -7.89801E-04, -6.60561E-04, -5.13530E-04, -3.46962E-04, -1.58999E-04,  5.23160E-05,  2.89028E-04,  5.53247E-04,  8.47122E-04,  1.17279E-03,  1.53235E-03,  1.92772E-03,  2.36065E-03,  2.83250E-03,  3.34418E-03,  3.89592E-03,  4.48711E-03,  5.11606E-03,  5.77976E-03,  6.47361E-03,  7.19125E-03,  7.92428E-03,  8.66227E-03,  9.39267E-03,  1.01011E-02,  1.07717E-02,  1.13877E-02,  1.19325E-02,  1.23903E-02,  1.27474E-02,  1.29932E-02,  1.31207E-02,  1.31276E-02,  1.30158E-02,  1.27918E-02,  1.24655E-02,  1.20499E-02,  1.15597E-02,  1.10105E-02,  1.04177E-02,  9.79630E-03,  9.15955E-03,  8.51921E-03,  7.88514E-03,  7.26534E-03,  6.66605E-03,  6.09191E-03,  5.54614E-03,  5.03079E-03,  4.54696E-03,  4.09494E-03,  3.67442E-03,  3.28464E-03,  2.92451E-03,  2.59270E-03,  2.28775E-03,  2.00809E-03,  1.75214E-03,  1.51829E-03,  1.30501E-03,  1.11076E-03,  9.34116E-04,  7.73699E-04,  6.28215E-04,  4.96449E-04,  3.77267E-04,  2.69613E-04,  1.72509E-04,  8.50507E-05,  6.40191E-06,
 -1.54889E-03, -1.54074E-03, -1.52778E-03, -1.50938E-03, -1.48484E-03, -1.45336E-03, -1.41406E-03, -1.36598E-03, -1.30805E-03, -1.23907E-03, -1.15775E-03, -1.06265E-03, -9.52205E-04, -8.24713E-04, -6.78313E-04, -5.10996E-04, -3.20602E-04, -1.04819E-04,  1.38806E-04,  4.12848E-04,  7.19986E-04,  1.06296E-03,  1.44451E-03,  1.86732E-03,  2.33391E-03,  2.84650E-03,  3.40685E-03,  4.01606E-03,  4.67432E-03,  5.38061E-03,  6.13239E-03,  6.92519E-03,  7.75232E-03,  8.60447E-03,  9.46951E-03,  1.03324E-02,  1.11754E-02,  1.19784E-02,  1.27199E-02,  1.33777E-02,  1.39310E-02,  1.43614E-02,  1.46542E-02,  1.48004E-02,  1.47969E-02,  1.46466E-02,  1.43585E-02,  1.39466E-02,  1.34285E-02,  1.28239E-02,  1.21535E-02,  1.14372E-02,  1.06938E-02,  9.93967E-03,  9.18876E-03,  8.45243E-03,  7.73952E-03,  7.05656E-03,  6.40811E-03,  5.79702E-03,  5.22477E-03,  4.69177E-03,  4.19760E-03,  3.74120E-03,  3.32112E-03,  2.93559E-03,  2.58265E-03,  2.26027E-03,  1.96639E-03,  1.69895E-03,  1.45598E-03,  1.23557E-03,  1.03590E-03,  8.55266E-04,  6.92066E-04,  5.44808E-04,  4.12111E-04,  2.92695E-04,  1.85381E-04,  8.90860E-05,  2.81446E-06, -7.43445E-05,
 -1.66411E-03, -1.66131E-03, -1.65386E-03, -1.64110E-03, -1.62229E-03, -1.59661E-03, -1.56313E-03, -1.52082E-03, -1.46852E-03, -1.40497E-03, -1.32874E-03, -1.23827E-03, -1.13182E-03, -1.00748E-03, -8.63158E-04, -6.96559E-04, -5.05188E-04, -2.86339E-04, -3.70990E-05,  2.45644E-04,  5.65185E-04,  9.24973E-04,  1.32856E-03,  1.77953E-03,  2.28141E-03,  2.83752E-03,  3.45080E-03,  4.12356E-03,  4.85720E-03,  5.65181E-03,  6.50575E-03,  7.41510E-03,  8.37316E-03,  9.36985E-03,  1.03913E-02,  1.14196E-02,  1.24326E-02,  1.34049E-02,  1.43080E-02,  1.51128E-02,  1.57907E-02,  1.63165E-02,  1.66701E-02,  1.68391E-02,  1.68192E-02,  1.66151E-02,  1.62398E-02,  1.57129E-02,  1.50589E-02,  1.43048E-02,  1.34780E-02,  1.26047E-02,  1.17085E-02,  1.08095E-02,  9.92435E-03,  9.06579E-03,  8.24332E-03,  7.46347E-03,  6.73028E-03,  6.04584E-03,  5.41066E-03,  4.82411E-03,  4.28473E-03,  3.79046E-03,  3.33889E-03,  2.92739E-03,  2.55324E-03,  2.21371E-03,  1.90613E-03,  1.62793E-03,  1.37666E-03,  1.15002E-03,  9.45862E-04,  7.62180E-04,  5.97131E-04,  4.49012E-04,  3.16262E-04,  1.97450E-04,  9.12711E-05, -3.46696E-06, -8.78492E-05, -1.62862E-04,
 -1.78511E-03, -1.78827E-03, -1.78700E-03, -1.78062E-03, -1.76837E-03, -1.74939E-03, -1.72270E-03, -1.68722E-03, -1.64172E-03, -1.58485E-03, -1.51506E-03, -1.43066E-03, -1.32973E-03, -1.21016E-03, -1.06959E-03, -9.05442E-04, -7.14841E-04, -4.94650E-04, -2.41440E-04,  4.85112E-05,  3.79214E-04,  7.54951E-04,  1.18024E-03,  1.65978E-03,  2.19836E-03,  2.80072E-03,  3.47136E-03,  4.21427E-03,  5.03262E-03,  5.92822E-03,  6.90100E-03,  7.94825E-03,  9.06386E-03,  1.02374E-02,  1.14533E-02,  1.26903E-02,  1.39211E-02,  1.51128E-02,  1.62280E-02,  1.72270E-02,  1.80705E-02,  1.87231E-02,  1.91568E-02,  1.93537E-02,  1.93084E-02,  1.90281E-02,  1.85319E-02,  1.78480E-02,  1.70110E-02,  1.60584E-02,  1.50273E-02,  1.39520E-02,  1.28625E-02,  1.17834E-02,  1.07342E-02,  9.72889E-03,  8.77716E-03,  7.88494E-03,  7.05517E-03,  6.28853E-03,  5.58401E-03,  4.93945E-03,  4.35191E-03,  3.81800E-03,  3.33406E-03,  2.89639E-03,  2.50130E-03,  2.14524E-03,  1.82483E-03,  1.53688E-03,  1.27841E-03,  1.04670E-03,  8.39211E-04,  6.53629E-04,  4.87843E-04,  3.39929E-04,  2.08139E-04,  9.08881E-05, -1.32600E-05, -1.05604E-04, -1.87320E-04, -2.59466E-04,
 -1.91186E-03, -1.92163E-03, -1.92725E-03, -1.92803E-03, -1.92320E-03, -1.91186E-03, -1.89301E-03, -1.86551E-03, -1.82807E-03, -1.77925E-03, -1.71739E-03, -1.64066E-03, -1.54697E-03, -1.43399E-03, -1.29912E-03, -1.13942E-03, -9.51652E-04, -7.32192E-04, -4.77038E-04, -1.81782E-04,  1.58407E-04,  5.48784E-04,  9.95017E-04,  1.50315E-03,  2.07954E-03,  2.73072E-03,  3.46326E-03,  4.28346E-03,  5.19695E-03,  6.20815E-03,  7.31956E-03,  8.53071E-03,  9.83708E-03,  1.12287E-02,  1.26887E-02,  1.41922E-02,  1.57055E-02,  1.71860E-02,  1.85839E-02,NA,NA,NA,NA,NA,NA,NA,NA,NA,  1.93794E-02,  1.81595E-02,  1.68578E-02,  1.55197E-02,  1.41834E-02,  1.28787E-02,  1.16278E-02,  1.04455E-02,  9.34089E-03,  8.31829E-03,  7.37855E-03,  6.52004E-03,  5.73946E-03,  5.03245E-03,  4.39405E-03,  3.81908E-03,  3.30232E-03,  2.83871E-03,  2.42340E-03,  2.05185E-03,  1.71985E-03,  1.42351E-03,  1.15928E-03,  9.23924E-04,  7.14511E-04,  5.28390E-04,  3.63167E-04,  2.16688E-04,  8.70123E-05, -2.76012E-05, -1.28718E-04, -2.17744E-04, -2.95939E-04, -3.64434E-04,
 -2.04427E-03, -2.06131E-03, -2.07455E-03, -2.08331E-03, -2.08680E-03, -2.08412E-03, -2.07422E-03, -2.05593E-03, -2.02791E-03, -1.98862E-03, -1.93631E-03, -1.86902E-03, -1.78448E-03, -1.68015E-03, -1.55315E-03, -1.40021E-03, -1.21767E-03, -1.00138E-03, -7.46722E-04, -4.48510E-04, -1.00987E-04,  3.02226E-04,  7.68143E-04,  1.30442E-03,  1.91934E-03,  2.62171E-03,  3.42076E-03,  4.32585E-03,  5.34609E-03,  6.48972E-03,  7.76318E-03,  9.16987E-03,  1.07085E-02,  1.23709E-02,  1.41401E-02,  1.59877E-02,NA,NA,NA,NA,NA,NA,NA,NA,NA,NA,NA,NA,NA,NA,  1.90432E-02,  1.73597E-02,  1.57052E-02,  1.41158E-02,  1.26157E-02,  1.12193E-02,  9.93360E-03,  8.75973E-03,  7.69502E-03,  6.73425E-03,  5.87071E-03,  5.09698E-03,  4.40540E-03,  3.78846E-03,  3.23897E-03,  2.75019E-03,  2.31589E-03,  1.93037E-03,  1.58847E-03,  1.28550E-03,  1.01727E-03,  7.80005E-04,  5.70342E-04,  3.85272E-04,  2.22109E-04,  7.84617E-05, -4.78009E-05, -1.58578E-04, -2.55560E-04, -3.40253E-04, -4.14000E-04, -4.77997E-04,
 -2.18221E-03, -2.20719E-03, -2.22881E-03, -2.24640E-03, -2.25916E-03, -2.26618E-03, -2.26641E-03, -2.25863E-03, -2.24147E-03, -2.21330E-03, -2.17231E-03, -2.11638E-03, -2.04309E-03, -1.94969E-03, -1.83300E-03, -1.68942E-03, -1.51483E-03, -1.30455E-03, -1.05324E-03, -7.54897E-04, -4.02700E-04,  1.10050E-05,  4.94800E-04,  1.05825E-03,  1.71197E-03,  2.46758E-03,  3.33769E-03,  4.33572E-03,  5.47553E-03,  6.77079E-03,  8.23391E-03,  9.87450E-03,  1.16970E-02,  1.36980E-02,NA,NA,NA,NA,NA,NA,NA,NA,NA,NA,NA,NA,NA,NA,NA,NA,NA,NA,  1.74694E-02,  1.55187E-02,  1.37094E-02,  1.20535E-02,  1.05532E-02,  9.20410E-03,  7.99784E-03,  6.92380E-03,  5.97043E-03,  5.12609E-03,  4.37959E-03,  3.72043E-03,  3.13896E-03,  2.62644E-03,  2.17498E-03,  1.77756E-03,  1.42792E-03,  1.12051E-03,  8.50415E-04,  6.13302E-04,  4.05338E-04,  2.23144E-04,  6.37391E-05, -7.55066E-05, -1.96914E-04, -3.02534E-04, -3.94175E-04, -4.73439E-04, -5.41740E-04, -6.00332E-04,
 -2.32548E-03, -2.35908E-03, -2.38985E-03, -2.41713E-03, -2.44014E-03, -2.45796E-03, -2.46953E-03, -2.47364E-03, -2.46886E-03, -2.45353E-03, -2.42573E-03, -2.38324E-03, -2.32348E-03, -2.24349E-03, -2.13981E-03, -2.00849E-03, -1.84492E-03, -1.64384E-03, -1.39919E-03, -1.10401E-03, -7.50319E-04, -3.29023E-04,  1.70262E-04,  7.59340E-04,  1.45158E-03,  2.26207E-03,  3.20768E-03,  4.30705E-03,  5.58042E-03,  7.04901E-03,  8.73402E-03,  1.06546E-02,  1.28251E-02,NA,NA,NA,NA,NA,NA,NA,NA,NA,NA,NA,NA,NA,NA,NA,NA,NA,NA,NA,NA,  1.71139E-02,  1.49206E-02,  1.29501E-02,  1.11959E-02,  9.64446E-03,  8.27867E-03,  7.08003E-03,  6.03025E-03,  5.11207E-03,  4.30970E-03,  3.60889E-03,  2.99701E-03,  2.46290E-03,  1.99680E-03,  1.59014E-03,  1.23546E-03,  9.26251E-04,  6.56829E-04,  4.22256E-04,  2.18223E-04,  4.09716E-05, -1.12776E-04, -2.45883E-04, -3.60853E-04, -4.59878E-04, -5.44877E-04, -6.17533E-04, -6.79325E-04, -7.31554E-04,
 -2.47382E-03, -2.51673E-03, -2.55743E-03, -2.59527E-03, -2.62951E-03, -2.65925E-03, -2.68344E-03, -2.70086E-03, -2.71006E-03, -2.70934E-03, -2.69673E-03, -2.66989E-03, -2.62612E-03, -2.56223E-03, -2.47450E-03, -2.35859E-03, -2.20944E-03, -2.02116E-03, -1.78687E-03, -1.49861E-03, -1.14712E-03, -7.21691E-04, -2.09886E-04,  4.02672E-04,  1.13262E-03,  1.99917E-03,  3.02445E-03,  4.23375E-03,  5.65566E-03,  7.32175E-03,  9.26563E-03,  1.15209E-02,NA,NA,NA,NA,NA,NA,NA,NA,NA,NA,NA,NA,NA,NA,NA,NA,NA,NA,NA,NA,NA,NA,NA,  1.39086E-02,  1.18554E-02,  1.00717E-02,  8.52740E-03,  7.19292E-03,  6.04084E-03,  5.04653E-03,  4.18835E-03,  3.44748E-03,  2.80768E-03,  2.25502E-03,  1.77753E-03,  1.36495E-03,  1.00847E-03,  7.00572E-04,  4.34753E-04,  2.05448E-04,  7.85905E-06, -1.62148E-04, -3.08144E-04, -4.33214E-04, -5.40031E-04, -6.30915E-04, -7.07879E-04, -7.72679E-04, -8.26841E-04, -8.71700E-04,
 -2.62689E-03, -2.67979E-03, -2.73119E-03, -2.78048E-03, -2.82696E-03, -2.86975E-03, -2.90785E-03, -2.94003E-03, -2.96486E-03, -2.98062E-03, -2.98528E-03, -2.97644E-03, -2.95125E-03, -2.90633E-03, -2.83770E-03, -2.74064E-03, -2.60959E-03, -2.43801E-03, -2.21818E-03, -1.94103E-03, -1.59591E-03, -1.17030E-03, -6.49479E-04, -1.61440E-05,  7.50118E-04,  1.67340E-03,  2.78218E-03,  4.11002E-03,  5.69618E-03,  7.58599E-03,  9.83028E-03,NA,NA,NA,NA,NA,NA,NA,NA,NA,NA,NA,NA,NA,NA,NA,NA,NA,NA,NA,NA,NA,NA,NA,NA,  1.49247E-02,  1.25219E-02,  1.04740E-02,  8.73196E-03,  7.25115E-03,  5.99204E-03,  4.92060E-03,  4.00797E-03,  3.22980E-03,  2.56565E-03,  1.99836E-03,  1.51351E-03,  1.09898E-03,  7.44528E-04,  4.41520E-04,  1.82631E-04, -3.83506E-05, -2.26709E-04, -3.86948E-04, -5.22914E-04, -6.37898E-04, -7.34726E-04, -8.15825E-04, -8.83287E-04, -9.38919E-04, -9.84281E-04, -1.02073E-03,
 -2.78430E-03, -2.84785E-03, -2.91070E-03, -2.97231E-03, -3.03202E-03, -3.08901E-03, -3.14231E-03, -3.19074E-03, -3.23289E-03, -3.26704E-03, -3.29114E-03, -3.30272E-03, -3.29882E-03, -3.27589E-03, -3.22968E-03, -3.15511E-03, -3.04611E-03, -2.89544E-03, -2.69448E-03, -2.43299E-03, -2.09878E-03, -1.67736E-03, -1.15147E-03, -5.00519E-04,  3.00197E-04,  1.28042E-03,  2.47612E-03,  3.93086E-03,  5.69728E-03,  7.83842E-03,NA,NA,NA,NA,NA,NA,NA,NA,NA,NA,NA,NA,NA,NA,NA,NA,NA,NA,NA,NA,NA,NA,NA,NA,NA,NA,  1.31812E-02,  1.08363E-02,  8.87830E-03,  7.24225E-03,  5.87313E-03,  4.72526E-03,  3.76105E-03,  2.94967E-03,  2.26583E-03,  1.68879E-03,  1.20142E-03,  7.89577E-04,  4.41513E-04,  1.47440E-04, -1.00817E-04, -3.10112E-04, -4.86205E-04, -6.33947E-04, -7.57441E-04, -8.60161E-04, -9.45059E-04, -1.01465E-03, -1.07108E-03, -1.11618E-03, -1.15154E-03, -1.17850E-03,
 -2.94557E-03, -3.02040E-03, -3.09544E-03, -3.17021E-03, -3.24412E-03, -3.31643E-03, -3.38623E-03, -3.45239E-03, -3.51355E-03, -3.56803E-03, -3.61377E-03, -3.64826E-03, -3.66846E-03, -3.67065E-03, -3.65034E-03, -3.60207E-03, -3.51924E-03, -3.39391E-03, -3.21648E-03, -2.97544E-03, -2.65694E-03, -2.24434E-03, -1.71760E-03, -1.05246E-03, -2.19442E-04,  8.17601E-04,  2.10326E-03,  3.69289E-03,  5.65532E-03,NA,NA,NA,NA,NA,NA,NA,NA,NA,NA,NA,NA,NA,NA,NA,NA,NA,NA,NA,NA,NA,NA,NA,NA,NA,NA,NA,NA,  1.11402E-02,  8.95054E-03,  7.15297E-03,  5.67327E-03,  4.45173E-03,  3.44052E-03,  2.60141E-03,  1.90372E-03,  1.32274E-03,  8.38445E-04,  4.34558E-04,  9.77492E-05, -1.82932E-04, -4.16521E-04, -6.10495E-04, -7.71066E-04, -9.03411E-04, -1.01186E-03, -1.10003E-03, -1.17097E-03, -1.22726E-03, -1.27108E-03, -1.30427E-03, -1.32839E-03, -1.34479E-03,
 -3.11015E-03, -3.19685E-03, -3.28476E-03, -3.37350E-03, -3.46255E-03, -3.55127E-03, -3.63883E-03, -3.72418E-03, -3.80604E-03, -3.88278E-03, -3.95236E-03, -4.01228E-03, -4.05942E-03, -4.08993E-03, -4.09908E-03, -4.08102E-03, -4.02862E-03, -3.93318E-03, -3.78407E-03, -3.56839E-03, -3.27051E-03, -2.87143E-03, -2.34805E-03, -1.67214E-03, -8.08938E-04,  2.84781E-04,  1.66329E-03,  3.39541E-03,NA,NA,NA,NA,NA,NA,NA,NA,NA,NA,NA,NA,NA,NA,NA,NA,NA,NA,NA,NA,NA,NA,NA,NA,NA,NA,NA,NA,NA,NA,  8.93152E-03,  6.96997E-03,  5.38214E-03,  4.09201E-03,  3.04021E-03,  2.18027E-03,  1.47565E-03,  8.97397E-04,  4.22466E-04,  3.23471E-05, -2.87895E-04, -5.50379E-04, -7.64980E-04, -9.39776E-04, -1.08140E-03, -1.19531E-03, -1.28603E-03, -1.35728E-03, -1.41220E-03, -1.45338E-03, -1.48298E-03, -1.50284E-03, -1.51450E-03, -1.51925E-03,
 -3.27741E-03, -3.37652E-03, -3.47795E-03, -3.58140E-03, -3.68648E-03, -3.79263E-03, -3.89916E-03, -4.00511E-03, -4.10931E-03, -4.21019E-03, -4.30581E-03, -4.39366E-03, -4.47058E-03, -4.53261E-03, -4.57478E-03, -4.59088E-03, -4.57320E-03, -4.51223E-03, -4.39623E-03, -4.21080E-03, -3.93833E-03, -3.55727E-03, -3.04118E-03, -2.35749E-03, -1.46571E-03, -3.14926E-04,  1.15969E-03,NA,NA,NA,NA,NA,NA,NA,NA,NA,NA,NA,NA,NA,NA,NA,NA,NA,NA,NA,NA,NA,NA,NA,NA,NA,NA,NA,NA,NA,NA,NA,  8.80391E-03,  6.68078E-03,  4.99075E-03,  3.63961E-03,  2.55538E-03,  1.68278E-03,  9.79089E-04,  4.10974E-04, -4.77596E-05, -4.17866E-04, -7.15893E-04, -9.55109E-04, -1.14620E-03, -1.29780E-03, -1.41693E-03, -1.50929E-03, -1.57953E-03, -1.63148E-03, -1.66827E-03, -1.69249E-03, -1.70628E-03, -1.71142E-03, -1.70940E-03, -1.70144E-03,
 -3.44663E-03, -3.55864E-03, -3.67415E-03, -3.79300E-03, -3.91491E-03, -4.03946E-03, -4.16607E-03, -4.29395E-03, -4.42204E-03, -4.54890E-03, -4.67265E-03, -4.79085E-03, -4.90034E-03, -4.99705E-03, -5.07577E-03, -5.12992E-03, -5.15119E-03, -5.12919E-03, -5.05096E-03, -4.90045E-03, -4.65788E-03, -4.29885E-03, -3.79328E-03, -3.10386E-03, -2.18394E-03, -9.74376E-04,NA,NA,NA,NA,NA,NA,NA,NA,NA,NA,NA,NA,NA,NA,NA,NA,NA,NA,NA,NA,NA,NA,NA,NA,NA,NA,NA,NA,NA,NA,NA,NA,  8.55194E-03,  6.27521E-03,  4.49249E-03,  3.09022E-03,  1.98323E-03,  1.10718E-03,  4.12990E-04, -1.37095E-04, -5.72427E-04, -9.16001E-04, -1.18596E-03, -1.39668E-03, -1.55962E-03, -1.68394E-03, -1.77697E-03, -1.84462E-03, -1.89165E-03, -1.92189E-03, -1.93847E-03, -1.94392E-03, -1.94033E-03, -1.92938E-03, -1.91248E-03, -1.89078E-03,
 -3.61706E-03, -3.74235E-03, -3.87244E-03, -4.00727E-03, -4.14671E-03, -4.29051E-03, -4.43823E-03, -4.58926E-03, -4.74267E-03, -4.89720E-03, -5.05108E-03, -5.20195E-03, -5.34667E-03, -5.48107E-03, -5.59975E-03, -5.69572E-03, -5.76002E-03, -5.78128E-03, -5.74522E-03, -5.63393E-03, -5.42519E-03, -5.09142E-03, -4.59849E-03, -3.90390E-03, -2.95430E-03,NA,NA,NA,NA,NA,NA,NA,NA,NA,NA,NA,NA,NA,NA,NA,NA,NA,NA,NA,NA,NA,NA,NA,NA,NA,NA,NA,NA,NA,NA,NA,NA,NA,NA,  5.74697E-03,  3.88425E-03,  2.44254E-03,  1.32349E-03,  4.53746E-04, -2.22017E-04, -7.45962E-04, -1.15055E-03, -1.46098E-03, -1.69696E-03, -1.87392E-03, -2.00407E-03, -2.09702E-03, -2.16039E-03, -2.20022E-03, -2.22131E-03, -2.22749E-03, -2.22183E-03, -2.20676E-03, -2.18426E-03, -2.15592E-03, -2.12301E-03, -2.08659E-03,
 -3.78783E-03, -3.92673E-03, -4.07178E-03, -4.22307E-03, -4.38064E-03, -4.54440E-03, -4.71411E-03, -4.88935E-03, -5.06938E-03, -5.25310E-03, -5.43893E-03, -5.62461E-03, -5.80702E-03, -5.98197E-03, -6.14381E-03, -6.28513E-03, -6.39627E-03, -6.46480E-03, -6.47491E-03, -6.40660E-03, -6.23487E-03, -5.92856E-03, -5.44891E-03, -4.74761E-03,NA,NA,NA,NA,NA,NA,NA,NA,NA,NA,NA,NA,NA,NA,NA,NA,NA,NA,NA,NA,NA,NA,NA,NA,NA,NA,NA,NA,NA,NA,NA,NA,NA,NA,NA,NA,  3.16747E-03,  1.69886E-03,  5.78732E-04, -2.74917E-04, -9.23432E-04, -1.41325E-03, -1.77988E-03, -2.05069E-03, -2.24687E-03, -2.38494E-03, -2.47774E-03, -2.53534E-03, -2.56556E-03, -2.57456E-03, -2.56711E-03, -2.54699E-03, -2.51715E-03, -2.47989E-03, -2.43706E-03, -2.39009E-03, -2.34013E-03, -2.28808E-03,
 -3.95805E-03, -4.11076E-03, -4.27103E-03, -4.43914E-03, -4.61528E-03, -4.79958E-03, -4.99200E-03, -5.19232E-03, -5.40005E-03, -5.61430E-03, -5.83367E-03, -6.05604E-03, -6.27839E-03, -6.49644E-03, -6.70435E-03, -6.89426E-03, -7.05572E-03, -7.17512E-03, -7.23490E-03, -7.21269E-03, -7.08029E-03, -6.80237E-03, -6.33486E-03, -5.62275E-03,NA,NA,NA,NA,NA,NA,NA,NA,NA,NA,NA,NA,NA,NA,NA,NA,NA,NA,NA,NA,NA,NA,NA,NA,NA,NA,NA,NA,NA,NA,NA,NA,NA,NA,NA,NA,  2.34891E-03,  8.65488E-04, -2.45414E-04, -1.07383E-03, -1.68685E-03, -2.13503E-03, -2.45688E-03, -2.68190E-03, -2.83277E-03, -2.92703E-03, -2.97817E-03, -2.99663E-03, -2.99043E-03, -2.96574E-03, -2.92731E-03, -2.87878E-03, -2.82296E-03, -2.76198E-03, -2.69751E-03, -2.63080E-03, -2.56283E-03, -2.49434E-03,
 -4.12675E-03, -4.29336E-03, -4.46900E-03, -4.65412E-03, -4.84913E-03, -5.05435E-03, -5.26999E-03, -5.49607E-03, -5.73235E-03, -5.97818E-03, -6.23240E-03, -6.49306E-03, -6.75723E-03, -7.02062E-03, -7.27715E-03, -7.51848E-03, -7.73331E-03, -7.90669E-03, -8.01908E-03, -8.04540E-03, -7.95371E-03, -7.70383E-03, -7.24544E-03,NA,NA,NA,NA,NA,NA,NA,NA,NA,NA,NA,NA,NA,NA,NA,NA,NA,NA,NA,NA,NA,NA,NA,NA,NA,NA,NA,NA,NA,NA,NA,NA,NA,NA,NA,NA,NA,NA, -4.73357E-05, -1.14037E-03, -1.93574E-03, -2.50604E-03, -2.90589E-03, -3.17679E-03, -3.35037E-03, -3.45085E-03, -3.49676E-03, -3.50225E-03, -3.47808E-03, -3.43242E-03, -3.37145E-03, -3.29981E-03, -3.22098E-03, -3.13756E-03, -3.05150E-03, -2.96422E-03, -2.87679E-03, -2.78998E-03, -2.70435E-03,
 -4.29292E-03, -4.47340E-03, -4.66440E-03, -4.86659E-03, -5.08056E-03, -5.30688E-03, -5.54602E-03, -5.79827E-03, -6.06366E-03, -6.34183E-03, -6.63186E-03, -6.93203E-03, -7.23953E-03, -7.55005E-03, -7.85731E-03, -8.15242E-03, -8.42316E-03, -8.65309E-03, -8.82045E-03, -8.89701E-03, -8.84656E-03, -8.62320E-03,NA,NA,NA,NA,NA,NA,NA,NA,NA,NA,NA,NA,NA,NA,NA,NA,NA,NA,NA,NA,NA,NA,NA,NA,NA,NA,NA,NA,NA,NA,NA,NA,NA,NA,NA,NA,NA,NA,NA,NA, -2.09508E-03, -2.85147E-03, -3.37322E-03, -3.71910E-03, -3.93368E-03, -4.05087E-03, -4.09645E-03, -4.08997E-03, -4.04624E-03, -3.97633E-03, -3.88854E-03, -3.78900E-03, -3.68219E-03, -3.57141E-03, -3.45902E-03, -3.34670E-03, -3.23564E-03, -3.12667E-03, -3.02034E-03, -2.91700E-03,
 -4.45555E-03, -4.64970E-03, -4.85592E-03, -5.07502E-03, -5.30786E-03, -5.55524E-03, -5.81790E-03, -6.09643E-03, -6.39116E-03, -6.70205E-03, -7.02846E-03, -7.36893E-03, -7.72078E-03, -8.07973E-03, -8.43927E-03, -8.78997E-03, -9.11859E-03, -9.40705E-03, -9.63113E-03, -9.75905E-03, -9.74968E-03, -9.55046E-03,NA,NA,NA,NA,NA,NA,NA,NA,NA,NA,NA,NA,NA,NA,NA,NA,NA,NA,NA,NA,NA,NA,NA,NA,NA,NA,NA,NA,NA,NA,NA,NA,NA,NA,NA,NA,NA,NA,NA,NA, -3.09680E-03, -3.81046E-03, -4.27940E-03, -4.56685E-03, -4.72072E-03, -4.77733E-03, -4.76415E-03, -4.70184E-03, -4.60583E-03, -4.48755E-03, -4.35537E-03, -4.21533E-03, -4.07175E-03, -3.92767E-03, -3.78518E-03, -3.64568E-03, -3.51008E-03, -3.37894E-03, -3.25256E-03, -3.13108E-03,
 -4.61356E-03, -4.82108E-03, -5.04217E-03, -5.27786E-03, -5.52925E-03, -5.79738E-03, -6.08330E-03, -6.38790E-03, -6.71184E-03, -7.05542E-03, -7.41832E-03, -7.79935E-03, -8.19603E-03, -8.60410E-03, -9.01685E-03, -9.42428E-03, -9.81209E-03, -1.01604E-02, -1.04424E-02, -1.06223E-02, -1.06535E-02,NA,NA,NA,NA,NA,NA,NA,NA,NA,NA,NA,NA,NA,NA,NA,NA,NA,NA,NA,NA,NA,NA,NA,NA,NA,NA,NA,NA,NA,NA,NA,NA,NA,NA,NA,NA,NA,NA,NA,NA,NA,NA, -4.80143E-03, -5.21483E-03, -5.44058E-03, -5.53029E-03, -5.52297E-03, -5.44790E-03, -5.32694E-03, -5.17621E-03, -5.00745E-03, -4.82909E-03, -4.64707E-03, -4.46549E-03, -4.28712E-03, -4.11371E-03, -3.94638E-03, -3.78571E-03, -3.63197E-03, -3.48522E-03, -3.34534E-03,
 -4.76593E-03, -4.98633E-03, -5.22178E-03, -5.47354E-03, -5.74290E-03, -6.03123E-03, -6.33982E-03, -6.66992E-03, -7.02253E-03, -7.39830E-03, -7.79728E-03, -8.21856E-03, -8.65990E-03, -9.11709E-03, -9.58324E-03, -1.00478E-02, -1.04954E-02, -1.09043E-02, -1.12448E-02, -1.14769E-02, -1.15479E-02,NA,NA,NA,NA,NA,NA,NA,NA,NA,NA,NA,NA,NA,NA,NA,NA,NA,NA,NA,NA,NA,NA,NA,NA,NA,NA,NA,NA,NA,NA,NA,NA,NA,NA,NA,NA,NA,NA,NA,NA,NA,NA, -5.81314E-03, -6.16946E-03, -6.33122E-03, -6.35422E-03, -6.28041E-03, -6.14109E-03, -5.95938E-03, -5.75211E-03, -5.53135E-03, -5.30557E-03, -5.08057E-03, -4.86021E-03, -4.64691E-03, -4.44212E-03, -4.24659E-03, -4.06059E-03, -3.88408E-03, -3.71681E-03, -3.55844E-03,
 -4.91160E-03, -5.14426E-03, -5.39339E-03, -5.66046E-03, -5.94700E-03, -6.25465E-03, -6.58501E-03, -6.93965E-03, -7.31994E-03, -7.72691E-03, -8.16096E-03, -8.62155E-03, -9.10665E-03, -9.61217E-03, -1.01311E-02, -1.06523E-02, -1.11593E-02, -1.16287E-02, -1.20277E-02, -1.23119E-02, -1.24223E-02,NA,NA,NA,NA,NA,NA,NA,NA,NA,NA,NA,NA,NA,NA,NA,NA,NA,NA,NA,NA,NA,NA,NA,NA,NA,NA,NA,NA,NA,NA,NA,NA,NA,NA,NA,NA,NA,NA,NA,NA,NA,NA,NA, -7.13330E-03, -7.22948E-03, -7.18393E-03, -7.04184E-03, -6.83666E-03, -6.59282E-03, -6.32790E-03, -6.05427E-03, -5.78042E-03, -5.51197E-03, -5.25249E-03, -5.00407E-03, -4.76780E-03, -4.54404E-03, -4.33272E-03, -4.13348E-03, -3.94580E-03, -3.76903E-03,
 -5.04959E-03, -5.29372E-03, -5.55566E-03, -5.83707E-03, -6.13974E-03, -6.46555E-03, -6.81642E-03, -7.19424E-03, -7.60076E-03, -8.03737E-03, -8.50488E-03, -9.00308E-03, -9.53025E-03, -1.00824E-02, -1.06525E-02, -1.12288E-02, -1.17940E-02, -1.23228E-02, -1.27795E-02, -1.31155E-02,NA,NA,NA,NA,NA,NA,NA,NA,NA,NA,NA,NA,NA,NA,NA,NA,NA,NA,NA,NA,NA,NA,NA,NA,NA,NA,NA,NA,NA,NA,NA,NA,NA,NA,NA,NA,NA,NA,NA,NA,NA,NA,NA,NA, -8.09658E-03, -8.12595E-03, -8.01059E-03, -7.79912E-03, -7.52720E-03, -7.22063E-03, -6.89767E-03, -6.57098E-03, -6.24903E-03, -5.93722E-03, -5.63882E-03, -5.35554E-03, -5.08806E-03, -4.83638E-03, -4.60006E-03, -4.37841E-03, -4.17060E-03, -3.97573E-03,
 -5.17896E-03, -5.43362E-03, -5.70732E-03, -6.00191E-03, -6.31939E-03, -6.66190E-03, -7.03166E-03, -7.43088E-03, -7.86167E-03, -8.32581E-03, -8.82448E-03, -9.35785E-03, -9.92449E-03, -1.05206E-02, -1.11391E-02, -1.17679E-02, -1.23887E-02, -1.29747E-02, -1.34874E-02, -1.38741E-02,NA,NA,NA,NA,NA,NA,NA,NA,NA,NA,NA,NA,NA,NA,NA,NA,NA,NA,NA,NA,NA,NA,NA,NA,NA,NA,NA,NA,NA,NA,NA,NA,NA,NA,NA,NA,NA,NA,NA,NA,NA,NA,NA,NA, -9.04977E-03, -9.01113E-03, -8.82512E-03, -8.54381E-03, -8.20504E-03, -7.83590E-03, -7.45530E-03, -7.07609E-03, -6.70668E-03, -6.35222E-03, -6.01561E-03, -5.69818E-03, -5.40019E-03, -5.12125E-03, -4.86055E-03, -4.61707E-03, -4.38967E-03, -4.17719E-03,
 -5.29887E-03, -5.56297E-03, -5.84720E-03, -6.15358E-03, -6.48432E-03, -6.84178E-03, -7.22846E-03, -7.64688E-03, -8.09948E-03, -8.58842E-03, -9.11525E-03, -9.68051E-03, -1.02831E-02, -1.09194E-02, -1.15823E-02, -1.22595E-02, -1.29320E-02, -1.35713E-02, -1.41370E-02, -1.45724E-02,NA,NA,NA,NA,NA,NA,NA,NA,NA,NA,NA,NA,NA,NA,NA,NA,NA,NA,NA,NA,NA,NA,NA,NA,NA,NA,NA,NA,NA,NA,NA,NA,NA,NA,NA,NA,NA,NA,NA,NA,NA,NA,NA,NA, -9.98333E-03, -9.87533E-03, -9.61819E-03, -9.26723E-03, -8.86230E-03, -8.43159E-03, -7.99454E-03, -7.56414E-03, -7.14861E-03, -6.75282E-03, -6.37928E-03, -6.02889E-03, -5.70151E-03, -5.39633E-03, -5.11219E-03, -4.84771E-03, -4.60148E-03, -4.37205E-03,
 -5.40855E-03, -5.68089E-03, -5.97426E-03, -6.29086E-03, -6.63306E-03, -7.00344E-03, -7.40473E-03, -7.83973E-03, -8.31119E-03, -8.82161E-03, -9.37288E-03, -9.96589E-03, -1.05998E-02, -1.12713E-02, -1.19733E-02, -1.26933E-02, -1.34117E-02, -1.40989E-02, -1.47125E-02, -1.51928E-02,NA,NA,NA,NA,NA,NA,NA,NA,NA,NA,NA,NA,NA,NA,NA,NA,NA,NA,NA,NA,NA,NA,NA,NA,NA,NA,NA,NA,NA,NA,NA,NA,NA,NA,NA,NA,NA,NA,NA,NA,NA,NA,NA,NA, -1.08873E-02, -1.07085E-02, -1.03802E-02, -9.96050E-03, -9.49095E-03, -9.00058E-03, -8.50918E-03, -8.02968E-03, -7.57010E-03, -7.13495E-03, -6.72632E-03, -6.34466E-03, -5.98941E-03, -5.65938E-03, -5.35302E-03, -5.06866E-03, -4.80456E-03, -4.55907E-03,
 -5.50738E-03, -5.78662E-03, -6.08762E-03, -6.41269E-03, -6.76434E-03, -7.14534E-03, -7.55861E-03, -8.00719E-03, -8.49408E-03, -9.02207E-03, -9.59335E-03, -1.02091E-02, -1.08688E-02, -1.15693E-02, -1.23035E-02, -1.30590E-02, -1.38155E-02, -1.45427E-02, -1.51967E-02, -1.57155E-02,NA,NA,NA,NA,NA,NA,NA,NA,NA,NA,NA,NA,NA,NA,NA,NA,NA,NA,NA,NA,NA,NA,NA,NA,NA,NA,NA,NA,NA,NA,NA,NA,NA,NA,NA,NA,NA,NA,NA,NA,NA,NA,NA,NA,NA, -1.14998E-02, -1.11011E-02, -1.06146E-02, -1.00830E-02, -9.53582E-03, -8.99305E-03, -8.46741E-03, -7.96660E-03, -7.49471E-03, -7.05337E-03, -6.64261E-03, -6.26143E-03, -5.90827E-03, -5.58123E-03, -5.27832E-03, -4.99756E-03, -4.73704E-03,
 -5.59487E-03, -5.87959E-03, -6.18657E-03, -6.51821E-03, -6.87715E-03, -7.26624E-03, -7.68858E-03, -8.14738E-03, -8.64583E-03, -9.18694E-03, -9.77315E-03, -1.04058E-02, -1.10847E-02, -1.18067E-02, -1.25648E-02, -1.33464E-02, -1.41311E-02, -1.48878E-02, -1.55716E-02,NA,NA,NA,NA,NA,NA,NA,NA,NA,NA,NA,NA,NA,NA,NA,NA,NA,NA,NA,NA,NA,NA,NA,NA,NA,NA,NA,NA,NA,NA,NA,NA,NA,NA,NA,NA,NA,NA,NA,NA,NA,NA,NA,NA,NA,NA, -1.22381E-02, -1.17706E-02, -1.12203E-02, -1.06303E-02, -1.00304E-02, -9.44025E-03, -8.87230E-03, -8.33381E-03, -7.82843E-03, -7.35732E-03, -6.92008E-03, -6.51530E-03, -6.14106E-03, -5.79513E-03, -5.47526E-03, -5.17922E-03, -4.90489E-03,
 -5.67070E-03, -5.95940E-03, -6.27064E-03, -6.60685E-03, -6.97073E-03, -7.36522E-03, -7.79349E-03, -8.25886E-03, -8.76463E-03, -9.31394E-03, -9.90936E-03, -1.05524E-02, -1.12428E-02, -1.19776E-02, -1.27498E-02, -1.35465E-02, -1.43469E-02, -1.51196E-02, -1.58187E-02,NA,NA,NA,NA,NA,NA,NA,NA,NA,NA,NA,NA,NA,NA,NA,NA,NA,NA,NA,NA,NA,NA,NA,NA,NA,NA,NA,NA,NA,NA,NA,NA,NA,NA,NA,NA,NA,NA,NA,NA,NA,NA,NA,NA,NA,NA, -1.29111E-02, -1.23782E-02, -1.17686E-02, -1.11254E-02, -1.04778E-02, -9.84528E-03, -9.23969E-03, -8.66781E-03, -8.13280E-03, -7.63538E-03, -7.17470E-03, -6.74901E-03, -6.35603E-03, -5.99328E-03, -5.65823E-03, -5.34845E-03, -5.06166E-03,
 -5.73471E-03, -6.02586E-03, -6.33957E-03, -6.67828E-03, -7.04469E-03, -7.44175E-03, -7.87264E-03, -8.34070E-03, -8.84926E-03, -9.40148E-03, -9.99991E-03, -1.06461E-02, -1.13396E-02, -1.20775E-02, -1.28524E-02, -1.36512E-02, -1.44526E-02, -1.52247E-02, -1.59208E-02,NA,NA,NA,NA,NA,NA,NA,NA,NA,NA,NA,NA,NA,NA,NA,NA,NA,NA,NA,NA,NA,NA,NA,NA,NA,NA,NA,NA,NA,NA,NA,NA,NA,NA,NA,NA,NA,NA,NA,NA,NA,NA,NA,NA,NA,NA, -1.35064E-02, -1.29135E-02, -1.22510E-02, -1.15609E-02, -1.08721E-02, -1.02032E-02, -9.56547E-03, -8.96519E-03, -8.40499E-03, -7.88516E-03, -7.40449E-03, -6.96087E-03, -6.55175E-03, -6.17442E-03, -5.82615E-03, -5.50434E-03, -5.20655E-03,
 -5.78693E-03, -6.07900E-03, -6.39339E-03, -6.73249E-03, -7.09897E-03, -7.49570E-03, -7.92582E-03, -8.39257E-03, -8.89921E-03, -9.44877E-03, -1.00437E-02, -1.06852E-02, -1.13728E-02, -1.21031E-02, -1.28683E-02, -1.36546E-02, -1.44402E-02, -1.51921E-02, -1.58628E-02, -1.63861E-02,NA,NA,NA,NA,NA,NA,NA,NA,NA,NA,NA,NA,NA,NA,NA,NA,NA,NA,NA,NA,NA,NA,NA,NA,NA,NA,NA,NA,NA,NA,NA,NA,NA,NA,NA,NA,NA,NA,NA,NA,NA,NA,NA,NA,NA, -1.40116E-02, -1.33667E-02, -1.26593E-02, -1.19306E-02, -1.12082E-02, -1.05098E-02, -9.84626E-03, -9.22317E-03, -8.64270E-03, -8.10478E-03, -7.60784E-03, -7.14954E-03, -6.72709E-03, -6.33760E-03, -5.97820E-03, -5.64615E-03, -5.33893E-03,
 -5.82759E-03, -6.11906E-03, -6.43237E-03, -6.76980E-03, -7.13389E-03, -7.52743E-03, -7.95336E-03, -8.41478E-03, -8.91473E-03, -9.45596E-03, -1.00406E-02, -1.06696E-02, -1.13418E-02, -1.20532E-02, -1.27953E-02, -1.35535E-02, -1.43045E-02, -1.50142E-02, -1.56335E-02, -1.60946E-02,NA,NA,NA,NA,NA,NA,NA,NA,NA,NA,NA,NA,NA,NA,NA,NA,NA,NA,NA,NA,NA,NA,NA,NA,NA,NA,NA,NA,NA,NA,NA,NA,NA,NA,NA,NA,NA,NA,NA,NA,NA,NA,NA,NA, -1.49899E-02, -1.44153E-02, -1.37288E-02, -1.29870E-02, -1.22292E-02, -1.14818E-02, -1.07619E-02, -1.00795E-02, -9.43972E-03, -8.84431E-03, -8.29289E-03, -7.78367E-03, -7.31410E-03, -6.88127E-03, -6.48216E-03, -6.11380E-03, -5.77339E-03, -5.45836E-03,
 -5.85710E-03, -6.14654E-03, -6.45707E-03, -6.79083E-03, -7.15020E-03, -7.53774E-03, -7.95619E-03, -8.40834E-03, -8.89690E-03, -9.42422E-03, -9.99192E-03, -1.06003E-02, -1.12476E-02, -1.19287E-02, -1.26341E-02, -1.33476E-02, -1.40445E-02, -1.46883E-02, -1.52275E-02,NA,NA,NA,NA,NA,NA,NA,NA,NA,NA,NA,NA,NA,NA,NA,NA,NA,NA,NA,NA,NA,NA,NA,NA,NA,NA,NA,NA,NA,NA,NA,NA,NA,NA,NA,NA,NA,NA,NA,NA,NA,NA,NA,NA,NA, -1.53193E-02, -1.47079E-02, -1.39931E-02, -1.32289E-02, -1.24529E-02, -1.16905E-02, -1.09576E-02, -1.02637E-02, -9.61370E-03, -9.00893E-03, -8.44880E-03, -7.93141E-03, -7.45410E-03, -7.01390E-03, -6.60774E-03, -6.23264E-03, -5.88578E-03, -5.56457E-03,
 -5.87607E-03, -6.16213E-03, -6.46831E-03, -6.79655E-03, -7.14899E-03, -7.52793E-03, -7.93578E-03, -8.37495E-03, -8.84767E-03, -9.35574E-03, -9.90008E-03, -1.04802E-02, -1.10932E-02, -1.17328E-02, -1.23880E-02, -1.30405E-02, -1.36634E-02, -1.42171E-02, -1.46466E-02,NA,NA,NA,NA,NA,NA,NA,NA,NA,NA,NA,NA,NA,NA,NA,NA,NA,NA,NA,NA,NA,NA,NA,NA,NA,NA,NA,NA,NA,NA,NA,NA,NA,NA,NA,NA,NA,NA,NA,NA,NA,NA,NA,NA,NA, -1.55133E-02, -1.48827E-02, -1.41551E-02, -1.33823E-02, -1.26001E-02, -1.18329E-02, -1.10960E-02, -1.03986E-02, -9.74492E-03, -9.13646E-03, -8.57248E-03, -8.05105E-03, -7.56953E-03, -7.12497E-03, -6.71433E-03, -6.33469E-03, -5.98327E-03, -5.65750E-03,
 -5.88526E-03, -6.16677E-03, -6.46718E-03, -6.78823E-03, -7.13177E-03, -7.49975E-03, -7.89419E-03, -8.31699E-03, -8.76982E-03, -9.25374E-03, -9.76884E-03, -1.03135E-02, -1.08837E-02, -1.14714E-02, -1.20636E-02, -1.26397E-02, -1.31696E-02, -1.36099E-02,NA,NA,NA,NA,NA,NA,NA,NA,NA,NA,NA,NA,NA,NA,NA,NA,NA,NA,NA,NA,NA,NA,NA,NA,NA,NA,NA,NA,NA,NA,NA,NA,NA,NA,NA,NA,NA,NA,NA,NA,NA,NA,NA,NA,NA,NA, -1.55665E-02, -1.49367E-02, -1.42136E-02, -1.34468E-02, -1.26710E-02, -1.19098E-02, -1.11781E-02, -1.04848E-02, -9.83419E-03, -9.22766E-03, -8.66460E-03, -8.14318E-03, -7.66087E-03, -7.21487E-03, -6.80225E-03, -6.42020E-03, -6.06603E-03, -5.73728E-03,
 -5.88564E-03, -6.16155E-03, -6.45500E-03, -6.76744E-03, -7.10038E-03, -7.45539E-03, -7.83398E-03, -8.23751E-03, -8.66693E-03, -9.12248E-03, -9.60320E-03, -1.01063E-02, -1.06260E-02, -1.11526E-02, -1.16706E-02, -1.21566E-02, -1.25766E-02, -1.28826E-02,NA,NA,NA,NA,NA,NA,NA,NA,NA,NA,NA,NA,NA,NA,NA,NA,NA,NA,NA,NA,NA,NA,NA,NA,NA,NA,NA,NA,NA,NA,NA,NA,NA,NA,NA,NA,NA,NA,NA,NA,NA,NA,NA,NA,NA,NA, -1.54793E-02, -1.48718E-02, -1.41710E-02, -1.34252E-02, -1.26684E-02, -1.19238E-02, -1.12063E-02, -1.05246E-02, -9.88338E-03, -9.28414E-03, -8.72652E-03, -8.20893E-03, -7.72909E-03, -7.28440E-03, -6.87215E-03, -6.48969E-03, -6.13450E-03, -5.80425E-03,
 -5.87826E-03, -6.14777E-03, -6.43330E-03, -6.73599E-03, -7.05698E-03, -7.39740E-03, -7.75822E-03, -8.14014E-03, -8.54334E-03, -8.96709E-03, -9.40929E-03, -9.86567E-03, -1.03288E-02, -1.07869E-02, -1.12217E-02, -1.16064E-02, -1.19028E-02, -1.20575E-02,NA,NA,NA,NA,NA,NA,NA,NA,NA,NA,NA,NA,NA,NA,NA,NA,NA,NA,NA,NA,NA,NA,NA,NA,NA,NA,NA,NA,NA,NA,NA,NA,NA,NA,NA,NA,NA,NA,NA,NA,NA,NA,NA,NA,NA, -1.56592E-02, -1.52584E-02, -1.46946E-02, -1.40336E-02, -1.33233E-02, -1.25975E-02, -1.18795E-02, -1.11844E-02, -1.05214E-02, -9.89538E-03, -9.30834E-03, -8.76029E-03, -8.25002E-03, -7.77559E-03, -7.33471E-03, -6.92495E-03, -6.54392E-03, -6.18928E-03, -5.85888E-03,
 -5.86433E-03, -6.12685E-03, -6.40377E-03, -6.69590E-03, -7.00398E-03, -7.32866E-03, -7.67033E-03, -8.02899E-03, -8.40395E-03, -8.79347E-03, -9.19418E-03, -9.60029E-03, -1.00025E-02, -1.03867E-02, -1.07317E-02, -1.10073E-02, -1.11707E-02, -1.11623E-02,NA,NA,NA,NA,NA,NA,NA,NA,NA,NA,NA,NA,NA,NA,NA,NA,NA,NA,NA,NA,NA,NA,NA,NA,NA,NA,NA,NA,NA,NA,NA,NA,NA,NA,NA,NA,NA,NA,NA,NA,NA,NA,NA,NA,NA, -1.52468E-02, -1.49174E-02, -1.44169E-02, -1.38116E-02, -1.31498E-02, -1.24657E-02, -1.17832E-02, -1.11179E-02, -1.04797E-02, -9.87400E-03, -9.30344E-03, -8.76856E-03, -8.26863E-03, -7.80217E-03, -7.36729E-03, -6.96190E-03, -6.58389E-03, -6.23118E-03, -5.90184E-03,
 -5.84512E-03, -6.10030E-03, -6.36822E-03, -6.64933E-03, -6.94398E-03, -7.25228E-03, -7.57405E-03, -7.90852E-03, -8.25415E-03, -8.60809E-03, -8.96568E-03, -9.31954E-03, -9.65846E-03, -9.96586E-03, -1.02178E-02, -1.03802E-02, -1.04058E-02, -1.02290E-02,NA,NA,NA,NA,NA,NA,NA,NA,NA,NA,NA,NA,NA,NA,NA,NA,NA,NA,NA,NA,NA,NA,NA,NA,NA,NA,NA,NA,NA,NA,NA,NA,NA,NA,NA,NA,NA,NA,NA,NA,NA,NA,NA,NA,NA, -1.47131E-02, -1.44757E-02, -1.40551E-02, -1.35189E-02, -1.29163E-02, -1.22827E-02, -1.16430E-02, -1.10135E-02, -1.04051E-02, -9.82389E-03, -9.27330E-03, -8.75450E-03, -8.26739E-03, -7.81101E-03, -7.38393E-03, -6.98444E-03, -6.61078E-03, -6.26118E-03, -5.93391E-03,
 -5.82193E-03, -6.06969E-03, -6.32853E-03, -6.59856E-03, -6.87968E-03, -7.17153E-03, -7.47328E-03, -7.78346E-03, -8.09960E-03, -8.41779E-03, -8.73205E-03, -9.03342E-03, -9.30877E-03, -9.53918E-03, -9.69784E-03, -9.74722E-03, -9.63548E-03,NA,NA,NA,NA,NA,NA,NA,NA,NA,NA,NA,NA,NA,NA,NA,NA,NA,NA,NA,NA,NA,NA,NA,NA,NA,NA,NA,NA,NA,NA,NA,NA,NA,NA,NA,NA,NA,NA,NA,NA,NA,NA,NA,NA,NA,NA, -1.40885E-02, -1.39581E-02, -1.36294E-02, -1.31719E-02, -1.26365E-02, -1.20600E-02, -1.14683E-02, -1.08791E-02, -1.03040E-02, -9.75038E-03, -9.22229E-03, -8.72174E-03, -8.24928E-03, -7.80454E-03, -7.38660E-03, -6.99421E-03, -6.62594E-03, -6.28035E-03, -5.95597E-03,
 -5.79609E-03, -6.03662E-03, -6.28661E-03, -6.54584E-03, -6.81382E-03, -7.08968E-03, -7.37199E-03, -7.65856E-03, -7.94605E-03, -8.22952E-03, -8.50170E-03, -8.75212E-03, -8.96582E-03, -9.12170E-03, -9.19028E-03, -9.13082E-03, -8.88755E-03,NA,NA,NA,NA,NA,NA,NA,NA,NA,NA,NA,NA,NA,NA,NA,NA,NA,NA,NA,NA,NA,NA,NA,NA,NA,NA,NA,NA,NA,NA,NA,NA,NA,NA,NA,NA,NA,NA,NA,NA,NA,NA,NA,NA,NA,NA, -1.34080E-02, -1.33929E-02, -1.31629E-02, -1.27896E-02, -1.23259E-02, -1.18102E-02, -1.12695E-02, -1.07231E-02, -1.01836E-02, -9.65923E-03, -9.15516E-03, -8.67416E-03, -8.21748E-03, -7.78539E-03, -7.37748E-03, -6.99296E-03, -6.63081E-03, -6.28988E-03, -5.96899E-03,
 -5.76889E-03, -6.00261E-03, -6.24431E-03, -6.49343E-03, -6.74909E-03, -7.00996E-03, -7.27406E-03, -7.53852E-03, -7.79918E-03, -8.05011E-03, -8.28289E-03, -8.48563E-03, -8.64172E-03, -8.72808E-03, -8.71291E-03, -8.55272E-03, -8.18848E-03,NA,NA,NA,NA,NA,NA,NA,NA,NA,NA,NA,NA,NA,NA,NA,NA,NA,NA,NA,NA,NA,NA,NA,NA,NA,NA,NA,NA,NA,NA,NA,NA,NA,NA,NA,NA,NA,NA,NA,NA,NA,NA,NA,NA,NA,NA, -1.27091E-02, -1.28102E-02, -1.26799E-02, -1.23919E-02, -1.20008E-02, -1.15465E-02, -1.10577E-02, -1.05545E-02, -1.00510E-02, -9.55647E-03, -9.07685E-03, -8.61581E-03, -8.17531E-03, -7.75626E-03, -7.35877E-03, -6.98252E-03, -6.62686E-03, -6.29098E-03, -5.97396E-03,
 -5.74154E-03, -5.96915E-03, -6.20338E-03, -6.44341E-03, -6.68802E-03, -6.93543E-03, -7.18318E-03, -7.42778E-03, -7.66433E-03, -7.88604E-03, -8.08342E-03, -8.24337E-03, -8.34784E-03, -8.37204E-03, -8.28226E-03, -8.03283E-03, -7.56228E-03,NA,NA,NA,NA,NA,NA,NA,NA,NA,NA,NA,NA,NA,NA,NA,NA,NA,NA,NA,NA,NA,NA,NA,NA,NA,NA,NA,NA,NA,NA,NA,NA,NA,NA,NA,NA,NA,NA,NA,NA,NA,NA,NA,NA,NA,NA, -1.20291E-02, -1.22403E-02, -1.22051E-02, -1.19988E-02, -1.16775E-02, -1.12824E-02, -1.08436E-02, -1.03823E-02, -9.91375E-03, -9.44811E-03, -8.99229E-03, -8.55072E-03, -8.12609E-03, -7.71987E-03, -7.33271E-03, -6.96471E-03, -6.61561E-03, -6.28488E-03, -5.97188E-03,
 -5.71515E-03, -5.93754E-03, -6.16543E-03, -6.39773E-03, -6.63292E-03, -6.86889E-03, -7.10271E-03, -7.33039E-03, -7.54639E-03, -7.74317E-03, -7.91037E-03, -8.03386E-03, -8.09436E-03, -8.06578E-03, -7.91289E-03, -7.58846E-03, -7.02940E-03,NA,NA,NA,NA,NA,NA,NA,NA,NA,NA,NA,NA,NA,NA,NA,NA,NA,NA,NA,NA,NA,NA,NA,NA,NA,NA,NA,NA,NA,NA,NA,NA,NA,NA,NA,NA,NA,NA,NA,NA,NA,NA,NA,NA,NA,NA, -1.14028E-02, -1.17117E-02, -1.17618E-02, -1.16294E-02, -1.13717E-02, -1.10308E-02, -1.06378E-02, -1.02152E-02, -9.77882E-03, -9.33993E-03, -8.90621E-03, -8.48279E-03, -8.07298E-03, -7.67882E-03, -7.30142E-03, -6.94128E-03, -6.59847E-03, -6.27275E-03, -5.96371E-03,
 -5.69068E-03, -5.90896E-03, -6.13183E-03, -6.35804E-03, -6.58581E-03, -6.81274E-03, -7.03557E-03, -7.24986E-03, -7.44960E-03, -7.62661E-03, -7.76986E-03, -7.86438E-03, -7.89000E-03, -7.81961E-03, -7.61694E-03, -7.23372E-03, -6.60608E-03,NA,NA,NA,NA,NA,NA,NA,NA,NA,NA,NA,NA,NA,NA,NA,NA,NA,NA,NA,NA,NA,NA,NA,NA,NA,NA,NA,NA,NA,NA,NA,NA,NA,NA,NA,NA,NA,NA,NA,NA,NA,NA,NA,NA,NA,NA, -1.08608E-02, -1.12496E-02, -1.13709E-02, -1.13010E-02, -1.10976E-02, -1.08033E-02, -1.04501E-02, -1.00609E-02, -9.65270E-03, -9.23726E-03, -8.82297E-03, -8.41557E-03, -8.01892E-03, -7.63551E-03, -7.26687E-03, -6.91384E-03, -6.57677E-03, -6.25568E-03, -5.95035E-03,
 -5.66893E-03, -5.88434E-03, -6.10374E-03, -6.32572E-03, -6.54834E-03, -6.76900E-03, -6.98416E-03, -7.18909E-03, -7.37740E-03, -7.54050E-03, -7.66682E-03, -7.74082E-03, -7.74170E-03, -7.64166E-03, -7.40377E-03, -6.97927E-03, -6.30407E-03, -5.29437E-03,NA,NA,NA,NA,NA,NA,NA,NA,NA,NA,NA,NA,NA,NA,NA,NA,NA,NA,NA,NA,NA,NA,NA,NA,NA,NA,NA,NA,NA,NA,NA,NA,NA,NA,NA,NA,NA,NA,NA,NA,NA,NA,NA,NA,NA, -1.04278E-02, -1.08751E-02, -1.10501E-02, -1.10284E-02, -1.08674E-02, -1.06101E-02, -1.02886E-02, -9.92647E-03, -9.54104E-03, -9.14472E-03, -8.74637E-03, -8.35219E-03, -7.96646E-03, -7.59205E-03, -7.23079E-03, -6.88381E-03, -6.55169E-03, -6.23464E-03, -5.93259E-03,
 -5.65049E-03, -5.86441E-03, -6.08201E-03, -6.30180E-03, -6.52175E-03, -6.73913E-03, -6.95025E-03, -7.15020E-03, -7.33237E-03, -7.48789E-03, -7.60489E-03, -7.66748E-03, -7.65447E-03, -7.53768E-03, -7.27989E-03, -6.83218E-03, -6.13069E-03, -5.09253E-03,NA,NA,NA,NA,NA,NA,NA,NA,NA,NA,NA,NA,NA,NA,NA,NA,NA,NA,NA,NA,NA,NA,NA,NA,NA,NA,NA,NA,NA,NA,NA,NA,NA,NA,NA,NA,NA,NA,NA,NA,NA,NA,NA,NA,NA, -1.01222E-02, -1.06040E-02, -1.08129E-02, -1.08231E-02, -1.06909E-02, -1.04593E-02, -1.01601E-02, -9.81735E-03, -9.44843E-03, -9.06610E-03, -8.67952E-03, -8.29522E-03, -7.91773E-03, -7.55017E-03, -7.19462E-03, -6.85239E-03, -6.52420E-03, -6.21043E-03, -5.91111E-03,
 -5.63573E-03, -5.84961E-03, -6.06718E-03, -6.28693E-03, -6.50681E-03, -6.72406E-03, -6.93497E-03, -7.13454E-03, -7.31610E-03, -7.47069E-03, -7.58632E-03, -7.64697E-03, -7.63131E-03, -7.51106E-03, -7.24893E-03, -6.79613E-03, -6.08923E-03, -5.04637E-03,NA,NA,NA,NA,NA,NA,NA,NA,NA,NA,NA,NA,NA,NA,NA,NA,NA,NA,NA,NA,NA,NA,NA,NA,NA,NA,NA,NA,NA,NA,NA,NA,NA,NA,NA,NA,NA,NA,NA,NA,NA,NA,NA,NA,NA, -9.95540E-03, -1.04470E-02, -1.06688E-02, -1.06931E-02, -1.05749E-02, -1.03565E-02, -1.00695E-02, -9.73761E-03, -9.37822E-03, -9.00418E-03, -8.62474E-03, -8.24655E-03, -7.87429E-03, -7.51120E-03, -7.15945E-03, -6.82046E-03, -6.49506E-03, -6.18368E-03, -5.88643E-03,
 -5.62480E-03, -5.84011E-03, -6.05945E-03, -6.28135E-03, -6.50382E-03, -6.72416E-03, -6.93873E-03, -7.14261E-03, -7.32919E-03, -7.48960E-03, -7.61191E-03, -7.68019E-03, -7.67320E-03, -7.56276E-03, -7.31175E-03, -6.87163E-03, -6.17944E-03, -5.15413E-03,NA,NA,NA,NA,NA,NA,NA,NA,NA,NA,NA,NA,NA,NA,NA,NA,NA,NA,NA,NA,NA,NA,NA,NA,NA,NA,NA,NA,NA,NA,NA,NA,NA,NA,NA,NA,NA,NA,NA,NA,NA,NA,NA,NA, -9.10245E-03, -9.93199E-03, -1.04087E-02, -1.06223E-02, -1.06426E-02, -1.05232E-02, -1.03052E-02, -1.00196E-02, -9.68965E-03, -9.33244E-03, -8.96066E-03, -8.58345E-03, -8.20739E-03, -7.83715E-03, -7.47595E-03, -7.12597E-03, -6.78862E-03, -6.46476E-03, -6.15480E-03, -5.85889E-03,
 -5.61760E-03, -5.83580E-03, -6.05868E-03, -6.28488E-03, -6.51256E-03, -6.73917E-03, -6.96123E-03, -7.17404E-03, -7.37120E-03, -7.54407E-03, -7.68100E-03, -7.76633E-03, -7.77911E-03, -7.69147E-03, -7.46661E-03, -7.05633E-03, -6.39802E-03, -5.41106E-03,NA,NA,NA,NA,NA,NA,NA,NA,NA,NA,NA,NA,NA,NA,NA,NA,NA,NA,NA,NA,NA,NA,NA,NA,NA,NA,NA,NA,NA,NA,NA,NA,NA,NA,NA,NA,NA,NA,NA,NA,NA,NA,NA,NA, -9.27188E-03, -1.00502E-02, -1.04887E-02, -1.06736E-02, -1.06722E-02, -1.05364E-02, -1.03061E-02, -1.00111E-02, -9.67411E-03, -9.31168E-03, -8.93607E-03, -8.55611E-03, -8.17816E-03, -7.80668E-03, -7.44476E-03, -7.09447E-03, -6.75713E-03, -6.43352E-03, -6.12401E-03, -5.82869E-03,
 -5.61382E-03, -5.83629E-03, -6.06439E-03, -6.29696E-03, -6.53234E-03, -6.76824E-03, -7.00147E-03, -7.22762E-03, -7.44066E-03, -7.63236E-03, -7.79151E-03, -7.90290E-03, -7.94608E-03, -7.89367E-03, -7.70934E-03, -7.34525E-03, -6.73904E-03, -5.81007E-03,NA,NA,NA,NA,NA,NA,NA,NA,NA,NA,NA,NA,NA,NA,NA,NA,NA,NA,NA,NA,NA,NA,NA,NA,NA,NA,NA,NA,NA,NA,NA,NA,NA,NA,NA,NA,NA,NA,NA,NA,NA,NA,NA,NA, -9.59876E-03, -1.03024E-02, -1.06812E-02, -1.08183E-02, -1.07786E-02, -1.06121E-02, -1.03571E-02, -1.00425E-02, -9.68991E-03, -9.31512E-03, -8.92979E-03, -8.54227E-03, -8.15850E-03, -7.78262E-03, -7.41745E-03, -7.06483E-03, -6.72591E-03, -6.40131E-03, -6.09128E-03, -5.79581E-03,
 -5.61290E-03, -5.84091E-03, -6.07579E-03, -6.31661E-03, -6.56200E-03, -6.80999E-03, -7.05775E-03, -7.30133E-03, -7.53517E-03, -7.75160E-03, -7.94000E-03, -8.08583E-03, -8.16932E-03, -8.16376E-03, -8.03343E-03, -7.73096E-03, -7.19416E-03, -6.34202E-03,NA,NA,NA,NA,NA,NA,NA,NA,NA,NA,NA,NA,NA,NA,NA,NA,NA,NA,NA,NA,NA,NA,NA,NA,NA,NA,NA,NA,NA,NA,NA,NA,NA,NA,NA,NA,NA,NA,NA,NA,NA,NA,NA,NA, -1.00666E-02, -1.06752E-02, -1.09755E-02, -1.10479E-02, -1.09549E-02, -1.07447E-02, -1.04541E-02, -1.01104E-02, -9.73427E-03, -9.34055E-03, -8.94007E-03, -8.54054E-03, -8.14733E-03, -7.76412E-03, -7.39335E-03, -7.03653E-03, -6.69454E-03, -6.36780E-03, -6.05637E-03, -5.76009E-03,
 -5.61409E-03, -5.84875E-03, -6.09176E-03, -6.34250E-03, -6.59993E-03, -6.86247E-03, -7.12777E-03, -7.39238E-03, -7.65139E-03, -7.89779E-03, -8.12175E-03, -8.30955E-03, -8.44230E-03, -8.49415E-03, -8.43019E-03, -8.20368E-03, -7.75265E-03,NA,NA,NA,NA,NA,NA,NA,NA,NA,NA,NA,NA,NA,NA,NA,NA,NA,NA,NA,NA,NA,NA,NA,NA,NA,NA,NA,NA,NA,NA,NA,NA,NA,NA,NA,NA,NA,NA,NA,NA,NA,NA,NA,NA,NA, -1.06533E-02, -1.11503E-02, -1.13565E-02, -1.13499E-02, -1.11910E-02, -1.09261E-02, -1.05902E-02, -1.02094E-02, -9.80287E-03, -9.38448E-03, -8.96411E-03, -8.54866E-03, -8.14284E-03, -7.74974E-03, -7.37130E-03, -7.00865E-03, -6.66232E-03, -6.33244E-03, -6.01885E-03, -5.72119E-03,
 -5.61643E-03, -5.85865E-03, -6.11094E-03, -6.37298E-03, -6.64413E-03, -6.92329E-03, -7.20862E-03, -7.49732E-03, -7.78518E-03, -8.06602E-03, -8.33091E-03, -8.56715E-03, -8.75689E-03, -8.87541E-03, -8.88883E-03, -8.75127E-03, -8.40125E-03,NA,NA,NA,NA,NA,NA,NA,NA,NA,NA,NA,NA,NA,NA,NA,NA,NA,NA,NA,NA,NA,NA,NA,NA,NA,NA,NA,NA,NA,NA,NA,NA,NA,NA,NA,NA,NA,NA,NA,NA,NA,NA,NA,NA,NA, -1.13316E-02, -1.17047E-02, -1.18050E-02, -1.17086E-02, -1.14740E-02, -1.11457E-02, -1.07569E-02, -1.03324E-02, -9.88997E-03, -9.44227E-03, -8.99816E-03, -8.56363E-03, -8.14260E-03, -7.73751E-03, -7.34975E-03, -6.97995E-03, -6.62824E-03, -6.29444E-03, -5.97809E-03, -5.67861E-03,
 -5.61883E-03, -5.86930E-03, -6.13170E-03, -6.40610E-03, -6.69228E-03, -6.98963E-03, -7.29694E-03, -7.61210E-03, -7.93171E-03, -8.25050E-03, -8.56061E-03, -8.85048E-03, -9.10355E-03, -9.29642E-03, -9.39654E-03, -9.35926E-03, -9.12402E-03,NA,NA,NA,NA,NA,NA,NA,NA,NA,NA,NA,NA,NA,NA,NA,NA,NA,NA,NA,NA,NA,NA,NA,NA,NA,NA,NA,NA,NA,NA,NA,NA,NA,NA,NA,NA,NA,NA,NA,NA,NA,NA,NA,NA,NA, -1.20694E-02, -1.23112E-02, -1.22984E-02, -1.21051E-02, -1.17882E-02, -1.13906E-02, -1.09438E-02, -1.04710E-02, -9.98868E-03, -9.50833E-03, -9.03768E-03, -8.58176E-03, -8.14366E-03, -7.72508E-03, -7.32678E-03, -6.94888E-03, -6.59109E-03, -6.25281E-03, -5.93331E-03, -5.63174E-03,
 -5.62005E-03, -5.87920E-03, -6.15227E-03, -6.43971E-03, -6.74177E-03, -7.05839E-03, -7.38899E-03, -7.73223E-03, -8.08557E-03, -8.44478E-03, -8.80315E-03, -9.15042E-03, -9.47150E-03, -9.74454E-03, -9.93867E-03, -1.00109E-02, -9.90215E-03,NA,NA,NA,NA,NA,NA,NA,NA,NA,NA,NA,NA,NA,NA,NA,NA,NA,NA,NA,NA,NA,NA,NA,NA,NA,NA,NA,NA,NA,NA,NA,NA,NA,NA,NA,NA,NA,NA,NA,NA,NA,NA,NA,NA,NA, -1.28303E-02, -1.29393E-02, -1.28110E-02, -1.25182E-02, -1.21163E-02, -1.16465E-02, -1.11390E-02, -1.06155E-02, -1.00912E-02, -9.57631E-03, -9.07754E-03, -8.59891E-03, -8.14264E-03, -7.70970E-03, -7.30020E-03, -6.91370E-03, -6.54943E-03, -6.20643E-03, -5.88361E-03, -5.57987E-03,
 -5.61876E-03, -5.88677E-03, -6.17073E-03, -6.47151E-03, -6.78983E-03, -7.12621E-03, -7.48074E-03, -7.85286E-03, -8.24098E-03, -8.64192E-03, -9.05023E-03, -9.45709E-03, -9.84899E-03, -1.02059E-02, -1.04990E-02, -1.06873E-02, -1.07140E-02,NA,NA,NA,NA,NA,NA,NA,NA,NA,NA,NA,NA,NA,NA,NA,NA,NA,NA,NA,NA,NA,NA,NA,NA,NA,NA,NA,NA,NA,NA,NA,NA,NA,NA,NA,NA,NA,NA,NA,NA,NA,NA,NA,NA,NA, -1.35745E-02, -1.35557E-02, -1.33154E-02, -1.29253E-02, -1.24395E-02, -1.18981E-02, -1.13300E-02, -1.07557E-02, -1.01891E-02, -9.63940E-03, -9.11219E-03, -8.61057E-03, -8.13591E-03, -7.68844E-03, -7.26763E-03, -6.87248E-03, -6.50175E-03, -6.15406E-03, -5.82802E-03, -5.52221E-03,
 -5.61360E-03, -5.89034E-03, -6.18508E-03, -6.49909E-03, -6.83358E-03, -7.18963E-03, -7.56802E-03, -7.96899E-03, -8.39190E-03, -8.83469E-03, -9.29319E-03, -9.76010E-03, -1.02237E-02, -1.06658E-02, -1.10600E-02, -1.13679E-02, -1.15356E-02,NA,NA,NA,NA,NA,NA,NA,NA,NA,NA,NA,NA,NA,NA,NA,NA,NA,NA,NA,NA,NA,NA,NA,NA,NA,NA,NA,NA,NA,NA,NA,NA,NA,NA,NA,NA,NA,NA,NA,NA,NA,NA,NA,NA,NA, -1.42604E-02, -1.41262E-02, -1.37832E-02, -1.33029E-02, -1.27386E-02, -1.21296E-02, -1.15039E-02, -1.08810E-02, -1.02738E-02, -9.69057E-03, -9.13591E-03, -8.61208E-03, -8.11969E-03, -7.65825E-03, -7.22660E-03, -6.82323E-03, -6.44642E-03, -6.09442E-03, -5.76549E-03, -5.45795E-03,
 -5.60317E-03, -5.88825E-03, -6.19333E-03, -6.52005E-03, -6.87012E-03, -7.24516E-03, -7.64663E-03, -8.07557E-03, -8.53227E-03, -9.01579E-03, -9.52327E-03, -1.00489E-02, -1.05829E-02, -1.11092E-02, -1.16037E-02, -1.20311E-02, -1.23410E-02,NA,NA,NA,NA,NA,NA,NA,NA,NA,NA,NA,NA,NA,NA,NA,NA,NA,NA,NA,NA,NA,NA,NA,NA,NA,NA,NA,NA,NA,NA,NA,NA,NA,NA,NA,NA,NA,NA,NA,NA,NA,NA,NA,NA,NA, -1.48463E-02, -1.46166E-02, -1.41866E-02, -1.36282E-02, -1.29949E-02, -1.23256E-02, -1.16480E-02, -1.09810E-02, -1.03368E-02, -9.72285E-03, -9.14302E-03, -8.59884E-03, -8.09023E-03, -7.61606E-03, -7.17464E-03, -6.76395E-03, -6.38185E-03, -6.02621E-03, -5.69499E-03, -5.38626E-03,
 -5.58613E-03, -5.87888E-03, -6.19350E-03, -6.53203E-03, -6.89661E-03, -7.28940E-03, -7.71250E-03, -8.16770E-03, -8.65619E-03, -9.17811E-03, -9.73189E-03, -1.03133E-02, -1.09142E-02, -1.15209E-02, -1.21118E-02, -1.26549E-02, -1.31035E-02,NA,NA,NA,NA,NA,NA,NA,NA,NA,NA,NA,NA,NA,NA,NA,NA,NA,NA,NA,NA,NA,NA,NA,NA,NA,NA,NA,NA,NA,NA,NA,NA,NA,NA,NA,NA,NA,NA,NA,NA,NA,NA,NA,NA,NA,NA, -1.49952E-02, -1.44995E-02, -1.38797E-02, -1.31906E-02, -1.24716E-02, -1.17505E-02, -1.10460E-02, -1.03701E-02, -9.72967E-03, -9.12814E-03, -8.56644E-03, -8.04393E-03, -7.55898E-03, -7.10939E-03, -6.69273E-03, -6.30648E-03, -5.94820E-03, -5.61555E-03, -5.30636E-03,
 -5.56119E-03, -5.86067E-03, -6.18376E-03, -6.53281E-03, -6.91039E-03, -7.31915E-03, -7.76177E-03, -8.24073E-03, -8.75807E-03, -9.31494E-03, -9.91096E-03, -1.05434E-02, -1.12058E-02, -1.18866E-02, -1.25670E-02, -1.32180E-02, -1.37971E-02,NA,NA,NA,NA,NA,NA,NA,NA,NA,NA,NA,NA,NA,NA,NA,NA,NA,NA,NA,NA,NA,NA,NA,NA,NA,NA,NA,NA,NA,NA,NA,NA,NA,NA,NA,NA,NA,NA,NA,NA,NA,NA,NA,NA,NA,NA, -1.52346E-02, -1.46994E-02, -1.40390E-02, -1.33104E-02, -1.25547E-02, -1.18006E-02, -1.10671E-02, -1.03664E-02, -9.70507E-03, -9.08638E-03, -8.51088E-03, -7.97753E-03, -7.48432E-03, -7.02868E-03, -6.60782E-03, -6.21891E-03, -5.85924E-03, -5.52623E-03, -5.21752E-03,
 -5.52715E-03, -5.83221E-03, -6.16239E-03, -6.52036E-03, -6.90903E-03, -7.33149E-03, -7.79093E-03, -8.29046E-03, -8.83287E-03, -9.42020E-03, -1.00532E-02, -1.07303E-02, -1.14469E-02, -1.21934E-02, -1.29532E-02, -1.37007E-02, -1.43974E-02,NA,NA,NA,NA,NA,NA,NA,NA,NA,NA,NA,NA,NA,NA,NA,NA,NA,NA,NA,NA,NA,NA,NA,NA,NA,NA,NA,NA,NA,NA,NA,NA,NA,NA,NA,NA,NA,NA,NA,NA,NA,NA,NA,NA,NA,NA,NA, -1.47687E-02, -1.40912E-02, -1.33419E-02, -1.25647E-02, -1.17897E-02, -1.10371E-02, -1.03196E-02, -9.64399E-03, -9.01354E-03, -8.42869E-03, -7.88818E-03, -7.38976E-03, -6.93060E-03, -6.50766E-03, -6.11789E-03, -5.75833E-03, -5.42625E-03, -5.11910E-03,
 -5.48298E-03, -5.79225E-03, -6.12790E-03, -6.49287E-03, -6.89037E-03, -7.32385E-03, -7.79693E-03, -8.31325E-03, -8.87621E-03, -9.48863E-03, -1.01522E-02, -1.08665E-02, -1.16284E-02, -1.24299E-02, -1.32568E-02, -1.40862E-02, -1.48832E-02, -1.55975E-02,NA,NA,NA,NA,NA,NA,NA,NA,NA,NA,NA,NA,NA,NA,NA,NA,NA,NA,NA,NA,NA,NA,NA,NA,NA,NA,NA,NA,NA,NA,NA,NA,NA,NA,NA,NA,NA,NA,NA,NA,NA,NA,NA,NA,NA,NA, -1.46959E-02, -1.40261E-02, -1.32763E-02, -1.24937E-02, -1.17111E-02, -1.09504E-02, -1.02249E-02, -9.54241E-03, -8.90627E-03, -8.31708E-03, -7.77358E-03, -7.27340E-03, -6.81361E-03, -6.39101E-03, -6.00239E-03, -5.64467E-03, -5.31497E-03, -5.01062E-03,
 -5.42780E-03, -5.73973E-03, -6.07904E-03, -6.44887E-03, -6.85266E-03, -7.29413E-03, -7.77726E-03, -8.30609E-03, -8.88453E-03, -9.51599E-03, -1.02029E-02, -1.09459E-02, -1.17427E-02, -1.25872E-02, -1.34668E-02, -1.43610E-02, -1.52380E-02, -1.60514E-02,NA,NA,NA,NA,NA,NA,NA,NA,NA,NA,NA,NA,NA,NA,NA,NA,NA,NA,NA,NA,NA,NA,NA,NA,NA,NA,NA,NA,NA,NA,NA,NA,NA,NA,NA,NA,NA,NA,NA,NA,NA,NA,NA,NA,NA,NA, -1.44763E-02, -1.38390E-02, -1.31087E-02, -1.23374E-02, -1.15609E-02, -1.08032E-02, -1.00792E-02, -9.39756E-03, -8.76220E-03, -8.17405E-03, -7.63203E-03, -7.13385E-03, -6.67656E-03, -6.25693E-03, -5.87167E-03, -5.51765E-03, -5.19190E-03, -4.89169E-03,
 -5.36090E-03, -5.67382E-03, -6.01483E-03, -6.38719E-03, -6.79451E-03, -7.24072E-03, -7.73002E-03, -8.26675E-03, -8.85516E-03, -9.49913E-03, -1.02016E-02, -1.09639E-02, -1.17848E-02, -1.26590E-02, -1.35756E-02, -1.45158E-02, -1.54503E-02, -1.63358E-02,NA,NA,NA,NA,NA,NA,NA,NA,NA,NA,NA,NA,NA,NA,NA,NA,NA,NA,NA,NA,NA,NA,NA,NA,NA,NA,NA,NA,NA,NA,NA,NA,NA,NA,NA,NA,NA,NA,NA,NA,NA,NA,NA,NA,NA,NA,NA, -1.35305E-02, -1.28388E-02, -1.20945E-02, -1.13374E-02, -1.05940E-02, -9.88089E-03, -9.20795E-03, -8.57997E-03, -7.99841E-03, -7.46253E-03, -6.97025E-03, -6.51874E-03, -6.10483E-03, -5.72527E-03, -5.37691E-03, -5.05677E-03, -4.76212E-03,
 -5.28179E-03, -5.59395E-03, -5.93458E-03, -6.30702E-03, -6.71498E-03, -7.16250E-03, -7.65392E-03, -8.19374E-03, -8.78642E-03, -9.43610E-03, -1.01461E-02, -1.09181E-02, -1.17515E-02, -1.26418E-02, -1.35791E-02, -1.45459E-02, -1.55145E-02, -1.64437E-02, -1.72750E-02,NA,NA,NA,NA,NA,NA,NA,NA,NA,NA,NA,NA,NA,NA,NA,NA,NA,NA,NA,NA,NA,NA,NA,NA,NA,NA,NA,NA,NA,NA,NA,NA,NA,NA,NA,NA,NA,NA,NA,NA,NA,NA,NA,NA,NA,NA, -1.31064E-02, -1.24699E-02, -1.17672E-02, -1.10418E-02, -1.03231E-02, -9.62994E-03, -8.97339E-03, -8.35930E-03, -7.78983E-03, -7.26474E-03, -6.78229E-03, -6.33988E-03, -5.93450E-03, -5.56301E-03, -5.22232E-03, -4.90951E-03, -4.62187E-03,
 -5.19019E-03, -5.49977E-03, -5.83789E-03, -6.20792E-03, -6.61358E-03, -7.05894E-03, -7.54836E-03, -8.08640E-03, -8.67758E-03, -9.32612E-03, -1.00355E-02, -1.08076E-02, -1.16421E-02, -1.25349E-02, -1.34767E-02, -1.44509E-02, -1.54306E-02, -1.63761E-02, -1.72302E-02,NA,NA,NA,NA,NA,NA,NA,NA,NA,NA,NA,NA,NA,NA,NA,NA,NA,NA,NA,NA,NA,NA,NA,NA,NA,NA,NA,NA,NA,NA,NA,NA,NA,NA,NA,NA,NA,NA,NA,NA,NA,NA,NA,NA,NA,NA, -1.25773E-02, -1.20095E-02, -1.13603E-02, -1.06774E-02, -9.99300E-03, -9.32795E-03, -8.69494E-03, -8.10090E-03, -7.54881E-03, -7.03902E-03, -6.57024E-03, -6.14020E-03, -5.74612E-03, -5.38505E-03, -5.05404E-03, -4.75026E-03, -4.47108E-03,
 -5.08602E-03, -5.39122E-03, -5.72471E-03, -6.08983E-03, -6.49026E-03, -6.93001E-03, -7.41338E-03, -7.94484E-03, -8.52887E-03, -9.16961E-03, -9.87045E-03, -1.06334E-02, -1.14580E-02, -1.23404E-02, -1.32714E-02, -1.42348E-02, -1.52042E-02, -1.61405E-02, -1.69871E-02,NA,NA,NA,NA,NA,NA,NA,NA,NA,NA,NA,NA,NA,NA,NA,NA,NA,NA,NA,NA,NA,NA,NA,NA,NA,NA,NA,NA,NA,NA,NA,NA,NA,NA,NA,NA,NA,NA,NA,NA,NA,NA,NA,NA,NA,NA, -1.19571E-02, -1.14675E-02, -1.08812E-02, -1.02496E-02, -9.60752E-03, -8.97786E-03, -8.37482E-03, -7.80645E-03, -7.27663E-03, -6.78636E-03, -6.33489E-03, -5.92032E-03, -5.54022E-03, -5.19185E-03, -4.87246E-03, -4.57937E-03, -4.31007E-03,
 -4.96943E-03, -5.26846E-03, -5.59524E-03, -5.95303E-03, -6.34538E-03, -6.77619E-03, -7.24960E-03, -7.76992E-03, -8.34142E-03, -8.96804E-03, -9.65297E-03, -1.03980E-02, -1.12025E-02, -1.20625E-02, -1.29688E-02, -1.39051E-02, -1.48453E-02, -1.57502E-02, -1.65634E-02,NA,NA,NA,NA,NA,NA,NA,NA,NA,NA,NA,NA,NA,NA,NA,NA,NA,NA,NA,NA,NA,NA,NA,NA,NA,NA,NA,NA,NA,NA,NA,NA,NA,NA,NA,NA,NA,NA,NA,NA,NA,NA,NA,NA,NA,NA, -1.12625E-02, -1.08564E-02, -1.03392E-02, -9.76540E-03, -9.17204E-03, -8.58377E-03, -8.01618E-03, -7.47843E-03, -6.97525E-03, -6.50834E-03, -6.07750E-03, -5.68131E-03, -5.31766E-03, -4.98413E-03, -4.67820E-03, -4.39738E-03, -4.13931E-03,
 -4.84075E-03, -5.13190E-03, -5.45000E-03, -5.79814E-03, -6.17972E-03, -6.59845E-03, -7.05825E-03, -7.56315E-03, -8.11714E-03, -8.72385E-03, -9.38612E-03, -1.01054E-02, -1.08807E-02, -1.17078E-02, -1.25772E-02, -1.34725E-02, -1.43674E-02, -1.52228E-02, -1.59825E-02,NA,NA,NA,NA,NA,NA,NA,NA,NA,NA,NA,NA,NA,NA,NA,NA,NA,NA,NA,NA,NA,NA,NA,NA,NA,NA,NA,NA,NA,NA,NA,NA,NA,NA,NA,NA,NA,NA,NA,NA,NA,NA,NA,NA,NA,NA, -1.05108E-02, -1.01895E-02, -9.74472E-03, -9.23289E-03, -8.69288E-03, -8.15068E-03, -7.62301E-03, -7.12002E-03, -6.64723E-03, -6.20704E-03, -5.79980E-03, -5.42457E-03, -5.07963E-03, -4.76290E-03, -4.47211E-03, -4.20502E-03, -3.95945E-03,
 -4.70051E-03, -4.98218E-03, -5.28972E-03, -5.62607E-03, -5.99440E-03, -6.39817E-03, -6.84101E-03, -7.32664E-03, -7.85865E-03, -8.44029E-03, -9.07394E-03, -9.76058E-03, -1.04989E-02, -1.12841E-02, -1.21065E-02, -1.29494E-02, -1.37865E-02, -1.45788E-02, -1.52702E-02,NA,NA,NA,NA,NA,NA,NA,NA,NA,NA,NA,NA,NA,NA,NA,NA,NA,NA,NA,NA,NA,NA,NA,NA,NA,NA,NA,NA,NA,NA,NA,NA,NA,NA,NA,NA,NA,NA,NA,NA,NA,NA,NA,NA,NA,NA, -9.71944E-03, -9.48053E-03, -9.10849E-03, -8.66073E-03, -8.17699E-03, -7.68418E-03, -7.19985E-03, -6.73491E-03, -6.29560E-03, -5.88495E-03, -5.50384E-03, -5.15182E-03, -4.82758E-03, -4.52938E-03, -4.25525E-03, -4.00320E-03, -3.77125E-03,
 -4.54941E-03, -4.82012E-03, -5.11542E-03, -5.43801E-03, -5.79085E-03, -6.17709E-03, -6.60001E-03, -7.06296E-03, -7.56912E-03, -8.12123E-03, -8.72122E-03, -9.36952E-03, -1.00643E-02, -1.08005E-02, -1.15679E-02, -1.23497E-02, -1.31197E-02, -1.38394E-02, -1.44536E-02,NA,NA,NA,NA,NA,NA,NA,NA,NA,NA,NA,NA,NA,NA,NA,NA,NA,NA,NA,NA,NA,NA,NA,NA,NA,NA,NA,NA,NA,NA,NA,NA,NA,NA,NA,NA,NA,NA,NA,NA,NA,NA,NA,NA,NA,NA, -8.90422E-03, -8.74248E-03, -8.44128E-03, -8.05770E-03, -7.63161E-03, -7.19022E-03, -6.75159E-03, -6.32716E-03, -5.92373E-03, -5.54487E-03, -5.19197E-03, -4.86504E-03, -4.56317E-03, -4.28498E-03, -4.02882E-03, -3.79295E-03, -3.57563E-03,
 -4.38828E-03, -4.64671E-03, -4.92825E-03, -5.23538E-03, -5.57076E-03, -5.93722E-03, -6.33768E-03, -6.77508E-03, -7.25211E-03, -7.77104E-03, -8.33323E-03, -8.93863E-03, -9.58492E-03, -1.02665E-02, -1.09731E-02, -1.16877E-02, -1.23847E-02, -1.30262E-02, -1.35587E-02,NA,NA,NA,NA,NA,NA,NA,NA,NA,NA,NA,NA,NA,NA,NA,NA,NA,NA,NA,NA,NA,NA,NA,NA,NA,NA,NA,NA,NA,NA,NA,NA,NA,NA,NA,NA,NA,NA,NA,NA,NA,NA,NA,NA,NA,NA, -8.07893E-03, -7.98720E-03, -7.75315E-03, -7.43236E-03, -7.06393E-03, -6.67487E-03, -6.28333E-03, -5.90104E-03, -5.53521E-03, -5.18983E-03, -4.86675E-03, -4.56639E-03, -4.28824E-03, -4.03128E-03, -3.79416E-03, -3.57543E-03, -3.37358E-03,
 -4.21808E-03, -4.46308E-03, -4.72957E-03, -5.01975E-03, -5.33601E-03, -5.68082E-03, -6.05672E-03, -6.46620E-03, -6.91150E-03, -7.39434E-03, -7.91558E-03, -8.47463E-03, -9.06872E-03, -9.69190E-03, -1.03337E-02, -1.09775E-02, -1.15981E-02, -1.21591E-02, -1.26093E-02,NA,NA,NA,NA,NA,NA,NA,NA,NA,NA,NA,NA,NA,NA,NA,NA,NA,NA,NA,NA,NA,NA,NA,NA,NA,NA,NA,NA,NA,NA,NA,NA,NA,NA,NA,NA,NA,NA,NA,NA,NA,NA,NA,NA,NA,NA, -7.25478E-03, -7.22491E-03, -7.05322E-03, -6.79266E-03, -6.48086E-03, -6.14407E-03, -5.80015E-03, -5.46090E-03, -5.13372E-03, -4.82297E-03, -4.53084E-03, -4.25815E-03, -4.00475E-03, -3.76995E-03, -3.55272E-03, -3.35189E-03, -3.16618E-03,
 -4.03989E-03, -4.27048E-03, -4.52083E-03, -4.79285E-03, -5.08863E-03, -5.41028E-03, -5.75997E-03, -6.13973E-03, -6.55131E-03, -6.99595E-03, -7.47397E-03, -7.98432E-03, -8.52381E-03, -9.08625E-03, -9.66118E-03, -1.02323E-02, -1.07755E-02, -1.12562E-02, -1.16261E-02, -1.18190E-02,NA,NA,NA,NA,NA,NA,NA,NA,NA,NA,NA,NA,NA,NA,NA,NA,NA,NA,NA,NA,NA,NA,NA,NA,NA,NA,NA,NA,NA,NA,NA,NA,NA,NA,NA,NA,NA,NA,NA,NA,NA,NA,NA,NA,NA, -6.44033E-03, -6.46407E-03, -6.34943E-03, -6.14587E-03, -5.88887E-03, -5.60349E-03, -5.30701E-03, -5.01101E-03, -4.72298E-03, -4.44748E-03, -4.18700E-03, -3.94268E-03, -3.71471E-03, -3.50274E-03, -3.30601E-03, -3.12363E-03, -2.95458E-03,
 -3.85482E-03, -4.07024E-03, -4.30357E-03, -4.55648E-03, -4.83074E-03, -5.12811E-03, -5.45037E-03, -5.79910E-03, -6.17561E-03, -6.58064E-03, -7.01405E-03, -7.47433E-03, -7.95799E-03, -8.45866E-03, -8.96605E-03, -9.46446E-03, -9.93101E-03, -1.03333E-02, -1.06266E-02, -1.07502E-02,NA,NA,NA,NA,NA,NA,NA,NA,NA,NA,NA,NA,NA,NA,NA,NA,NA,NA,NA,NA,NA,NA,NA,NA,NA,NA,NA,NA,NA,NA,NA,NA,NA,NA,NA,NA,NA,NA,NA,NA,NA,NA,NA,NA, -5.37755E-03, -5.64174E-03, -5.71146E-03, -5.64855E-03, -5.49838E-03, -5.29386E-03, -5.05847E-03, -4.80863E-03, -4.55554E-03, -4.30661E-03, -4.06651E-03, -3.83795E-03, -3.62234E-03, -3.42019E-03, -3.23142E-03, -3.05558E-03, -2.89201E-03, -2.73994E-03,
 -3.66408E-03, -3.86372E-03, -4.07939E-03, -4.31250E-03, -4.56450E-03, -4.83682E-03, -5.13084E-03, -5.44776E-03, -5.78841E-03, -6.15311E-03, -6.54127E-03, -6.95102E-03, -7.37860E-03, -7.81761E-03, -8.25803E-03, -8.68491E-03, -9.07684E-03, -9.40390E-03, -9.62519E-03, -9.68570E-03,NA,NA,NA,NA,NA,NA,NA,NA,NA,NA,NA,NA,NA,NA,NA,NA,NA,NA,NA,NA,NA,NA,NA,NA,NA,NA,NA,NA,NA,NA,NA,NA,NA,NA,NA,NA,NA,NA,NA,NA,NA,NA,NA,NA, -4.57365E-03, -4.86323E-03, -4.97234E-03, -4.95622E-03, -4.85581E-03, -4.70114E-03, -4.51388E-03, -4.30942E-03, -4.09842E-03, -3.88809E-03, -3.68311E-03, -3.48637E-03, -3.29948E-03, -3.12322E-03, -2.95778E-03, -2.80296E-03, -2.65837E-03, -2.52345E-03,
 -3.46887E-03, -3.65231E-03, -3.84989E-03, -4.06276E-03, -4.29206E-03, -4.53890E-03, -4.80430E-03, -5.08905E-03, -5.39360E-03, -5.71784E-03, -6.06081E-03, -6.42033E-03, -6.79245E-03, -7.17082E-03, -7.54579E-03, -7.90330E-03, -8.22352E-03, -8.47911E-03, -8.63315E-03, -8.63647E-03,NA,NA,NA,NA,NA,NA,NA,NA,NA,NA,NA,NA,NA,NA,NA,NA,NA,NA,NA,NA,NA,NA,NA,NA,NA,NA,NA,NA,NA,NA,NA,NA,NA,NA,NA,NA,NA,NA,NA,NA,NA,NA,NA,NA, -3.79883E-03, -4.10761E-03, -4.25085E-03, -4.27716E-03, -4.22300E-03, -4.11541E-03, -3.97416E-03, -3.81345E-03, -3.64333E-03, -3.47071E-03, -3.30021E-03, -3.13482E-03, -2.97635E-03, -2.82578E-03, -2.68355E-03, -2.54970E-03, -2.42406E-03, -2.30629E-03,
 -3.27039E-03, -3.43741E-03, -3.61669E-03, -3.80911E-03, -4.01554E-03, -4.23679E-03, -4.47353E-03, -4.72619E-03, -4.99485E-03, -5.27904E-03, -5.57747E-03, -5.88771E-03, -6.20570E-03, -6.52519E-03, -6.83699E-03, -7.12798E-03, -7.37996E-03, -7.56819E-03, -7.65964E-03, -7.61078E-03, -7.36493E-03,NA,NA,NA,NA,NA,NA,NA,NA,NA,NA,NA,NA,NA,NA,NA,NA,NA,NA,NA,NA,NA,NA,NA,NA,NA,NA,NA,NA,NA,NA,NA,NA,NA,NA,NA,NA,NA,NA,NA,NA,NA,NA, -2.52278E-03, -3.05288E-03, -3.37693E-03, -3.55029E-03, -3.61532E-03, -3.60415E-03, -3.54086E-03, -3.44328E-03, -3.32443E-03, -3.19365E-03, -3.05751E-03, -2.92053E-03, -2.78576E-03, -2.65511E-03, -2.52979E-03, -2.41041E-03, -2.29727E-03, -2.19038E-03, -2.08962E-03,
 -3.06985E-03, -3.22038E-03, -3.38132E-03, -3.55331E-03, -3.73697E-03, -3.93280E-03, -4.14117E-03, -4.36219E-03, -4.59560E-03, -4.84061E-03, -5.09565E-03, -5.35810E-03, -5.62385E-03, -5.88682E-03, -6.13829E-03, -6.36611E-03, -6.55368E-03, -6.67876E-03, -6.71199E-03, -6.61509E-03, -6.33866E-03,NA,NA,NA,NA,NA,NA,NA,NA,NA,NA,NA,NA,NA,NA,NA,NA,NA,NA,NA,NA,NA,NA,NA,NA,NA,NA,NA,NA,NA,NA,NA,NA,NA,NA,NA,NA,NA,NA,NA,NA,NA,NA, -1.81443E-03, -2.33564E-03, -2.67285E-03, -2.87346E-03, -2.97412E-03, -3.00291E-03, -2.98114E-03, -2.92478E-03, -2.84567E-03, -2.75244E-03, -2.65129E-03, -2.54661E-03, -2.44142E-03, -2.33779E-03, -2.23703E-03, -2.13997E-03, -2.04709E-03, -1.95859E-03, -1.87454E-03,
 -2.86841E-03, -3.00255E-03, -3.14530E-03, -3.29708E-03, -3.45828E-03, -3.62913E-03, -3.80971E-03, -3.99985E-03, -4.19899E-03, -4.40608E-03, -4.61931E-03, -4.83592E-03, -5.05178E-03, -5.26101E-03, -5.45541E-03, -5.62375E-03, -5.75097E-03, -5.81714E-03, -5.79627E-03, -5.65477E-03, -5.34971E-03, -4.82648E-03,NA,NA,NA,NA,NA,NA,NA,NA,NA,NA,NA,NA,NA,NA,NA,NA,NA,NA,NA,NA,NA,NA,NA,NA,NA,NA,NA,NA,NA,NA,NA,NA,NA,NA,NA,NA,NA,NA,NA,NA,NA, -1.13372E-03, -1.64754E-03, -1.99710E-03, -2.22289E-03, -2.35652E-03, -2.42246E-03, -2.43947E-03, -2.42180E-03, -2.38015E-03, -2.32248E-03, -2.25460E-03, -2.18074E-03, -2.10391E-03, -2.02623E-03, -1.94917E-03, -1.87371E-03, -1.80048E-03, -1.72987E-03, -1.66211E-03,
 -2.66719E-03, -2.78516E-03, -2.91003E-03, -3.04202E-03, -3.18126E-03, -3.32779E-03, -3.48142E-03, -3.64171E-03, -3.80788E-03, -3.97862E-03, -4.15195E-03, -4.32500E-03, -4.49368E-03, -4.65231E-03, -4.79320E-03, -4.90601E-03, -4.97709E-03, -4.98861E-03, -4.91757E-03, -4.73455E-03, -4.40215E-03, -3.87312E-03,NA,NA,NA,NA,NA,NA,NA,NA,NA,NA,NA,NA,NA,NA,NA,NA,NA,NA,NA,NA,NA,NA,NA,NA,NA,NA,NA,NA,NA,NA,NA,NA,NA,NA,NA,NA,NA,NA,NA,NA,  2.18975E-04, -4.80907E-04, -9.89783E-04, -1.35159E-03, -1.60099E-03, -1.76524E-03, -1.86564E-03, -1.91868E-03, -1.93707E-03, -1.93047E-03, -1.90618E-03, -1.86967E-03, -1.82497E-03, -1.77508E-03, -1.72215E-03, -1.66775E-03, -1.61300E-03, -1.55868E-03, -1.50533E-03, -1.45332E-03,
 -2.46723E-03, -2.56941E-03, -2.67685E-03, -2.78959E-03, -2.90759E-03, -3.03064E-03, -3.15835E-03, -3.29008E-03, -3.42480E-03, -3.56102E-03, -3.69664E-03, -3.82869E-03, -3.95315E-03, -4.06458E-03, -4.15575E-03, -4.21715E-03, -4.23642E-03, -4.19759E-03, -4.08031E-03, -3.85871E-03, -3.50018E-03, -2.96362E-03, -2.19726E-03,NA,NA,NA,NA,NA,NA,NA,NA,NA,NA,NA,NA,NA,NA,NA,NA,NA,NA,NA,NA,NA,NA,NA,NA,NA,NA,NA,NA,NA,NA,NA,NA,NA,NA,NA,NA,NA,NA,  1.71259E-03,  8.18681E-04,  1.42205E-04, -3.64322E-04, -7.38490E-04, -1.01009E-03, -1.20271E-03, -1.33490E-03, -1.42122E-03, -1.47296E-03, -1.49888E-03, -1.50569E-03, -1.49848E-03, -1.48114E-03, -1.45660E-03, -1.42705E-03, -1.39414E-03, -1.35909E-03, -1.32281E-03, -1.28598E-03, -1.24907E-03,
 -2.26953E-03, -2.35638E-03, -2.44696E-03, -2.54116E-03, -2.63875E-03, -2.73934E-03, -2.84236E-03, -2.94697E-03, -3.05196E-03, -3.15571E-03, -3.25599E-03, -3.34981E-03, -3.43322E-03, -3.50101E-03, -3.54641E-03, -3.56066E-03, -3.53255E-03, -3.44777E-03, -3.28825E-03, -3.03120E-03, -2.64806E-03, -2.10297E-03, -1.35077E-03, -3.34228E-04,NA,NA,NA,NA,NA,NA,NA,NA,NA,NA,NA,NA,NA,NA,NA,NA,NA,NA,NA,NA,NA,NA,NA,NA,NA,NA,NA,NA,NA,NA,NA,NA,NA,NA,NA,NA,NA,  2.24286E-03,  1.39118E-03,  7.32618E-04,  2.26307E-04, -1.60130E-04, -4.52443E-04, -6.71117E-04, -8.32405E-04, -9.49158E-04, -1.03149E-03, -1.08730E-03, -1.12278E-03, -1.14271E-03, -1.15081E-03, -1.14992E-03, -1.14227E-03, -1.12956E-03, -1.11309E-03, -1.09389E-03, -1.07272E-03, -1.05021E-03,
 -2.07497E-03, -2.14707E-03, -2.22149E-03, -2.29795E-03, -2.37610E-03, -2.45538E-03, -2.53505E-03, -2.61413E-03, -2.69128E-03, -2.76473E-03, -2.83220E-03, -2.89069E-03, -2.93634E-03, -2.96418E-03, -2.96786E-03, -2.93933E-03, -2.86836E-03, -2.74213E-03, -2.54455E-03, -2.25550E-03, -1.84987E-03, -1.29628E-03, -5.55260E-04,  4.23181E-04,NA,NA,NA,NA,NA,NA,NA,NA,NA,NA,NA,NA,NA,NA,NA,NA,NA,NA,NA,NA,NA,NA,NA,NA,NA,NA,NA,NA,NA,NA,NA,NA,NA,NA,NA,NA,  3.78381E-03,  2.74878E-03,  1.93140E-03,  1.28670E-03,  7.79306E-04,  3.81165E-04,  6.98995E-05, -1.72376E-04, -3.59956E-04, -5.04238E-04, -6.14292E-04, -6.97307E-04, -7.58975E-04, -8.03787E-04, -8.35288E-04, -8.56270E-04, -8.68941E-04, -8.75042E-04, -8.75956E-04, -8.72777E-04, -8.66380E-04, -8.57461E-04,
 -1.88439E-03, -1.94239E-03, -2.00140E-03, -2.06104E-03, -2.12080E-03, -2.18001E-03, -2.23780E-03, -2.29306E-03, -2.34433E-03, -2.38978E-03, -2.42707E-03, -2.45322E-03, -2.46447E-03, -2.45611E-03, -2.42219E-03, -2.35526E-03, -2.24604E-03, -2.08298E-03, -1.85173E-03, -1.53449E-03, -1.10917E-03, -5.48277E-04,  1.82658E-04,  1.12719E-03,  2.34101E-03,NA,NA,NA,NA,NA,NA,NA,NA,NA,NA,NA,NA,NA,NA,NA,NA,NA,NA,NA,NA,NA,NA,NA,NA,NA,NA,NA,NA,NA,NA,NA,NA,NA,NA,  5.43193E-03,  4.20507E-03,  3.22246E-03,  2.43400E-03,  1.80072E-03,  1.29194E-03,  8.83259E-04,  5.55154E-04,  2.91941E-04,  8.10008E-05, -8.78206E-05, -2.22684E-04, -3.30142E-04, -4.15453E-04, -4.82831E-04, -5.35660E-04, -5.76658E-04, -6.08012E-04, -6.31487E-04, -6.48513E-04, -6.60251E-04, -6.67646E-04, -6.71472E-04,
 -1.69851E-03, -1.74313E-03, -1.78757E-03, -1.83136E-03, -1.87387E-03, -1.91434E-03, -1.95178E-03, -1.98498E-03, -2.01243E-03, -2.03221E-03, -2.04199E-03, -2.03882E-03, -2.01908E-03, -1.97828E-03, -1.91086E-03, -1.80995E-03, -1.66710E-03, -1.47191E-03, -1.21156E-03, -8.70313E-04, -4.28734E-04,  1.37223E-04,  8.57532E-04,  1.76988E-03,  2.92217E-03,  4.37596E-03,NA,NA,NA,NA,NA,NA,NA,NA,NA,NA,NA,NA,NA,NA,NA,NA,NA,NA,NA,NA,NA,NA,NA,NA,NA,NA,NA,NA,NA,NA,NA,NA,  7.17036E-03,  5.74552E-03,  4.59289E-03,  3.65676E-03,  2.89413E-03,  2.27135E-03,  1.76185E-03,  1.34440E-03,  1.00193E-03,  7.20658E-04,  4.89406E-04,  2.99104E-04,  1.42387E-04,  1.32694E-05, -9.31113E-05, -1.80713E-04, -2.52760E-04, -3.11886E-04, -3.60246E-04, -3.99611E-04, -4.31441E-04, -4.56941E-04, -4.77115E-04, -4.92796E-04,
 -1.51797E-03, -1.54998E-03, -1.58075E-03, -1.60971E-03, -1.63616E-03, -1.65925E-03, -1.67792E-03, -1.69089E-03, -1.69658E-03, -1.69306E-03, -1.67801E-03, -1.64855E-03, -1.60119E-03, -1.53167E-03, -1.43482E-03, -1.30430E-03, -1.13242E-03, -9.09815E-04, -6.25064E-04, -2.64241E-04,  1.89688E-04,  7.57660E-04,  1.46557E-03,  2.34571E-03,  3.43871E-03,  4.79619E-03,  6.48410E-03,NA,NA,NA,NA,NA,NA,NA,NA,NA,NA,NA,NA,NA,NA,NA,NA,NA,NA,NA,NA,NA,NA,NA,NA,NA,NA,NA,NA,NA,NA,  8.96702E-03,  7.34595E-03,  6.02339E-03,  4.93899E-03,  4.04602E-03,  3.30795E-03,  2.69602E-03,  2.18729E-03,  1.76336E-03,  1.40932E-03,  1.11304E-03,  8.64610E-04,  6.55922E-04,  4.80317E-04,  3.32323E-04,  2.07440E-04,  1.01957E-04,  1.28070E-05, -6.25497E-05, -1.26224E-04, -1.79976E-04, -2.25277E-04, -2.63362E-04, -2.95274E-04, -3.21890E-04,
 -1.34333E-03, -1.36353E-03, -1.38155E-03, -1.39674E-03, -1.40836E-03, -1.41547E-03, -1.41697E-03, -1.41152E-03, -1.39753E-03, -1.37307E-03, -1.33584E-03, -1.28305E-03, -1.21138E-03, -1.11680E-03, -9.94482E-04, -8.38627E-04, -6.42239E-04, -3.96897E-04, -9.24447E-05,  2.83386E-04,  7.45467E-04,  1.31190E-03,  2.00485E-03,  2.85166E-03,  3.88627E-03,  5.15111E-03,  6.69943E-03,  8.59792E-03,NA,NA,NA,NA,NA,NA,NA,NA,NA,NA,NA,NA,NA,NA,NA,NA,NA,NA,NA,NA,NA,NA,NA,NA,NA,NA,NA,NA,  1.07676E-02,  8.96718E-03,  7.48448E-03,  6.25761E-03,  5.23774E-03,  4.38636E-03,  3.67294E-03,  3.07311E-03,  2.56728E-03,  2.13954E-03,  1.77694E-03,  1.46881E-03,  1.20638E-03,  9.82395E-04,  7.90840E-04,  6.26718E-04,  4.85867E-04,  3.64814E-04,  2.60654E-04,  1.70949E-04,  9.36459E-05,  2.70109E-05, -3.04241E-05, -7.99072E-05, -1.22502E-04, -1.59119E-04,
 -1.17504E-03, -1.18427E-03, -1.19048E-03, -1.19300E-03, -1.19101E-03, -1.18355E-03, -1.16947E-03, -1.14742E-03, -1.11580E-03, -1.07271E-03, -1.01589E-03, -9.42667E-04, -8.49877E-04, -7.33751E-04, -5.89813E-04, -4.12745E-04, -1.96213E-04,  6.73230E-05,  3.86862E-04,  7.73159E-04,  1.23911E-03,  1.80024E-03,  2.47532E-03,  3.28718E-03,  4.26371E-03,  5.43912E-03,  6.85535E-03,  8.56363E-03,  1.06257E-02,NA,NA,NA,NA,NA,NA,NA,NA,NA,NA,NA,NA,NA,NA,NA,NA,NA,NA,NA,NA,NA,NA,NA,NA,NA,NA,  1.24933E-02,  1.05519E-02,  8.93360E-03,  7.58012E-03,  6.44382E-03,  5.48611E-03,  4.67587E-03,  3.98799E-03,  3.40212E-03,  2.90168E-03,  2.47304E-03,  2.10497E-03,  1.78818E-03,  1.51489E-03,  1.27865E-03,  1.07401E-03,  8.96442E-04,  7.42091E-04,  6.07725E-04,  4.90602E-04,  3.88394E-04,  2.99120E-04,  2.21086E-04,  1.52843E-04,  9.31446E-05,  4.09190E-05, -4.76037E-06,
 -1.01349E-03, -1.01258E-03, -1.00795E-03, -9.98869E-04, -9.84504E-04, -9.63861E-04, -9.35781E-04, -8.98910E-04, -8.51659E-04, -7.92169E-04, -7.18265E-04, -6.27392E-04, -5.16558E-04, -3.82250E-04, -2.20341E-04, -2.59802E-05,  2.06539E-04,  4.83938E-04,  8.14148E-04,  1.20654E-03,  1.67220E-03,  2.22432E-03,  2.87861E-03,  3.65386E-03,  4.57259E-03,  5.66181E-03,  6.95381E-03,  8.48684E-03,  1.03054E-02,  1.24596E-02,NA,NA,NA,NA,NA,NA,NA,NA,NA,NA,NA,NA,NA,NA,NA,NA,NA,NA,NA,NA,NA,NA,NA,NA,  1.40479E-02,  1.20271E-02,  1.03152E-02,  8.86384E-03,  7.63093E-03,  6.58071E-03,  5.68340E-03,  4.91438E-03,  4.25336E-03,  3.68358E-03,  3.19117E-03,  2.76458E-03,  2.39416E-03,  2.07181E-03,  1.79072E-03,  1.54514E-03,  1.33020E-03,  1.14175E-03,  9.76275E-04,  8.30770E-04,  7.02661E-04,  5.89739E-04,  4.90106E-04,  4.02123E-04,  3.24371E-04,  2.55621E-04,  1.94806E-04,  1.40995E-04,
 -8.58969E-04, -8.48766E-04, -8.34238E-04, -8.14642E-04, -7.89114E-04, -7.56657E-04, -7.16111E-04, -6.66138E-04, -6.05184E-04, -5.31449E-04, -4.42849E-04, -3.36964E-04, -2.10991E-04, -6.16707E-05,  1.14779E-04,  3.22755E-04,  5.67373E-04,  8.54589E-04,  1.19134E-03,  1.58574E-03,  2.04723E-03,  2.58690E-03,  3.21773E-03,  3.95495E-03,  4.81643E-03,  5.82306E-03,  6.99910E-03,  8.37229E-03,  9.97364E-03,  1.18363E-02,NA,NA,NA,NA,NA,NA,NA,NA,NA,NA,NA,NA,NA,NA,NA,NA,NA,NA,NA,NA,NA,NA,NA,  1.53330E-02,  1.33124E-02,  1.15651E-02,  1.00580E-02,  8.75871E-03,  7.63785E-03,  6.66938E-03,  5.83088E-03,  5.10329E-03,  4.47052E-03,  3.91897E-03,  3.43721E-03,  3.01552E-03,  2.64571E-03,  2.32078E-03,  2.03479E-03,  1.78266E-03,  1.56002E-03,  1.36314E-03,  1.18879E-03,  1.03422E-03,  8.97014E-04,  7.75093E-04,  6.66653E-04,  5.70119E-04,  4.84119E-04,  4.07452E-04,  3.39065E-04,  2.78035E-04,
 -7.11692E-04, -6.93035E-04, -6.69553E-04, -6.40492E-04, -6.04985E-04, -5.62037E-04, -5.10507E-04, -4.49086E-04, -3.76268E-04, -2.90330E-04, -1.89291E-04, -7.08785E-05,  6.75185E-05,  2.28898E-04,  4.16706E-04,  6.34903E-04,  8.88045E-04,  1.18137E-03,  1.52091E-03,  1.91360E-03,  2.36745E-03,  2.89163E-03,  3.49675E-03,  4.19496E-03,  5.00017E-03,  5.92819E-03,  6.99679E-03,  8.22546E-03,  9.63498E-03,  1.12462E-02,  1.30779E-02,NA,NA,NA,NA,NA,NA,NA,NA,NA,NA,NA,NA,NA,NA,NA,NA,NA,NA,NA,NA,NA,  1.62681E-02,  1.43343E-02,  1.26196E-02,  1.11088E-02,  9.78274E-03,  8.62101E-03,  7.60376E-03,  6.71265E-03,  5.93127E-03,  5.24520E-03,  4.64191E-03,  4.11057E-03,  3.64186E-03,  3.22774E-03,  2.86129E-03,  2.53655E-03,  2.24835E-03,  1.99224E-03,  1.76434E-03,  1.56131E-03,  1.38022E-03,  1.21852E-03,  1.07400E-03,  9.44704E-04,  8.28934E-04,  7.25188E-04,  6.32150E-04,  5.48657E-04,  4.73683E-04,  4.06323E-04,
 -5.71807E-04, -5.45516E-04, -5.13997E-04, -4.76495E-04, -4.32150E-04, -3.79986E-04, -3.18887E-04, -2.47588E-04, -1.64647E-04, -6.84248E-05,  4.29426E-05,  1.71575E-04,  3.19883E-04,  4.90608E-04,  6.86864E-04,  9.12196E-04,  1.17063E-03,  1.46674E-03,  1.80572E-03,  2.19346E-03,  2.63664E-03,  3.14281E-03,  3.72048E-03,  4.37918E-03,  5.12956E-03,  5.98329E-03,  6.95300E-03,  8.05191E-03,  9.29322E-03,  1.06890E-02,  1.22486E-02,  1.39760E-02,  1.58669E-02,NA,NA,NA,NA,NA,NA,NA,NA,NA,NA,NA,NA,NA,NA,NA,NA,NA,NA,  1.68082E-02,  1.50402E-02,  1.34260E-02,  1.19676E-02,  1.06598E-02,  9.49283E-03,  8.45471E-03,  7.53275E-03,  6.71452E-03,  5.98835E-03,  5.34360E-03,  4.77073E-03,  4.26126E-03,  3.80771E-03,  3.40351E-03,  3.04290E-03,  2.72084E-03,  2.43288E-03,  2.17515E-03,  1.94423E-03,  1.73715E-03,  1.55127E-03,  1.38426E-03,  1.23409E-03,  1.09894E-03,  9.77233E-04,  8.67542E-04,  7.68616E-04,  6.79341E-04,  5.98726E-04,  5.25892E-04,
 -4.39391E-04, -4.06264E-04, -3.67594E-04, -3.22636E-04, -2.70548E-04, -2.10378E-04, -1.41051E-04, -6.13540E-05,  3.00822E-05,  1.34802E-04,  2.54545E-04,  3.91274E-04,  5.47197E-04,  7.24800E-04,  9.26880E-04,  1.15658E-03,  1.41744E-03,  1.71341E-03,  2.04892E-03,  2.42893E-03,  2.85896E-03,  3.34511E-03,  3.89413E-03,  4.51336E-03,  5.21076E-03,  5.99473E-03,  6.87394E-03,  7.85691E-03,  8.95142E-03,  1.01636E-02,  1.14964E-02,  1.29484E-02,  1.45107E-02,  1.61656E-02,NA,NA,NA,NA,NA,NA,NA,NA,NA,NA,NA,NA,NA,NA,NA,NA,  1.69519E-02,  1.54085E-02,  1.39521E-02,  1.25983E-02,  1.13539E-02,  1.02196E-02,  9.19183E-03,  8.26432E-03,  7.42960E-03,  6.67966E-03,  6.00652E-03,  5.40255E-03,  4.86066E-03,  4.37434E-03,  3.93769E-03,  3.54543E-03,  3.19282E-03,  2.87562E-03,  2.59008E-03,  2.33284E-03,  2.10093E-03,  1.89170E-03,  1.70281E-03,  1.53215E-03,  1.37786E-03,  1.23828E-03,  1.11193E-03,  9.97483E-04,  8.93753E-04,  7.99683E-04,  7.14326E-04,  6.36834E-04,
 -3.14461E-04, -2.75266E-04, -2.30295E-04, -1.78822E-04, -1.20027E-04, -5.29958E-05,  2.33011E-05,  1.10015E-04,  2.08436E-04,  3.20006E-04,  4.46336E-04,  5.89229E-04,  7.50691E-04,  9.32962E-04,  1.13853E-03,  1.37017E-03,  1.63094E-03,  1.92426E-03,  2.25385E-03,  2.62384E-03,  3.03873E-03,  3.50340E-03,  4.02309E-03,  4.60336E-03,  5.25000E-03,  5.96885E-03,  6.76558E-03,  7.64531E-03,  8.61202E-03,  9.66784E-03,  1.08120E-02,  1.20398E-02,  1.33406E-02,  1.46973E-02,  1.60842E-02,  1.74668E-02,  1.88018E-02,NA,NA,NA,NA,NA,NA,NA,NA,NA,NA,  1.92565E-02,  1.80198E-02,  1.67376E-02,  1.54507E-02,  1.41915E-02,  1.29833E-02,  1.18418E-02,  1.07760E-02,  9.78971E-03,  8.88331E-03,  8.05446E-03,  7.29929E-03,  6.61302E-03,  5.99048E-03,  5.42640E-03,  4.91565E-03,  4.45336E-03,  4.03497E-03,  3.65629E-03,  3.31347E-03,  3.00302E-03,  2.72178E-03,  2.46689E-03,  2.23577E-03,  2.02610E-03,  1.83581E-03,  1.66300E-03,  1.50600E-03,  1.36329E-03,  1.23349E-03,  1.11539E-03,  1.00786E-03,  9.09926E-04,  8.20673E-04,  7.39298E-04,
 -1.96978E-04, -1.52450E-04, -1.01988E-04, -4.48882E-05,  1.96352E-05,  9.24576E-05,  1.74554E-04,  2.67008E-04,  3.71024E-04,  4.87939E-04,  6.19235E-04,  7.66551E-04,  9.31700E-04,  1.11668E-03,  1.32369E-03,  1.55515E-03,  1.81371E-03,  2.10225E-03,  2.42390E-03,  2.78205E-03,  3.18032E-03,  3.62254E-03,  4.11271E-03,  4.65493E-03,  5.25328E-03,  5.91165E-03,  6.63349E-03,  7.42146E-03,  8.27699E-03,  9.19968E-03,  1.01866E-02,  1.12313E-02,  1.23231E-02,  1.34463E-02,  1.45791E-02,  1.56942E-02,  1.67583E-02,  1.77347E-02,  1.85844E-02,  1.92701E-02,  1.97597E-02,  2.00295E-02,  2.00674E-02,  1.98741E-02,  1.94631E-02,  1.88589E-02,  1.80940E-02,  1.72053E-02,  1.62307E-02,  1.52059E-02,  1.41622E-02,  1.31255E-02,  1.21160E-02,  1.11480E-02,  1.02312E-02,  9.37123E-03,  8.57063E-03,  7.82959E-03,  7.14671E-03,  6.51954E-03,  5.94497E-03,  5.41956E-03,  4.93974E-03,  4.50197E-03,  4.10280E-03,  3.73896E-03,  3.40740E-03,  3.10526E-03,  2.82992E-03,  2.57896E-03,  2.35019E-03,  2.14158E-03,  1.95131E-03,  1.77771E-03,  1.61926E-03,  1.47459E-03,  1.34244E-03,  1.22170E-03,  1.11131E-03,  1.01037E-03,  9.18012E-04,  8.33480E-04,
 -8.68556E-05, -3.76918E-05,  1.74975E-05,  7.93878E-05,  1.48728E-04,  2.26347E-04,  3.13161E-04,  4.10183E-04,  5.18529E-04,  6.39429E-04,  7.74233E-04,  9.24423E-04,  1.09162E-03,  1.27760E-03,  1.48429E-03,  1.71377E-03,  1.96832E-03,  2.25035E-03,  2.56245E-03,  2.90738E-03,  3.28799E-03,  3.70724E-03,  4.16811E-03,  4.67355E-03,  5.22629E-03,  5.82873E-03,  6.48273E-03,  7.18923E-03,  7.94799E-03,  8.75707E-03,  9.61234E-03,  1.05069E-02,  1.14305E-02,  1.23693E-02,  1.33051E-02,  1.42161E-02,  1.50770E-02,  1.58600E-02,  1.65372E-02,  1.70818E-02,  1.74712E-02,  1.76891E-02,  1.77269E-02,  1.75851E-02,  1.72728E-02,  1.68069E-02,  1.62101E-02,  1.55087E-02,  1.47301E-02,  1.39010E-02,  1.30456E-02,  1.21846E-02,  1.13348E-02,  1.05092E-02,  9.71727E-03,  8.96524E-03,  8.25685E-03,  7.59386E-03,  6.97650E-03,  6.40394E-03,  5.87458E-03,  5.38636E-03,  4.93692E-03,  4.52378E-03,  4.14441E-03,  3.79634E-03,  3.47715E-03,  3.18457E-03,  2.91645E-03,  2.67077E-03,  2.44567E-03,  2.23943E-03,  2.05043E-03,  1.87722E-03,  1.71844E-03,  1.57287E-03,  1.43937E-03,  1.31690E-03,  1.20452E-03,  1.10136E-03,  1.00663E-03,  9.19618E-04,
  1.60363E-05,  6.91786E-05,  1.28379E-04,  1.94281E-04,  2.67592E-04,  3.49090E-04,  4.39633E-04,  5.40157E-04,  6.51690E-04,  7.75354E-04,  9.12371E-04,  1.06407E-03,  1.23189E-03,  1.41740E-03,  1.62225E-03,  1.84826E-03,  2.09732E-03,  2.37146E-03,  2.67279E-03,  3.00350E-03,  3.36582E-03,  3.76198E-03,  4.19414E-03,  4.66430E-03,  5.17420E-03,  5.72513E-03,  6.31779E-03,  6.95199E-03,  7.62642E-03,  8.33827E-03,  9.08292E-03,  9.85354E-03,  1.06408E-02,  1.14325E-02,  1.22139E-02,  1.29673E-02,  1.36732E-02,  1.43108E-02,  1.48593E-02,  1.52994E-02,  1.56149E-02,  1.57941E-02,  1.58310E-02,  1.57257E-02,  1.54847E-02,  1.51197E-02,  1.46469E-02,  1.40854E-02,  1.34554E-02,  1.27769E-02,  1.20687E-02,  1.13475E-02,  1.06272E-02,  9.91917E-03,  9.23220E-03,  8.57260E-03,  7.94466E-03,  7.35100E-03,  6.79290E-03,  6.27061E-03,  5.78363E-03,  5.33089E-03,  4.91100E-03,  4.52228E-03,  4.16298E-03,  3.83124E-03,  3.52524E-03,  3.24318E-03,  2.98333E-03,  2.74403E-03,  2.52372E-03,  2.32093E-03,  2.13428E-03,  1.96250E-03,  1.80439E-03,  1.65886E-03,  1.52488E-03,  1.40152E-03,  1.28792E-03,  1.18327E-03,  1.08685E-03,  9.97985E-04,
  1.11864E-04,  1.68370E-04,  2.30915E-04,  3.00107E-04,  3.76609E-04,  4.61150E-04,  5.54521E-04,  6.57586E-04,  7.71283E-04,  8.96628E-04,  1.03472E-03,  1.18674E-03,  1.35396E-03,  1.53773E-03,  1.73950E-03,  1.96079E-03,  2.20320E-03,  2.46838E-03,  2.75804E-03,  3.07390E-03,  3.41764E-03,  3.79092E-03,  4.19521E-03,  4.63182E-03,  5.10169E-03,  5.60532E-03,  6.14261E-03,  6.71262E-03,  7.31342E-03,  7.94179E-03,  8.59301E-03,  9.26064E-03,  9.93632E-03,  1.06097E-02,  1.12684E-02,  1.18985E-02,  1.24847E-02,  1.30110E-02,  1.34619E-02,  1.38232E-02,  1.40829E-02,  1.42327E-02,  1.42681E-02,  1.41892E-02,  1.40004E-02,  1.37103E-02,  1.33306E-02,  1.28752E-02,  1.23593E-02,  1.17981E-02,  1.12064E-02,  1.05974E-02,  9.98289E-03,  9.37254E-03,  8.77424E-03,  8.19403E-03,  7.63636E-03,  7.10428E-03,  6.59968E-03,  6.12352E-03,  5.67604E-03,  5.25695E-03,  4.86552E-03,  4.50076E-03,  4.16148E-03,  3.84639E-03,  3.55411E-03,  3.28327E-03,  3.03249E-03,  2.80044E-03,  2.58583E-03,  2.38741E-03,  2.20402E-03,  2.03455E-03,  1.87797E-03,  1.73330E-03,  1.59964E-03,  1.47613E-03,  1.36200E-03,  1.25652E-03,  1.15902E-03,  1.06888E-03,
  2.00826E-04,  2.60123E-04,  3.25396E-04,  3.97214E-04,  4.76197E-04,  5.63019E-04,  6.58408E-04,  7.63153E-04,  8.78105E-04,  1.00418E-03,  1.14235E-03,  1.29367E-03,  1.45924E-03,  1.64024E-03,  1.83790E-03,  2.05349E-03,  2.28834E-03,  2.54378E-03,  2.82117E-03,  3.12183E-03,  3.44701E-03,  3.79787E-03,  4.17537E-03,  4.58024E-03,  5.01287E-03,  5.47319E-03,  5.96055E-03,  6.47356E-03,  7.00995E-03,  7.56637E-03,  8.13826E-03,  8.71973E-03,  9.30340E-03,  9.88047E-03,  1.04408E-02,  1.09730E-02,  1.14652E-02,  1.19050E-02,  1.22806E-02,  1.25813E-02,  1.27982E-02,  1.29252E-02,  1.29588E-02,  1.28992E-02,  1.27495E-02,  1.25159E-02,  1.22070E-02,  1.18333E-02,  1.14063E-02,  1.09377E-02,  1.04391E-02,  9.92118E-03,  9.39369E-03,  8.86493E-03,  8.34186E-03,  7.83007E-03,  7.33388E-03,  6.85648E-03,  6.40010E-03,  5.96615E-03,  5.55536E-03,  5.16796E-03,  4.80376E-03,  4.46226E-03,  4.14274E-03,  3.84433E-03,  3.56606E-03,  3.30690E-03,  3.06578E-03,  2.84164E-03,  2.63344E-03,  2.44014E-03,  2.26077E-03,  2.09437E-03,  1.94005E-03,  1.79696E-03,  1.66429E-03,  1.54130E-03,  1.42727E-03,  1.32155E-03,  1.22353E-03,  1.13263E-03,
  2.83144E-04,  3.44705E-04,  4.12139E-04,  4.85978E-04,  5.66796E-04,  6.55213E-04,  7.51894E-04,  8.57557E-04,  9.72967E-04,  1.09894E-03,  1.23634E-03,  1.38609E-03,  1.54915E-03,  1.72651E-03,  1.91923E-03,  2.12835E-03,  2.35497E-03,  2.60014E-03,  2.86492E-03,  3.15029E-03,  3.45715E-03,  3.78626E-03,  4.13818E-03,  4.51322E-03,  4.91135E-03,  5.33210E-03,  5.77447E-03,  6.23682E-03,  6.71674E-03,  7.21093E-03,  7.71514E-03,  8.22402E-03,  8.73119E-03,  9.22917E-03,  9.70956E-03,  1.01632E-02,  1.05806E-02,  1.09521E-02,  1.12686E-02,  1.15219E-02,  1.17054E-02,  1.18142E-02,  1.18460E-02,  1.18007E-02,  1.16805E-02,  1.14902E-02,  1.12362E-02,  1.09264E-02,  1.05695E-02,  1.01748E-02,  9.75141E-03,  9.30809E-03,  8.85281E-03,  8.39266E-03,  7.93373E-03,  7.48106E-03,  7.03874E-03,  6.60993E-03,  6.19698E-03,  5.80155E-03,  5.42469E-03,  5.06700E-03,  4.72866E-03,  4.40955E-03,  4.10932E-03,  3.82744E-03,  3.56325E-03,  3.31603E-03,  3.08496E-03,  2.86922E-03,  2.66798E-03,  2.48039E-03,  2.30564E-03,  2.14293E-03,  1.99150E-03,  1.85059E-03,  1.71952E-03,  1.59760E-03,  1.48423E-03,  1.37880E-03,  1.28075E-03,  1.18957E-03,
  3.59064E-04,  4.22402E-04,  4.91481E-04,  5.66791E-04,  6.48863E-04,  7.38261E-04,  8.35592E-04,  9.41501E-04,  1.05667E-03,  1.18183E-03,  1.31774E-03,  1.46519E-03,  1.62501E-03,  1.79806E-03,  1.98519E-03,  2.18728E-03,  2.40519E-03,  2.63977E-03,  2.89180E-03,  3.16200E-03,  3.45097E-03,  3.75916E-03,  4.08682E-03,  4.43394E-03,  4.80020E-03,  5.18486E-03,  5.58673E-03,  6.00402E-03,  6.43433E-03,  6.87452E-03,  7.32067E-03,  7.76805E-03,  8.21111E-03,  8.64353E-03,  9.05835E-03,  9.44813E-03,  9.80521E-03,  1.01220E-02,  1.03914E-02,  1.06071E-02,  1.07639E-02,  1.08582E-02,  1.08881E-02,  1.08535E-02,  1.07562E-02,  1.05996E-02,  1.03886E-02,  1.01292E-02,  9.82844E-03,  9.49341E-03,  9.13146E-03,  8.74970E-03,  8.35475E-03,  7.95262E-03,  7.54859E-03,  7.14718E-03,  6.75215E-03,  6.36652E-03,  5.99264E-03,  5.63229E-03,  5.28673E-03,  4.95675E-03,  4.64284E-03,  4.34513E-03,  4.06357E-03,  3.79789E-03,  3.54769E-03,  3.31248E-03,  3.09168E-03,  2.88466E-03,  2.69078E-03,  2.50935E-03,  2.33971E-03,  2.18120E-03,  2.03316E-03,  1.89495E-03,  1.76598E-03,  1.64565E-03,  1.53340E-03,  1.42872E-03,  1.33109E-03,  1.24004E-03,
  4.28844E-04,  4.93517E-04,  5.63771E-04,  6.40059E-04,  7.22863E-04,  8.12700E-04,  9.10114E-04,  1.01569E-03,  1.13002E-03,  1.25376E-03,  1.38756E-03,  1.53212E-03,  1.68813E-03,  1.85631E-03,  2.03737E-03,  2.23203E-03,  2.44095E-03,  2.66479E-03,  2.90411E-03,  3.15942E-03,  3.43106E-03,  3.71926E-03,  4.02404E-03,  4.34514E-03,  4.68204E-03,  5.03385E-03,  5.39924E-03,  5.77642E-03,  6.16306E-03,  6.55622E-03,  6.95237E-03,  7.34731E-03,  7.73627E-03,  8.11390E-03,  8.47440E-03,  8.81168E-03,  9.11957E-03,  9.39201E-03,  9.62337E-03,  9.80869E-03,  9.94399E-03,  1.00264E-02,  1.00545E-02,  1.00281E-02,  9.94850E-03,  9.81843E-03,  9.64164E-03,  9.42282E-03,  9.16735E-03,  8.88100E-03,  8.56965E-03,  8.23911E-03,  7.89490E-03,  7.54210E-03,  7.18528E-03,  6.82844E-03,  6.47499E-03,  6.12775E-03,  5.78901E-03,  5.46057E-03,  5.14376E-03,  4.83955E-03,  4.54859E-03,  4.27123E-03,  4.00760E-03,  3.75766E-03,  3.52121E-03,  3.29795E-03,  3.08749E-03,  2.88938E-03,  2.70312E-03,  2.52818E-03,  2.36402E-03,  2.21009E-03,  2.06586E-03,  1.93078E-03,  1.80433E-03,  1.68600E-03,  1.57530E-03,  1.47177E-03,  1.37495E-03,  1.28442E-03,
  4.92756E-04,  5.58363E-04,  6.29370E-04,  7.06192E-04,  7.89268E-04,  8.79063E-04,  9.76068E-04,  1.08080E-03,  1.19379E-03,  1.31559E-03,  1.44679E-03,  1.58797E-03,  1.73972E-03,  1.90263E-03,  2.07728E-03,  2.26424E-03,  2.46403E-03,  2.67712E-03,  2.90392E-03,  3.14473E-03,  3.39973E-03,  3.66895E-03,  3.95222E-03,  4.24915E-03,  4.55907E-03,  4.88099E-03,  5.21355E-03,  5.55500E-03,  5.90311E-03,  6.25520E-03,  6.60808E-03,  6.95809E-03,  7.30109E-03,  7.63257E-03,  7.94768E-03,  8.24140E-03,  8.50872E-03,  8.74476E-03,  8.94501E-03,  9.10556E-03,  9.22325E-03,  9.29583E-03,  9.32211E-03,  9.30199E-03,  9.23647E-03,  9.12760E-03,  8.97832E-03,  8.79232E-03,  8.57388E-03,  8.32760E-03,  8.05828E-03,  7.77068E-03,  7.46939E-03,  7.15875E-03,  6.84268E-03,  6.52469E-03,  6.20786E-03,  5.89479E-03,  5.58764E-03,  5.28816E-03,  4.99773E-03,  4.71740E-03,  4.44792E-03,  4.18978E-03,  3.94328E-03,  3.70851E-03,  3.48547E-03,  3.27398E-03,  3.07382E-03,  2.88468E-03,  2.70618E-03,  2.53794E-03,  2.37953E-03,  2.23050E-03,  2.09040E-03,  1.95879E-03,  1.83521E-03,  1.71924E-03,  1.61044E-03,  1.50841E-03,  1.41274E-03,  1.32305E-03,
  5.51080E-04,  6.17258E-04,  6.88640E-04,  7.65603E-04,  8.48544E-04,  9.37881E-04,  1.03405E-03,  1.13751E-03,  1.24872E-03,  1.36818E-03,  1.49636E-03,  1.63378E-03,  1.78092E-03,  1.93827E-03,  2.10628E-03,  2.28541E-03,  2.47604E-03,  2.67851E-03,  2.89307E-03,  3.11988E-03,  3.35898E-03,  3.61026E-03,  3.87342E-03,  4.14796E-03,  4.43312E-03,  4.72788E-03,  5.03088E-03,  5.34045E-03,  5.65450E-03,  5.97060E-03,  6.28592E-03,  6.59722E-03,  6.90096E-03,  7.19330E-03,  7.47018E-03,  7.72745E-03,  7.96099E-03,  8.16684E-03,  8.34139E-03,  8.48148E-03,  8.58458E-03,  8.64890E-03,  8.67350E-03,  8.65826E-03,  8.60396E-03,  8.51218E-03,  8.38527E-03,  8.22614E-03,  8.03821E-03,  7.82522E-03,  7.59106E-03,  7.33968E-03,  7.07493E-03,  6.80047E-03,  6.51969E-03,  6.23567E-03,  5.95115E-03,  5.66850E-03,  5.38974E-03,  5.11654E-03,  4.85027E-03,  4.59200E-03,  4.34254E-03,  4.10250E-03,  3.87225E-03,  3.65204E-03,  3.44195E-03,  3.24197E-03,  3.05196E-03,  2.87175E-03,  2.70108E-03,  2.53967E-03,  2.38717E-03,  2.24325E-03,  2.10754E-03,  1.97966E-03,  1.85925E-03,  1.74593E-03,  1.63932E-03,  1.53908E-03,  1.44485E-03,  1.35630E-03,
  6.04098E-04,  6.70525E-04,  7.41946E-04,  8.18703E-04,  9.01153E-04,  9.89670E-04,  1.08464E-03,  1.18646E-03,  1.29555E-03,  1.41231E-03,  1.53716E-03,  1.67053E-03,  1.81281E-03,  1.96440E-03,  2.12566E-03,  2.29692E-03,  2.47847E-03,  2.67052E-03,  2.87321E-03,  3.08659E-03,  3.31058E-03,  3.54497E-03,  3.78936E-03,  4.04320E-03,  4.30568E-03,  4.57577E-03,  4.85216E-03,  5.13325E-03,  5.41714E-03,  5.70163E-03,  5.98419E-03,  6.26200E-03,  6.53202E-03,  6.79095E-03,  7.03541E-03,  7.26193E-03,  7.46711E-03,  7.64771E-03,  7.80079E-03,  7.92380E-03,  8.01470E-03,  8.07204E-03,  8.09505E-03,  8.08362E-03,  8.03836E-03,  7.96053E-03,  7.85196E-03,  7.71502E-03,  7.55245E-03,  7.36730E-03,  7.16277E-03,  6.94213E-03,  6.70862E-03,  6.46535E-03,  6.21525E-03,  5.96100E-03,  5.70503E-03,  5.44950E-03,  5.19625E-03,  4.94688E-03,  4.70269E-03,  4.46476E-03,  4.23393E-03,  4.01084E-03,  3.79597E-03,  3.58963E-03,  3.39200E-03,  3.20317E-03,  3.02310E-03,  2.85171E-03,  2.68884E-03,  2.53429E-03,  2.38781E-03,  2.24914E-03,  2.11799E-03,  1.99406E-03,  1.87703E-03,  1.76659E-03,  1.66243E-03,  1.56423E-03,  1.47169E-03,  1.38452E-03,
  6.52096E-04,  7.18483E-04,  7.89646E-04,  8.65895E-04,  9.47548E-04,  1.03494E-03,  1.12840E-03,  1.22829E-03,  1.33495E-03,  1.44874E-03,  1.57002E-03,  1.69912E-03,  1.83638E-03,  1.98210E-03,  2.13656E-03,  2.30000E-03,  2.47262E-03,  2.65454E-03,  2.84579E-03,  3.04635E-03,  3.25604E-03,  3.47458E-03,  3.70152E-03,  3.93626E-03,  4.17798E-03,  4.42566E-03,  4.67807E-03,  4.93371E-03,  5.19084E-03,  5.44747E-03,  5.70138E-03,  5.95010E-03,  6.19099E-03,  6.42126E-03,  6.63804E-03,  6.83843E-03,  7.01961E-03,  7.17891E-03,  7.31392E-03,  7.42255E-03,  7.50315E-03,  7.55453E-03,  7.57605E-03,  7.56762E-03,  7.52972E-03,  7.46333E-03,  7.36995E-03,  7.25147E-03,  7.11014E-03,  6.94844E-03,  6.76902E-03,  6.57462E-03,  6.36796E-03,  6.15169E-03,  5.92833E-03,  5.70023E-03,  5.46954E-03,  5.23820E-03,  5.00789E-03,  4.78010E-03,  4.55608E-03,  4.33686E-03,  4.12330E-03,  3.91607E-03,  3.71568E-03,  3.52251E-03,  3.33680E-03,  3.15871E-03,  2.98830E-03,  2.82555E-03,  2.67038E-03,  2.52267E-03,  2.38225E-03,  2.24892E-03,  2.12245E-03,  2.00260E-03,  1.88912E-03,  1.78175E-03,  1.68022E-03,  1.58427E-03,  1.49364E-03,  1.40805E-03,
  6.95357E-04,  7.61450E-04,  8.32097E-04,  9.07574E-04,  9.88165E-04,  1.07416E-03,  1.16586E-03,  1.26357E-03,  1.36758E-03,  1.47820E-03,  1.59571E-03,  1.72040E-03,  1.85254E-03,  1.99235E-03,  2.14004E-03,  2.29579E-03,  2.45969E-03,  2.63181E-03,  2.81210E-03,  3.00047E-03,  3.19667E-03,  3.40039E-03,  3.61113E-03,  3.82826E-03,  4.05099E-03,  4.27834E-03,  4.50912E-03,  4.74197E-03,  4.97531E-03,  5.20734E-03,  5.43610E-03,  5.65944E-03,  5.87507E-03,  6.08061E-03,  6.27363E-03,  6.45168E-03,  6.61241E-03,  6.75362E-03,  6.87329E-03,  6.96972E-03,  7.04154E-03,  7.08779E-03,  7.10792E-03,  7.10187E-03,  7.06999E-03,  7.01309E-03,  6.93236E-03,  6.82937E-03,  6.70593E-03,  6.56410E-03,  6.40610E-03,  6.23420E-03,  6.05071E-03,  5.85789E-03,  5.65791E-03,  5.45284E-03,  5.24457E-03,  5.03483E-03,  4.82516E-03,  4.61693E-03,  4.41131E-03,  4.20929E-03,  4.01172E-03,  3.81926E-03,  3.63247E-03,  3.45174E-03,  3.27739E-03,  3.10961E-03,  2.94853E-03,  2.79419E-03,  2.64657E-03,  2.50562E-03,  2.37123E-03,  2.24325E-03,  2.12153E-03,  2.00586E-03,  1.89606E-03,  1.79190E-03,  1.69316E-03,  1.59962E-03,  1.51106E-03,  1.42724E-03,
